benchmark,proc,build,run,sim_ticks,sim_seconds,host_seconds
me_ready/AI-Nordics_bert-large-swedish-cased_start18_end22_4__forward__op4__me,ME,OK,TIMEOUT,-,-,1800
me_ready/Aleksandar_electra-srb-ner-setimes_start18_end22_4__forward__op4__me,ME,OK,TIMEOUT,-,-,1800
me_ready/face-parsing_start133_end138_21__forward__op4__me,ME,OK,TIMEOUT,-,-,1800
me_ready/face-parsing_start1995_end1999_61__forward__op4__me,ME,OK,TIMEOUT,-,-,1800
me_ready/face-parsing_start381_end386_41__forward__op4__me,ME,OK,TIMEOUT,-,-,1800
me_ready/face-parsing_start5_end10_1__forward__op4__me,ME,OK,TIMEOUT,-,-,1800
me_ready/me_matmul_00002_e9b965e9,ME,OK,PASS,7488831000,0.007489,129
me_ready/me_matmul_00006_5787ce6a,ME,OK,PASS,7281740500,0.007282,108
me_ready/me_matmul_00019_126f430c,ME,OK,PANIC,-,-,18
me_ready/me_matmul_00020_56d63a85,ME,OK,PASS,1778628500,0.001779,34
me_ready/me_matmul_00022_0ba3890c,ME,OK,PANIC,-,-,46
me_ready/me_matmul_00025_8f6c12cb,ME,OK,PANIC,-,-,28
me_ready/me_matmul_00029_5de3bdd6,ME,OK,PANIC,-,-,20
me_ready/me_matmul_00031_a1299a88,ME,OK,PANIC,-,-,16
me_ready/me_matmul_00033_bbd53831,ME,OK,PANIC,-,-,22
me_ready/me_matmul_00035_c51f7d7b,ME,OK,PANIC,-,-,62
me_ready/me_matmul_00036_d7ffd0cf,ME,OK,PASS,26042530500,0.026043,346
me_ready/me_matmul_00037_dd16e10c,ME,OK,PANIC,-,-,21
me_ready/me_matmul_00042_573d1e1e,ME,OK,RUN-FAIL,-,-,1750
me_ready/me_matmul_00045_b92ed9e1,ME,OK,PANIC,-,-,19
me_ready/me_matmul_00047_971615cc,ME,OK,PANIC,-,-,30
me_ready/me_matmul_00049_289dcd94,ME,OK,PANIC,-,-,43
me_ready/me_matmul_00053_e7dce803,ME,OK,PANIC,-,-,329
me_ready/me_matmul_00055_72575f07,ME,OK,PANIC,-,-,17
me_ready/me_matmul_00057_9ff7c1cd,ME,OK,PANIC,-,-,98
me_ready/me_matmul_00058_0464fc53,ME,OK,TIMEOUT,-,-,1800
me_ready/me_matmul_00059_8cd45d3c,ME,OK,PANIC,-,-,35
me_ready/me_matmul_00060_b1812265,ME,OK,PANIC,-,-,73
me_ready/me_matmul_00061_8939896e,ME,OK,PASS,1856192500,0.001856,46
me_ready/me_matmul_00063_308f0e53,ME,OK,PANIC,-,-,151
me_ready/me_matmul_00064_5b3de8f2,ME,OK,PASS,6222473000,0.006222,117
me_ready/me_matmul_00065_51fd997d,ME,OK,PANIC,-,-,19
me_ready/me_matmul_00068_057eaf50,ME,OK,PANIC,-,-,14
me_ready/me_matmul_00069_6f689b18,ME,OK,PANIC,-,-,16
me_ready/me_matmul_00071_3f7dc91a,ME,OK,PANIC,-,-,42
me_ready/me_matmul_00075_1c7d0e58,ME,OK,PANIC,-,-,29
me_ready/me_matmul_00079_35a7f0d6,ME,OK,PANIC,-,-,53
me_ready/me_matmul_00081_6d405dc9,ME,OK,PANIC,-,-,34
me_ready/me_matmul_00085_04f03263,ME,OK,PANIC,-,-,15
me_ready/me_matmul_00087_9e88fa77,ME,OK,PANIC,-,-,99
me_ready/me_matmul_00088_f5f035c4,ME,OK,PANIC,-,-,36
me_ready/me_matmul_00089_841fd14e,ME,OK,PASS,1298247000,0.001298,29
me_ready/me_matmul_00091_016db668,ME,OK,PANIC,-,-,30
me_ready/me_matmul_00093_acf7e921,ME,OK,PASS,458291500,0.000458,16
me_ready/me_matmul_00094_257e06cd,ME,OK,PANIC,-,-,344
me_ready/me_matmul_00095_5543d507,ME,OK,PASS,1123739500,0.001124,26
me_ready/me_matmul_00096_4b1a6654,ME,OK,PANIC,-,-,375
me_ready/me_matmul_00097_0afe041d,ME,OK,PANIC,-,-,121
me_ready/me_matmul_00098_faaf98b0,ME,OK,PANIC,-,-,19
me_ready/me_matmul_00099_0b7be3b6,ME,OK,PANIC,-,-,28
me_ready/me_matmul_00100_7281fb17,ME,OK,PANIC,-,-,14
me_ready/me_matmul_00101_86321d9c,ME,OK,PANIC,-,-,102
me_ready/me_matmul_00107_5c2fa82e,ME,OK,PASS,33421305000,0.033421,438
me_ready/me_matmul_00108_7e3d13ca,ME,OK,PANIC,-,-,198
me_ready/me_matmul_00110_0ccd646d,ME,OK,PANIC,-,-,17
me_ready/me_matmul_00111_c5f0eacd,ME,OK,PANIC,-,-,60
me_ready/me_matmul_00112_dcb05552,ME,OK,PANIC,-,-,100
me_ready/me_matmul_00114_460e2316,ME,OK,PANIC,-,-,352
me_ready/me_matmul_00115_6c7d91c8,ME,OK,PANIC,-,-,119
me_ready/me_matmul_00116_01f20f73,ME,OK,PANIC,-,-,17
me_ready/me_matmul_00117_49779698,ME,OK,PANIC,-,-,15
me_ready/me_matmul_00123_ae1b686a,ME,OK,PANIC,-,-,36
me_ready/me_matmul_00124_9fa90a20,ME,OK,PANIC,-,-,253
me_ready/me_matmul_00125_1d70f755,ME,OK,PANIC,-,-,19
me_ready/me_matmul_00126_4d800ae3,ME,OK,PASS,6321642000,0.006322,99
me_ready/me_matmul_00129_981dc1d0,ME,OK,PANIC,-,-,412
me_ready/me_matmul_00134_a43c02e0,ME,OK,PANIC,-,-,78
me_ready/me_matmul_00140_e279e439,ME,OK,PANIC,-,-,76
me_ready/me_matmul_00145_e34d2666,ME,OK,PANIC,-,-,67
me_ready/me_matmul_00146_9cff486b,ME,OK,PASS,7503003000,0.007503,110
me_ready/me_matmul_00149_40b5befa,ME,OK,PANIC,-,-,378
me_ready/me_matmul_00150_281081a2,ME,OK,PANIC,-,-,18
me_ready/me_matmul_00151_b3dbb35f,ME,OK,PANIC,-,-,42
me_ready/me_matmul_00152_f943dda5,ME,OK,PANIC,-,-,135
me_ready/me_matmul_00155_f8e56063,ME,OK,PANIC,-,-,212
me_ready/me_matmul_00156_7baa93c1,ME,OK,PANIC,-,-,55
me_ready/me_matmul_00158_11770185,ME,OK,PASS,2107332500,0.002107,38
me_ready/me_matmul_00163_60366419,ME,OK,PANIC,-,-,218
me_ready/me_matmul_00166_0408b92e,ME,OK,PANIC,-,-,14
me_ready/me_matmul_00168_1f8928de,ME,OK,PANIC,-,-,373
me_ready/me_matmul_00169_4b745b5c,ME,OK,PANIC,-,-,33
me_ready/me_matmul_00172_339cf451,ME,OK,PANIC,-,-,55
me_ready/me_matmul_00173_3f0052dc,ME,OK,PANIC,-,-,19
me_ready/me_matmul_00174_de08dc6a,ME,OK,PANIC,-,-,379
me_ready/me_matmul_00177_9361d40b,ME,OK,PANIC,-,-,71
me_ready/me_matmul_00179_e0bd4bd4,ME,OK,PANIC,-,-,27
me_ready/me_matmul_00180_c93412d7,ME,OK,PANIC,-,-,18
me_ready/me_matmul_00181_984c694a,ME,OK,PANIC,-,-,16
me_ready/me_matmul_00182_023535cc,ME,OK,PANIC,-,-,65
me_ready/me_matmul_00184_7215e35a,ME,OK,PANIC,-,-,52
me_ready/me_matmul_00185_38d9c6d8,ME,OK,PANIC,-,-,401
me_ready/me_matmul_00186_a834deee,ME,OK,PANIC,-,-,14
me_ready/me_matmul_00188_a181028c,ME,OK,PASS,25767859000,0.025768,305
me_ready/me_matmul_00189_7f456041,ME,OK,PANIC,-,-,36
me_ready/me_matmul_00190_0b08191d,ME,OK,PASS,11323845000,0.011324,170
me_ready/me_matmul_00192_b2ea71ee,ME,OK,PANIC,-,-,15
me_ready/me_matmul_00193_beeda5f5,ME,OK,PANIC,-,-,16
me_ready/me_matmul_00197_a92c5434,ME,OK,PANIC,-,-,18
me_ready/me_matmul_00198_1d7fd1c3,ME,OK,PASS,18843845000,0.018844,304
me_ready/me_matmul_00200_33826c78,ME,OK,PANIC,-,-,49
me_ready/me_matmul_00201_7c566b42,ME,OK,PANIC,-,-,31
me_ready/me_matmul_00203_5645fb8b,ME,OK,PASS,4731109500,0.004731,88
me_ready/me_matmul_00204_7be2586f,ME,OK,PANIC,-,-,56
me_ready/me_matmul_00206_4a9d912d,ME,OK,PANIC,-,-,13
me_ready/me_matmul_00209_aac17e52,ME,OK,PANIC,-,-,42
me_ready/me_matmul_00212_937a0e0b,ME,OK,PANIC,-,-,270
me_ready/me_matmul_00213_b89bb079,ME,OK,PANIC,-,-,37
me_ready/me_matmul_00219_d625c6c0,ME,OK,PANIC,-,-,15
me_ready/me_matmul_00220_b9e0592c,ME,OK,PANIC,-,-,15
me_ready/me_matmul_00221_796f27e2,ME,OK,PANIC,-,-,59
me_ready/me_matmul_00222_fc6dd9cc,ME,OK,PASS,9225646000,0.009226,149
me_ready/me_matmul_00224_8a3ac050,ME,OK,PASS,687591500,0.000688,20
me_ready/me_matmul_00225_3bb0fd04,ME,OK,PANIC,-,-,22
me_ready/me_matmul_00227_7a265ff5,ME,OK,PASS,12741048500,0.012741,177
me_ready/me_matmul_00228_3838f3ae,ME,OK,PANIC,-,-,16
me_ready/me_matmul_00229_1b5a73b4,ME,OK,PANIC,-,-,190
me_ready/me_matmul_00230_4f83aa8d,ME,OK,PANIC,-,-,17
me_ready/me_matmul_00231_68b05a93,ME,OK,PANIC,-,-,110
me_ready/me_matmul_00232_10998e9b,ME,OK,PANIC,-,-,48
me_ready/me_matmul_00234_51bef259,ME,OK,PANIC,-,-,236
me_ready/me_matmul_00235_9b275fe1,ME,OK,PANIC,-,-,15
me_ready/me_matmul_00237_8f5f0ba0,ME,OK,PANIC,-,-,21
me_ready/me_matmul_00240_7c2b9a02,ME,OK,PANIC,-,-,19
me_ready/me_matmul_00241_2078b995,ME,OK,PANIC,-,-,22
me_ready/me_matmul_00245_9ba90f42,ME,OK,PANIC,-,-,78
me_ready/me_matmul_00248_4db54c1e,ME,OK,PASS,4550057000,0.004550,72
me_ready/me_matmul_00249_637eb402,ME,OK,PANIC,-,-,59
me_ready/me_matmul_00250_00d27edf,ME,OK,PANIC,-,-,25
me_ready/me_matmul_00252_16f1f510,ME,OK,PANIC,-,-,203
me_ready/me_matmul_00253_efaeae3d,ME,OK,PANIC,-,-,63
me_ready/me_matmul_00254_51edfd24,ME,OK,PANIC,-,-,375
me_ready/me_matmul_00255_7704a555,ME,OK,PANIC,-,-,207
me_ready/me_matmul_00256_cb39be0d,ME,OK,PANIC,-,-,283
me_ready/me_matmul_00258_c525fd57,ME,OK,PASS,11688062500,0.011688,158
me_ready/me_matmul_00259_e65b8130,ME,OK,PANIC,-,-,199
me_ready/me_matmul_00260_3aed5351,ME,OK,PANIC,-,-,13
me_ready/me_matmul_00261_fcfd73bb,ME,OK,PASS,1840157500,0.001840,36
me_ready/me_matmul_00263_28cc0151,ME,OK,PANIC,-,-,86
me_ready/me_matmul_00264_636d7c4f,ME,OK,PANIC,-,-,68
me_ready/me_matmul_00266_8d502369,ME,OK,PANIC,-,-,35
me_ready/me_matmul_00269_6a6cfb0b,ME,OK,PANIC,-,-,41
me_ready/me_matmul_00270_6a00ee3d,ME,OK,PANIC,-,-,33
me_ready/me_matmul_00271_4b0f6918,ME,OK,PANIC,-,-,38
me_ready/me_matmul_00272_b7e79919,ME,OK,PASS,6893719500,0.006894,125
me_ready/me_matmul_00273_d246204d,ME,OK,PANIC,-,-,24
me_ready/me_matmul_00274_c9645e19,ME,OK,PANIC,-,-,33
me_ready/me_matmul_00275_cce6983c,ME,OK,PANIC,-,-,26
me_ready/me_matmul_00276_94629f7c,ME,OK,PASS,2538984000,0.002539,52
me_ready/me_matmul_00278_941d9f63,ME,OK,PANIC,-,-,68
me_ready/me_matmul_00279_06250db6,ME,OK,PANIC,-,-,14
me_ready/me_matmul_00281_98d4632c,ME,OK,PANIC,-,-,26
me_ready/me_matmul_00286_b28f9c0a,ME,OK,PASS,11445296500,0.011445,191
me_ready/me_matmul_00287_aacca17a,ME,OK,PASS,18417465500,0.018417,252
me_ready/me_matmul_00290_e0b64885,ME,OK,PANIC,-,-,43
me_ready/me_matmul_00291_0cb2b047,ME,OK,PANIC,-,-,25
me_ready/me_matmul_00292_09ff626f,ME,OK,PANIC,-,-,20
me_ready/me_matmul_00293_e1a27164,ME,OK,PANIC,-,-,37
me_ready/me_matmul_00294_9f51a76a,ME,OK,PANIC,-,-,59
me_ready/me_matmul_00297_3b53a195,ME,OK,PANIC,-,-,26
me_ready/me_matmul_00298_6f5b2880,ME,OK,PANIC,-,-,21
me_ready/me_matmul_00300_fd8eba70,ME,OK,PANIC,-,-,14
me_ready/me_matmul_00304_3b5f1df5,ME,OK,PANIC,-,-,55
me_ready/me_matmul_00308_8c434ad3,ME,OK,PANIC,-,-,242
me_ready/me_matmul_00313_6a64f1c6,ME,OK,PANIC,-,-,259
me_ready/me_matmul_00315_e1d5be1e,ME,OK,PANIC,-,-,426
me_ready/me_matmul_00318_9616a760,ME,OK,PANIC,-,-,47
me_ready/me_matmul_00319_369cba51,ME,OK,PANIC,-,-,42
me_ready/me_matmul_00320_04616624,ME,OK,PASS,7708519500,0.007709,129
me_ready/me_matmul_00322_0c182a4f,ME,OK,PANIC,-,-,35
me_ready/me_matmul_00323_b62c9c60,ME,OK,PANIC,-,-,58
me_ready/me_matmul_00325_322b27bb,ME,OK,PASS,1637225000,0.001637,34
me_ready/me_matmul_00328_87fb0042,ME,OK,PANIC,-,-,17
me_ready/me_matmul_00329_1305d2aa,ME,OK,PASS,1776706500,0.001777,40
me_ready/me_matmul_00330_859b34f1,ME,OK,PANIC,-,-,278
me_ready/me_matmul_00335_71687471,ME,OK,PANIC,-,-,344
me_ready/me_matmul_00336_4a326ed7,ME,OK,PASS,5873181500,0.005873,95
me_ready/me_matmul_00337_9bce1782,ME,OK,PANIC,-,-,14
me_ready/me_matmul_00338_1394f613,ME,OK,PANIC,-,-,16
me_ready/me_matmul_00340_a5778310,ME,OK,PANIC,-,-,25
me_ready/me_matmul_00341_3eb65a08,ME,OK,PANIC,-,-,35
me_ready/me_matmul_00342_73d3995e,ME,OK,PANIC,-,-,21
me_ready/me_matmul_00343_fd875f27,ME,OK,PANIC,-,-,39
me_ready/me_matmul_00344_f9f169c4,ME,OK,PANIC,-,-,21
me_ready/me_matmul_00350_50193005,ME,OK,PANIC,-,-,35
me_ready/me_matmul_00352_aa2c4ce1,ME,OK,PANIC,-,-,20
me_ready/me_matmul_00355_8233f0f0,ME,OK,PANIC,-,-,396
me_ready/me_matmul_00356_15260c37,ME,OK,PANIC,-,-,250
me_ready/me_matmul_00357_7ddd642e,ME,OK,PANIC,-,-,59
me_ready/me_matmul_00361_905cea35,ME,OK,TIMEOUT,-,-,1800
me_ready/me_matmul_00364_e5484fea,ME,OK,PANIC,-,-,20
me_ready/me_matmul_00365_796f81c6,ME,OK,PANIC,-,-,61
me_ready/me_matmul_00367_75f3b4ec,ME,OK,PASS,20968975500,0.020969,261
me_ready/me_matmul_00368_e6ad99d3,ME,OK,TIMEOUT,-,-,1800
me_ready/me_matmul_00369_3a77dba4,ME,OK,PANIC,-,-,14
me_ready/me_matmul_00371_f29541a0,ME,OK,PANIC,-,-,18
me_ready/me_matmul_00372_5d809139,ME,OK,PANIC,-,-,22
me_ready/me_matmul_00373_ef2a4a7f,ME,OK,PANIC,-,-,34
me_ready/me_matmul_00374_d7f31d6b,ME,OK,PANIC,-,-,15
me_ready/me_matmul_00375_fa8cc65d,ME,OK,PANIC,-,-,17
me_ready/me_matmul_00376_3f608a59,ME,OK,PANIC,-,-,153
me_ready/me_matmul_00386_fa8f0e3f,ME,OK,PASS,3644112500,0.003644,61
me_ready/me_matmul_00387_4ac7395d,ME,OK,PANIC,-,-,37
me_ready/me_matmul_00388_02f9c38a,ME,OK,PASS,3795503000,0.003796,63
me_ready/me_matmul_00394_1bcc84fc,ME,OK,PASS,2863940000,0.002864,51
me_ready/me_matmul_00395_68c162ba,ME,OK,RUN-FAIL,-,-,1418
me_ready/me_matmul_00396_abc66ed8,ME,OK,PANIC,-,-,361
me_ready/me_matmul_00397_188748bd,ME,OK,PANIC,-,-,165
me_ready/me_matmul_00398_e36441bd,ME,OK,PANIC,-,-,80
me_ready/me_matmul_00399_ec6ddffb,ME,OK,PANIC,-,-,182
me_ready/me_matmul_00400_0cdad7dc,ME,OK,PANIC,-,-,81
me_ready/me_matmul_00401_770c06e6,ME,OK,PANIC,-,-,19
me_ready/me_matmul_00402_f0325c0b,ME,OK,PANIC,-,-,364
me_ready/me_matmul_00403_cd873771,ME,OK,PANIC,-,-,50
me_ready/me_matmul_00406_611bba2c,ME,OK,PANIC,-,-,39
me_ready/me_matmul_00407_a1c7bc11,ME,OK,PANIC,-,-,408
me_ready/me_matmul_00408_c62f45e6,ME,OK,PANIC,-,-,18
me_ready/me_matmul_00409_90884f32,ME,OK,PANIC,-,-,23
me_ready/me_matmul_00411_0fe4806f,ME,OK,PANIC,-,-,630
me_ready/me_matmul_00412_1eacc7db,ME,OK,PANIC,-,-,19
me_ready/me_matmul_00415_d095a495,ME,OK,PASS,5535727500,0.005536,85
me_ready/me_matmul_00417_b2550b7c,ME,OK,PASS,27967291000,0.027967,390
me_ready/me_matmul_00421_9f203e3b,ME,OK,PANIC,-,-,62
me_ready/me_matmul_00422_c88d5a5b,ME,OK,PASS,1091342000,0.001091,26
me_ready/me_matmul_00424_3f43e479,ME,OK,PASS,11066186500,0.011066,164
me_ready/me_matmul_00426_0ceb82fc,ME,OK,PANIC,-,-,171
me_ready/me_matmul_00427_72cb4486,ME,OK,PANIC,-,-,391
me_ready/me_matmul_00428_dc9a6ec8,ME,OK,PANIC,-,-,93
me_ready/me_matmul_00432_c4c2def1,ME,OK,PANIC,-,-,17
me_ready/me_matmul_00433_d7fe0389,ME,OK,PANIC,-,-,37
me_ready/me_matmul_00436_c0efd064,ME,OK,PANIC,-,-,17
me_ready/me_matmul_00438_4b9f42bc,ME,OK,PASS,18446744073709551616,18446744.073710,17
me_ready/me_matmul_00439_609ddcf0,ME,OK,PANIC,-,-,63
me_ready/me_matmul_00440_aa9a4ad6,ME,OK,PANIC,-,-,19
me_ready/me_matmul_00441_d3eb69c0,ME,OK,PANIC,-,-,117
me_ready/me_matmul_00442_4362b82e,ME,OK,PANIC,-,-,32
me_ready/me_matmul_00444_012a7730,ME,OK,PANIC,-,-,72
me_ready/me_matmul_00445_7f04eab6,ME,OK,PASS,34206909500,0.034207,436
me_ready/me_matmul_00447_ae838662,ME,OK,TIMEOUT,-,-,1800
me_ready/me_matmul_00449_136608cd,ME,OK,PASS,7098956000,0.007099,124
me_ready/me_matmul_00451_6b93036d,ME,OK,PANIC,-,-,56
me_ready/me_matmul_00454_a5ec0e69,ME,OK,PANIC,-,-,245
me_ready/me_matmul_00455_4e9bb759,ME,OK,PASS,12683164000,0.012683,212
me_ready/me_matmul_00456_3aeba09f,ME,OK,PANIC,-,-,136
me_ready/me_matmul_00457_4717d9f3,ME,OK,PANIC,-,-,50
me_ready/me_matmul_00458_e864bbb2,ME,OK,PANIC,-,-,77
me_ready/me_matmul_00462_34100e85,ME,OK,PANIC,-,-,30
me_ready/me_matmul_00466_f49bc271,ME,OK,RUN-FAIL,-,-,1065
me_ready/me_matmul_00469_00aef86d,ME,OK,PANIC,-,-,192
me_ready/me_matmul_00470_0d77fe9b,ME,OK,PANIC,-,-,16
me_ready/me_matmul_00472_0e928116,ME,OK,PANIC,-,-,40
me_ready/me_matmul_00473_bd88e37c,ME,OK,PANIC,-,-,14
me_ready/me_matmul_00476_9e0e998e,ME,OK,PASS,1679819000,0.001680,33
me_ready/me_matmul_00477_887593a1,ME,OK,PANIC,-,-,14
me_ready/me_matmul_00478_b904c51c,ME,OK,PANIC,-,-,35
me_ready/me_matmul_00480_fdb7572e,ME,OK,PANIC,-,-,20
me_ready/me_matmul_00482_0f72711e,ME,OK,PANIC,-,-,87
me_ready/me_matmul_00485_5569e29e,ME,OK,PASS,4208305000,0.004208,70
me_ready/me_matmul_00487_e5783278,ME,OK,PANIC,-,-,21
me_ready/me_matmul_00489_3b039d11,ME,OK,PANIC,-,-,17
me_ready/me_matmul_00490_b29be382,ME,OK,PANIC,-,-,310
me_ready/me_matmul_00491_3adec744,ME,OK,PANIC,-,-,31
me_ready/me_matmul_00492_a6198756,ME,OK,PANIC,-,-,573
me_ready/me_matmul_00493_f3410700,ME,OK,PANIC,-,-,29
me_ready/me_matmul_00494_672401e2,ME,OK,PANIC,-,-,136
me_ready/me_matmul_00495_de00c59d,ME,OK,PANIC,-,-,127
me_ready/me_matmul_00496_1a584b09,ME,OK,PANIC,-,-,128
me_ready/me_matmul_00497_0c846e61,ME,OK,PANIC,-,-,55
me_ready/me_matmul_00505_e9157243,ME,OK,PASS,1702914000,0.001703,38
me_ready/me_matmul_00506_ef47466d,ME,OK,PANIC,-,-,254
me_ready/me_matmul_00509_2d77972c,ME,OK,PASS,8226210000,0.008226,117
me_ready/me_matmul_00510_aee5f5f8,ME,OK,PANIC,-,-,347
me_ready/me_matmul_00512_36abc5dc,ME,OK,PANIC,-,-,121
me_ready/me_matmul_00515_5b50df8b,ME,OK,RUN-FAIL,-,-,1362
me_ready/me_matmul_00516_92fd9774,ME,OK,PANIC,-,-,290
me_ready/me_matmul_00517_0f4d0545,ME,OK,PANIC,-,-,15
me_ready/me_matmul_00519_5edc0fbc,ME,OK,PANIC,-,-,45
me_ready/me_matmul_00520_defa2513,ME,OK,PANIC,-,-,17
me_ready/me_matmul_00521_716a8d88,ME,OK,PANIC,-,-,41
me_ready/me_matmul_00523_9c571bd3,ME,OK,PANIC,-,-,19
me_ready/me_matmul_00526_2719301a,ME,OK,PANIC,-,-,193
me_ready/me_matmul_00528_47090f0c,ME,OK,PANIC,-,-,61
me_ready/me_matmul_00530_dbee655a,ME,OK,PANIC,-,-,19
me_ready/me_matmul_00531_6ea9cb09,ME,OK,PANIC,-,-,312
me_ready/me_matmul_00532_c253de95,ME,OK,PANIC,-,-,15
me_ready/me_matmul_00533_1d18aa36,ME,OK,PANIC,-,-,538
me_ready/me_matmul_00534_bd9165b8,ME,OK,PANIC,-,-,409
me_ready/me_matmul_00536_5173b65d,ME,OK,PANIC,-,-,19
me_ready/me_matmul_00539_323bb7e9,ME,OK,PANIC,-,-,19
me_ready/me_matmul_00540_ef23bb61,ME,OK,PANIC,-,-,18
me_ready/me_matmul_00542_7388adaf,ME,OK,PANIC,-,-,28
me_ready/me_matmul_00543_d9074a07,ME,OK,PANIC,-,-,637
me_ready/me_matmul_00544_7aec171e,ME,OK,PANIC,-,-,188
me_ready/me_matmul_00545_5a53da7c,ME,OK,PANIC,-,-,60
me_ready/me_matmul_00547_241c857e,ME,OK,PANIC,-,-,634
me_ready/me_matmul_00548_1364d316,ME,OK,PANIC,-,-,16
me_ready/me_matmul_00550_e0014200,ME,OK,PASS,2556420500,0.002556,45
me_ready/me_matmul_00551_8f3659af,ME,OK,PANIC,-,-,30
me_ready/me_matmul_00552_46dcfcf3,ME,OK,PASS,2021542000,0.002022,41
me_ready/me_matmul_00553_be30fb1a,ME,OK,PANIC,-,-,50
me_ready/me_matmul_00555_672691ee,ME,OK,PASS,2135600000,0.002136,39
me_ready/me_matmul_00556_d47e85f5,ME,OK,PANIC,-,-,24
me_ready/me_matmul_00557_b71257ba,ME,OK,PANIC,-,-,409
me_ready/me_matmul_00561_c1cdcb54,ME,OK,PANIC,-,-,33
me_ready/me_matmul_00563_18b07911,ME,OK,PASS,1630969000,0.001631,34
me_ready/me_matmul_00564_442d1f97,ME,OK,PANIC,-,-,17
me_ready/me_matmul_00568_6e9dcbda,ME,OK,PANIC,-,-,31
me_ready/me_matmul_00572_27424fcc,ME,OK,PASS,845285000,0.000845,22
me_ready/me_matmul_00574_75b9916b,ME,OK,PASS,35979219500,0.035979,433
me_ready/me_matmul_00576_2e836840,ME,OK,PANIC,-,-,248
me_ready/me_matmul_00579_500bf205,ME,OK,PANIC,-,-,35
me_ready/me_matmul_00583_adba248e,ME,OK,PANIC,-,-,35
me_ready/me_matmul_00584_916a5432,ME,OK,PANIC,-,-,796
me_ready/me_matmul_00585_158b8c43,ME,OK,PANIC,-,-,74
me_ready/me_matmul_00590_2b4622c9,ME,OK,PANIC,-,-,81
me_ready/me_matmul_00591_348fe375,ME,OK,PANIC,-,-,392
me_ready/me_matmul_00593_ae1283ae,ME,OK,PANIC,-,-,17
me_ready/me_matmul_00594_1e32fc5b,ME,OK,PANIC,-,-,17
me_ready/me_matmul_00596_9a363501,ME,OK,PANIC,-,-,133
me_ready/me_matmul_00598_59a02f33,ME,OK,PANIC,-,-,57
me_ready/me_matmul_00600_b57dc489,ME,OK,PANIC,-,-,35
me_ready/me_matmul_00603_ed5e3db1,ME,OK,PANIC,-,-,17
me_ready/me_matmul_00604_4e814825,ME,OK,PANIC,-,-,87
me_ready/me_matmul_00606_f6a9ed11,ME,OK,PASS,913862500,0.000914,24
me_ready/me_matmul_00607_d55b0d40,ME,OK,PANIC,-,-,284
me_ready/me_matmul_00609_d3aa327f,ME,OK,PANIC,-,-,35
me_ready/me_matmul_00611_6c821a21,ME,OK,PANIC,-,-,386
me_ready/me_matmul_00614_453b8fe2,ME,OK,PANIC,-,-,453
me_ready/me_matmul_00616_1ffe5585,ME,OK,PASS,18261166000,0.018261,256
me_ready/me_matmul_00619_07476e19,ME,OK,PANIC,-,-,205
me_ready/me_matmul_00620_392ac385,ME,OK,PASS,19244610000,0.019245,284
me_ready/me_matmul_00622_431f1d13,ME,OK,PASS,1076488000,0.001076,25
me_ready/me_matmul_00623_c2d568f1,ME,OK,PANIC,-,-,23
me_ready/me_matmul_00626_0170ef79,ME,OK,PANIC,-,-,354
me_ready/me_matmul_00631_1d514f1f,ME,OK,PANIC,-,-,36
me_ready/me_matmul_00633_c8fd524d,ME,OK,PANIC,-,-,13
me_ready/me_matmul_00634_2878dd47,ME,OK,PANIC,-,-,14
me_ready/me_matmul_00636_42aa351e,ME,OK,PANIC,-,-,16
me_ready/me_matmul_00639_7adad271,ME,OK,PANIC,-,-,287
me_ready/me_matmul_00640_b0c23470,ME,OK,PANIC,-,-,22
me_ready/me_matmul_00641_f75ee0e4,ME,OK,PANIC,-,-,37
me_ready/me_matmul_00642_ccf38897,ME,OK,PANIC,-,-,17
me_ready/me_matmul_00643_662dad99,ME,OK,PANIC,-,-,94
me_ready/me_matmul_00647_6de4cbfe,ME,OK,PANIC,-,-,34
me_ready/me_matmul_00651_f343e50b,ME,OK,PANIC,-,-,53
me_ready/me_matmul_00652_6287f96e,ME,OK,PANIC,-,-,16
me_ready/me_matmul_00654_5c2c6fe1,ME,OK,PANIC,-,-,37
me_ready/me_matmul_00656_5209a045,ME,OK,PANIC,-,-,16
me_ready/me_matmul_00658_1c6a7c00,ME,OK,PANIC,-,-,301
me_ready/me_matmul_00661_4f1a603f,ME,OK,PASS,16707265000,0.016707,227
me_ready/me_matmul_00662_0e2ba7a5,ME,OK,PANIC,-,-,14
me_ready/me_matmul_00664_752e5f6a,ME,OK,PANIC,-,-,261
me_ready/me_matmul_00667_038fe716,ME,OK,PANIC,-,-,36
me_ready/me_matmul_00670_d5ae7100,ME,OK,PANIC,-,-,412
me_ready/me_matmul_00675_2dbc6c41,ME,OK,PASS,7614008500,0.007614,112
me_ready/me_matmul_00677_dba95017,ME,OK,PASS,5615277500,0.005615,88
me_ready/me_matmul_00682_a7b44c3d,ME,OK,PANIC,-,-,290
me_ready/me_matmul_00683_fe0f211f,ME,OK,PASS,33544916000,0.033545,445
me_ready/me_matmul_00685_67e6c9bb,ME,OK,PANIC,-,-,20
me_ready/me_matmul_00686_3b63429c,ME,OK,PANIC,-,-,41
me_ready/me_matmul_00694_94ffe77f,ME,OK,PASS,1280436000,0.001280,31
me_ready/me_matmul_00695_b322505e,ME,OK,PANIC,-,-,216
me_ready/me_matmul_00696_200f9db0,ME,OK,PANIC,-,-,15
me_ready/me_matmul_00702_7723c344,ME,OK,PANIC,-,-,35
me_ready/me_matmul_00706_290af4bd,ME,OK,PASS,607211000,0.000607,20
me_ready/me_matmul_00709_474504b5,ME,OK,PANIC,-,-,15
me_ready/me_matmul_00710_5c9f7f22,ME,OK,PANIC,-,-,16
me_ready/me_matmul_00714_bac7fb3f,ME,OK,PANIC,-,-,378
me_ready/me_matmul_00715_d7397323,ME,OK,PANIC,-,-,249
me_ready/me_matmul_00716_0d6c6955,ME,OK,PASS,1214989500,0.001215,29
me_ready/me_matmul_00721_f9042277,ME,OK,PASS,795892000,0.000796,22
me_ready/me_matmul_00725_3c095be3,ME,OK,PANIC,-,-,91
me_ready/me_matmul_00726_3085424d,ME,OK,PANIC,-,-,19
me_ready/me_matmul_00727_ac9eaa4b,ME,OK,PANIC,-,-,308
me_ready/me_matmul_00729_9a439048,ME,OK,PANIC,-,-,184
me_ready/me_matmul_00731_9e9a1016,ME,OK,PANIC,-,-,15
me_ready/me_matmul_00733_97f4502b,ME,OK,PANIC,-,-,315
me_ready/me_matmul_00734_7c9595b2,ME,OK,PANIC,-,-,97
me_ready/me_matmul_00736_f553e898,ME,OK,PANIC,-,-,27
me_ready/me_matmul_00737_337f6fdd,ME,OK,PANIC,-,-,245
me_ready/me_matmul_00739_3097a185,ME,OK,PANIC,-,-,29
me_ready/me_matmul_00740_7f54d650,ME,OK,PANIC,-,-,20
me_ready/me_matmul_00748_b8e6eca4,ME,OK,PANIC,-,-,18
me_ready/me_matmul_00754_217534ba,ME,OK,PANIC,-,-,211
me_ready/me_matmul_00760_46a79322,ME,OK,PANIC,-,-,33
me_ready/me_matmul_00761_ac6a52b2,ME,OK,PANIC,-,-,20
me_ready/me_matmul_00762_266f53b0,ME,OK,PANIC,-,-,56
me_ready/me_matmul_00765_917dc2d8,ME,OK,PANIC,-,-,14
me_ready/me_matmul_00766_4d66e1f5,ME,OK,PANIC,-,-,17
me_ready/me_matmul_00768_19f63509,ME,OK,PANIC,-,-,103
me_ready/me_matmul_00775_c5ebe28d,ME,OK,PANIC,-,-,107
me_ready/me_matmul_00776_a1f52311,ME,OK,PASS,4947774000,0.004948,90
me_ready/me_matmul_00780_0a77c9af,ME,OK,PANIC,-,-,16
me_ready/me_matmul_00781_0b806591,ME,OK,PASS,3593267500,0.003593,64
me_ready/me_matmul_00782_286fbd93,ME,OK,PASS,2771567500,0.002772,50
me_ready/me_matmul_00783_81d26409,ME,OK,PASS,2417243500,0.002417,42
me_ready/me_matmul_00785_e0b1bc4d,ME,OK,PANIC,-,-,51
me_ready/me_matmul_00786_af8c37f9,ME,OK,PANIC,-,-,28
me_ready/me_matmul_00789_7fe65828,ME,OK,PASS,10004402000,0.010004,156
me_ready/me_matmul_00790_43f75c04,ME,OK,PANIC,-,-,58
me_ready/me_matmul_00791_6fd20803,ME,OK,PANIC,-,-,16
me_ready/me_matmul_00792_58e948bd,ME,OK,PANIC,-,-,145
me_ready/me_matmul_00795_9b2671bf,ME,OK,PANIC,-,-,81
me_ready/me_matmul_00796_f8060a00,ME,OK,PANIC,-,-,42
me_ready/me_matmul_00797_e410c4aa,ME,OK,PANIC,-,-,379
me_ready/me_matmul_00800_6d1ba39b,ME,OK,PANIC,-,-,398
me_ready/me_matmul_00802_c695c2b2,ME,OK,PANIC,-,-,54
me_ready/me_matmul_00803_6207fb4a,ME,OK,PANIC,-,-,59
me_ready/me_matmul_00808_50370030,ME,OK,PANIC,-,-,14
me_ready/me_matmul_00809_d1b74ccc,ME,OK,PANIC,-,-,149
me_ready/me_matmul_00810_23e81673,ME,OK,PANIC,-,-,26
me_ready/me_matmul_00811_47483feb,ME,OK,PANIC,-,-,563
me_ready/me_matmul_00815_b902ea5a,ME,OK,PANIC,-,-,27
me_ready/me_matmul_00817_f45de1a6,ME,OK,PANIC,-,-,14
me_ready/me_matmul_00819_ca96b3b7,ME,OK,PANIC,-,-,36
me_ready/me_matmul_00822_eec35694,ME,OK,PANIC,-,-,19
me_ready/me_matmul_00824_c4c2148c,ME,OK,PASS,1985628500,0.001986,38
me_ready/me_matmul_00826_e7787433,ME,OK,PANIC,-,-,367
me_ready/me_matmul_00827_52bf3ae5,ME,OK,PASS,9299743000,0.009300,149
me_ready/me_matmul_00830_63c7f229,ME,OK,PANIC,-,-,359
me_ready/me_matmul_00831_662c785a,ME,OK,PANIC,-,-,402
me_ready/me_matmul_00832_27531b0c,ME,OK,PANIC,-,-,51
me_ready/me_matmul_00834_f2f762b9,ME,OK,PASS,1300811500,0.001301,31
me_ready/me_matmul_00835_25c44b5b,ME,OK,PANIC,-,-,38
me_ready/me_matmul_00837_ffe04f16,ME,OK,PANIC,-,-,23
me_ready/me_matmul_00840_7bc7b448,ME,OK,PANIC,-,-,30
me_ready/me_matmul_00842_c24d4b29,ME,OK,PANIC,-,-,64
me_ready/me_matmul_00843_bc15b81d,ME,OK,PANIC,-,-,15
me_ready/me_matmul_00844_fe98a88f,ME,OK,PANIC,-,-,14
me_ready/me_matmul_00845_eb15538b,ME,OK,PANIC,-,-,32
me_ready/me_matmul_00846_fa9be52c,ME,OK,PANIC,-,-,41
me_ready/me_matmul_00847_fdeae6a3,ME,OK,PASS,1954323500,0.001954,43
me_ready/me_matmul_00849_fbbdcfd0,ME,OK,PANIC,-,-,67
me_ready/me_matmul_00850_26244941,ME,OK,PASS,18446744073709551616,18446744.073710,16
me_ready/me_matmul_00851_140d2455,ME,OK,PANIC,-,-,16
me_ready/me_matmul_00855_521828ed,ME,OK,PANIC,-,-,24
me_ready/me_matmul_00860_355f1d1c,ME,OK,PANIC,-,-,98
me_ready/me_matmul_00861_c863d086,ME,OK,PANIC,-,-,38
me_ready/me_matmul_00862_d93a6069,ME,OK,PANIC,-,-,103
me_ready/me_matmul_00864_b6106732,ME,OK,PASS,1687596000,0.001688,33
me_ready/me_matmul_00865_9093baf3,ME,OK,PANIC,-,-,28
me_ready/me_matmul_00866_42d004da,ME,OK,PANIC,-,-,31
me_ready/me_matmul_00870_1346daed,ME,OK,PANIC,-,-,492
me_ready/me_matmul_00874_ef2e51f8,ME,OK,PANIC,-,-,31
me_ready/me_matmul_00875_6f2b5c3e,ME,OK,PASS,26422122000,0.026422,358
me_ready/me_matmul_00877_8f73e33d,ME,OK,PASS,432708000,0.000433,16
me_ready/me_matmul_00878_74d264d4,ME,OK,PANIC,-,-,389
me_ready/me_matmul_00880_0948c491,ME,OK,PASS,719685500,0.000720,21
me_ready/me_matmul_00881_e7fe15c6,ME,OK,PANIC,-,-,560
me_ready/me_matmul_00883_d1e172bc,ME,OK,PANIC,-,-,39
me_ready/me_matmul_00884_152fce1c,ME,OK,PANIC,-,-,278
me_ready/me_matmul_00886_72aba282,ME,OK,PANIC,-,-,68
me_ready/me_matmul_00888_3a05baab,ME,OK,PASS,4180346500,0.004180,66
me_ready/me_matmul_00891_5fe03ce2,ME,OK,PANIC,-,-,178
me_ready/me_matmul_00893_83130cd7,ME,OK,PANIC,-,-,321
me_ready/me_matmul_00895_c5506e2d,ME,OK,PANIC,-,-,45
me_ready/me_matmul_00896_9af3a155,ME,OK,PASS,47331270500,0.047331,600
me_ready/me_matmul_00897_d92f8146,ME,OK,PANIC,-,-,19
me_ready/me_matmul_00900_64c60836,ME,OK,PANIC,-,-,16
me_ready/me_matmul_00903_2187a2cd,ME,OK,PANIC,-,-,360
me_ready/me_matmul_00905_e4a9a717,ME,OK,PANIC,-,-,391
me_ready/me_matmul_00907_c628b874,ME,OK,PANIC,-,-,29
me_ready/me_matmul_00910_52cb1b7e,ME,OK,PANIC,-,-,348
me_ready/me_matmul_00912_32dd9b4e,ME,OK,PANIC,-,-,55
me_ready/me_matmul_00913_2a8e86d0,ME,OK,PANIC,-,-,191
me_ready/me_matmul_00914_b1f529dc,ME,OK,PASS,1844704000,0.001845,37
me_ready/me_matmul_00915_9ff135b2,ME,OK,PANIC,-,-,15
me_ready/me_matmul_00916_66b3b373,ME,OK,PANIC,-,-,335
me_ready/me_matmul_00918_09e9eb2b,ME,OK,PASS,18446744073709551616,18446744.073710,15
me_ready/me_matmul_00919_ce40d24d,ME,OK,PANIC,-,-,46
me_ready/me_matmul_00921_bb62f387,ME,OK,PANIC,-,-,13
me_ready/me_matmul_00922_fc57702b,ME,OK,PANIC,-,-,214
me_ready/me_matmul_00923_4f5bfcc1,ME,OK,PANIC,-,-,13
me_ready/me_matmul_00926_0f1d3879,ME,OK,PANIC,-,-,154
me_ready/me_matmul_00927_442cb82e,ME,OK,PASS,2353578500,0.002354,43
me_ready/me_matmul_00929_7362f22c,ME,OK,PANIC,-,-,15
me_ready/me_matmul_00930_50bc6974,ME,OK,RUN-FAIL,-,-,943
me_ready/me_matmul_00932_2c4be78e,ME,OK,PANIC,-,-,55
me_ready/me_matmul_00933_83a38881,ME,OK,PANIC,-,-,237
me_ready/me_matmul_00934_e53b95d7,ME,OK,PANIC,-,-,237
me_ready/me_matmul_00936_c8cf4a03,ME,OK,PANIC,-,-,60
me_ready/me_matmul_00939_61577065,ME,OK,PANIC,-,-,15
me_ready/me_matmul_00941_eeb75037,ME,OK,PANIC,-,-,16
me_ready/me_matmul_00942_4cd859b8,ME,OK,PASS,1942018000,0.001942,40
me_ready/me_matmul_00946_140fa81e,ME,OK,PANIC,-,-,18
me_ready/me_matmul_00947_a0f8bfd0,ME,OK,PANIC,-,-,394
me_ready/me_matmul_00948_d9e97bc5,ME,OK,PANIC,-,-,14
me_ready/me_matmul_00949_f7934826,ME,OK,PANIC,-,-,198
me_ready/me_matmul_00950_a488b49b,ME,OK,PASS,6335911500,0.006336,98
me_ready/me_matmul_00951_80f3dc4e,ME,OK,PASS,32586006000,0.032586,409
me_ready/me_matmul_00953_35d7e9e1,ME,OK,PANIC,-,-,18
me_ready/me_matmul_00957_7bc03ad9,ME,OK,PANIC,-,-,15
me_ready/me_matmul_00958_385117ee,ME,OK,PANIC,-,-,24
me_ready/me_matmul_00960_4f748883,ME,OK,PANIC,-,-,339
me_ready/me_matmul_00961_1b0062cb,ME,OK,PANIC,-,-,31
me_ready/me_matmul_00963_a7ac3c8e,ME,OK,PANIC,-,-,122
me_ready/me_matmul_00964_df7acbdb,ME,OK,PASS,8595045500,0.008595,125
me_ready/me_matmul_00966_59937072,ME,OK,TIMEOUT,-,-,1800
me_ready/me_matmul_00967_ba84d6e8,ME,OK,PANIC,-,-,122
me_ready/me_matmul_00968_0c84ba1c,ME,OK,PANIC,-,-,254
me_ready/me_matmul_00969_40e1fefd,ME,OK,RUN-FAIL,-,-,1092
me_ready/me_matmul_00970_3af00d5f,ME,OK,PASS,1816673000,0.001817,36
me_ready/me_matmul_00971_6a4282e3,ME,OK,PANIC,-,-,245
me_ready/me_matmul_00972_1ea71d52,ME,OK,PANIC,-,-,34
me_ready/me_matmul_00977_a7d9be1a,ME,OK,PANIC,-,-,351
me_ready/me_matmul_00979_9792fcb6,ME,OK,PANIC,-,-,25
me_ready/me_matmul_00981_ca908671,ME,OK,PANIC,-,-,62
me_ready/me_matmul_00985_372deca8,ME,OK,PANIC,-,-,1024
me_ready/me_matmul_00986_76fb5e13,ME,OK,PASS,22096572000,0.022097,365
me_ready/me_matmul_00987_aaa3e710,ME,OK,PANIC,-,-,418
me_ready/me_matmul_00989_f88349db,ME,OK,PANIC,-,-,21
me_ready/me_matmul_00993_896b728d,ME,OK,PANIC,-,-,287
me_ready/me_matmul_00994_7e849d12,ME,OK,PANIC,-,-,24
me_ready/me_matmul_00995_d6f6d2de,ME,OK,PASS,36120074000,0.036120,394
me_ready/me_matmul_00996_a36c4a0d,ME,OK,PANIC,-,-,34
me_ready/me_matmul_00998_7f1a19a6,ME,OK,PANIC,-,-,15
me_ready/nvidia_mit-b0_start181_end186_33__forward__op4__me,ME,OK,TIMEOUT,-,-,1800
me_ready/nvidia_mit-b0_start275_end279_53__forward__op4__me,ME,OK,TIMEOUT,-,-,1800
me_ready/nvidia_mit-b0_start5_end10_1__forward__op4__me,ME,OK,TIMEOUT,-,-,1800
me_ready/nvidia_mit-b0_start93_end98_19__forward__op4__me,ME,OK,TIMEOUT,-,-,1800
scalar_ready/AI-Nordics_bert-large-swedish-cased_start18_end22_4__forward__op0__scalar,SC,OK,PASS,58089614000,0.058090,673
scalar_ready/AI-Nordics_bert-large-swedish-cased_start18_end22_4__forward__op1__scalar,SC,OK,PASS,13336272000,0.013336,181
scalar_ready/AI-Nordics_bert-large-swedish-cased_start18_end22_4__forward__op2__scalar,SC,OK,PASS,26893302500,0.026893,349
scalar_ready/AI-Nordics_bert-large-swedish-cased_start18_end22_4__forward__op4__scalar,SC,OK,TIMEOUT,-,-,1800
scalar_ready/AI-Nordics_bert-large-swedish-cased_start18_end22_4__forward__op5__scalar,SC,OK,PASS,15474900500,0.015475,196
scalar_ready/AI-Nordics_bert-large-swedish-cased_start18_end22_4__forward__op6__scalar,SC,OK,PASS,13988884000,0.013989,191
scalar_ready/AI-Nordics_bert-large-swedish-cased_start18_end22_4__forward__op7__scalar,SC,OK,PASS,15858558500,0.015859,276
scalar_ready/AI-Nordics_bert-large-swedish-cased_start1_end5_0__forward__op0__scalar,SC,OK,PASS,247587500,0.000248,13
scalar_ready/AI-Nordics_bert-large-swedish-cased_start1_end5_0__forward__op1__scalar,SC,OK,PASS,237955000,0.000238,13
scalar_ready/AI-Nordics_bert-large-swedish-cased_start1_end5_0__forward__op2__scalar,SC,FAIL,-,-,-,-
scalar_ready/AI-Nordics_bert-large-swedish-cased_start1_end5_0__forward__op3__scalar,SC,FAIL,-,-,-,-
scalar_ready/AI-Nordics_bert-large-swedish-cased_start300_end302_11__forward__op0__scalar,SC,OK,PASS,17638494000,0.017638,246
scalar_ready/AI-Nordics_bert-large-swedish-cased_start300_end302_11__forward__op10__scalar,SC,FAIL,-,-,-,-
scalar_ready/AI-Nordics_bert-large-swedish-cased_start300_end302_11__forward__op11__scalar,SC,OK,PASS,7734740500,0.007735,131
scalar_ready/AI-Nordics_bert-large-swedish-cased_start300_end302_11__forward__op12__scalar,SC,OK,PASS,18101673000,0.018102,252
scalar_ready/AI-Nordics_bert-large-swedish-cased_start300_end302_11__forward__op13__scalar,SC,OK,PASS,15299204500,0.015299,195
scalar_ready/AI-Nordics_bert-large-swedish-cased_start300_end302_11__forward__op2__scalar,SC,OK,PASS,5605262000,0.005605,96
scalar_ready/AI-Nordics_bert-large-swedish-cased_start300_end302_11__forward__op3__scalar,SC,FAIL,-,-,-,-
scalar_ready/AI-Nordics_bert-large-swedish-cased_start300_end302_11__forward__op5__scalar,SC,OK,PASS,17640138500,0.017640,244
scalar_ready/AI-Nordics_bert-large-swedish-cased_start300_end302_11__forward__op6__scalar,SC,OK,PASS,16072549000,0.016073,214
scalar_ready/AI-Nordics_bert-large-swedish-cased_start300_end302_11__forward__op9__scalar,SC,FAIL,-,-,-,-
scalar_ready/AI-Nordics_bert-large-swedish-cased_start706_end709_13__forward__op15__scalar,SC,OK,PASS,246850500,0.000247,13
scalar_ready/AK_ak_nlp_start12_end19_2__forward__op0__scalar,SC,OK,PASS,1503540500,0.001504,34
scalar_ready/AK_ak_nlp_start12_end19_2__forward__op10__scalar,SC,FAIL,-,-,-,-
scalar_ready/AK_ak_nlp_start12_end19_2__forward__op13__scalar,SC,OK,PASS,876571000,0.000877,25
scalar_ready/AK_ak_nlp_start12_end19_2__forward__op14__scalar,SC,OK,PASS,1545773500,0.001546,33
scalar_ready/AK_ak_nlp_start12_end19_2__forward__op15__scalar,SC,OK,PASS,1245163000,0.001245,30
scalar_ready/AK_ak_nlp_start12_end19_2__forward__op16__scalar,SC,OK,PASS,1260285500,0.001260,30
scalar_ready/AK_ak_nlp_start12_end19_2__forward__op17__scalar,SC,OK,PASS,306285000,0.000306,15
scalar_ready/AK_ak_nlp_start12_end19_2__forward__op1__scalar,SC,FAIL,-,-,-,-
scalar_ready/AK_ak_nlp_start12_end19_2__forward__op4__scalar,SC,OK,PASS,706411500,0.000706,21
scalar_ready/AK_ak_nlp_start12_end19_2__forward__op7__scalar,SC,OK,PASS,1505647500,0.001506,33
scalar_ready/AK_ak_nlp_start12_end19_2__forward__op8__scalar,SC,OK,PASS,1386944000,0.001387,30
scalar_ready/albert_albert-xlarge-v1_start518_end521_7__forward__op0__scalar,SC,OK,PASS,3676448000,0.003676,65
scalar_ready/albert_albert-xlarge-v1_start518_end521_7__forward__op11__scalar,SC,OK,PASS,1886567500,0.001887,41
scalar_ready/albert_albert-xlarge-v1_start518_end521_7__forward__op12__scalar,SC,OK,PASS,3757919000,0.003758,67
scalar_ready/albert_albert-xlarge-v1_start518_end521_7__forward__op13__scalar,SC,OK,PASS,2933616500,0.002934,54
scalar_ready/albert_albert-xlarge-v1_start518_end521_7__forward__op14__scalar,SC,OK,PASS,2905122000,0.002905,55
scalar_ready/albert_albert-xlarge-v1_start518_end521_7__forward__op15__scalar,SC,OK,PASS,263101000,0.000263,14
scalar_ready/albert_albert-xlarge-v1_start518_end521_7__forward__op2__scalar,SC,OK,PASS,1496428000,0.001496,34
scalar_ready/albert_albert-xlarge-v1_start518_end521_7__forward__op3__scalar,SC,FAIL,-,-,-,-
scalar_ready/albert_albert-xlarge-v1_start518_end521_7__forward__op5__scalar,SC,OK,PASS,3676312000,0.003676,66
scalar_ready/albert_albert-xlarge-v1_start518_end521_7__forward__op6__scalar,SC,OK,PASS,3377522000,0.003378,59
scalar_ready/Aleksandar_electra-srb-ner-setimes_start18_end22_4__forward__op0__scalar,SC,OK,PASS,19629370500,0.019629,322
scalar_ready/Aleksandar_electra-srb-ner-setimes_start18_end22_4__forward__op1__scalar,SC,OK,PASS,1126748500,0.001127,27
scalar_ready/Aleksandar_electra-srb-ner-setimes_start18_end22_4__forward__op2__scalar,SC,OK,PASS,15178096000,0.015178,205
scalar_ready/Aleksandar_electra-srb-ner-setimes_start18_end22_4__forward__op4__scalar,SC,OK,TIMEOUT,-,-,1800
scalar_ready/Aleksandar_electra-srb-ner-setimes_start18_end22_4__forward__op6__scalar,SC,OK,PASS,1153107000,0.001153,29
scalar_ready/Aleksandar_electra-srb-ner-setimes_start18_end22_4__forward__op7__scalar,SC,OK,PASS,1354928500,0.001355,38
scalar_ready/ALINEAR_albert-japanese_start266_end269_9__forward__op15__scalar,SC,OK,PASS,241099500,0.000241,13
scalar_ready/ALINEAR_albert-japanese_start5_end10_0__forward__op0__scalar,SC,OK,PASS,442473500,0.000442,16
scalar_ready/ALINEAR_albert-japanese_start5_end10_0__forward__op11__scalar,SC,OK,PASS,341662500,0.000342,15
scalar_ready/ALINEAR_albert-japanese_start5_end10_0__forward__op12__scalar,SC,OK,PASS,447973500,0.000448,16
scalar_ready/ALINEAR_albert-japanese_start5_end10_0__forward__op13__scalar,SC,OK,PASS,408861000,0.000409,16
scalar_ready/ALINEAR_albert-japanese_start5_end10_0__forward__op14__scalar,SC,OK,PASS,409809500,0.000410,16
scalar_ready/ALINEAR_albert-japanese_start5_end10_0__forward__op2__scalar,SC,OK,PASS,304416000,0.000304,14
scalar_ready/ALINEAR_albert-japanese_start5_end10_0__forward__op3__scalar,SC,FAIL,-,-,-,-
scalar_ready/ALINEAR_albert-japanese_start5_end10_0__forward__op5__scalar,SC,OK,PASS,442941000,0.000443,17
scalar_ready/ALINEAR_albert-japanese_start5_end10_0__forward__op6__scalar,SC,OK,PASS,426147500,0.000426,16
scalar_ready/bge-small-en_start7_end12_1__forward__op0__scalar,SC,OK,PASS,871651500,0.000872,23
scalar_ready/bge-small-en_start7_end12_1__forward__op11__scalar,SC,OK,PASS,555839000,0.000556,19
scalar_ready/bge-small-en_start7_end12_1__forward__op12__scalar,SC,OK,PASS,888856000,0.000889,24
scalar_ready/bge-small-en_start7_end12_1__forward__op13__scalar,SC,OK,PASS,766728500,0.000767,21
scalar_ready/bge-small-en_start7_end12_1__forward__op14__scalar,SC,OK,PASS,760529500,0.000761,21
scalar_ready/bge-small-en_start7_end12_1__forward__op2__scalar,SC,OK,PASS,468740000,0.000469,17
scalar_ready/bge-small-en_start7_end12_1__forward__op3__scalar,SC,FAIL,-,-,-,-
scalar_ready/bge-small-en_start7_end12_1__forward__op5__scalar,SC,OK,PASS,865837500,0.000866,23
scalar_ready/bge-small-en_start7_end12_1__forward__op6__scalar,SC,OK,PASS,809169500,0.000809,22
scalar_ready/bge-small-zh_start7_end12_1__forward__op0__scalar,SC,OK,PASS,1071662500,0.001072,26
scalar_ready/bge-small-zh_start7_end12_1__forward__op11__scalar,SC,OK,PASS,661939500,0.000662,20
scalar_ready/bge-small-zh_start7_end12_1__forward__op12__scalar,SC,OK,PASS,1078953500,0.001079,26
scalar_ready/bge-small-zh_start7_end12_1__forward__op13__scalar,SC,OK,PASS,903988000,0.000904,24
scalar_ready/bge-small-zh_start7_end12_1__forward__op14__scalar,SC,OK,PASS,913304500,0.000913,24
scalar_ready/bge-small-zh_start7_end12_1__forward__op2__scalar,SC,OK,PASS,547720000,0.000548,18
scalar_ready/bge-small-zh_start7_end12_1__forward__op3__scalar,SC,FAIL,-,-,-,-
scalar_ready/bge-small-zh_start7_end12_1__forward__op5__scalar,SC,OK,PASS,1070511000,0.001071,26
scalar_ready/bge-small-zh_start7_end12_1__forward__op6__scalar,SC,OK,PASS,1004450500,0.001004,25
scalar_ready/ckiplab_albert-tiny-chinese-ner_start98_end101_7__forward__op0__scalar,SC,OK,PASS,730827500,0.000731,20
scalar_ready/ckiplab_albert-tiny-chinese-ner_start98_end101_7__forward__op11__scalar,SC,OK,PASS,482653000,0.000483,17
scalar_ready/ckiplab_albert-tiny-chinese-ner_start98_end101_7__forward__op12__scalar,SC,OK,PASS,754548000,0.000755,21
scalar_ready/ckiplab_albert-tiny-chinese-ner_start98_end101_7__forward__op13__scalar,SC,OK,PASS,649205000,0.000649,20
scalar_ready/ckiplab_albert-tiny-chinese-ner_start98_end101_7__forward__op14__scalar,SC,OK,PASS,652609500,0.000653,20
scalar_ready/ckiplab_albert-tiny-chinese-ner_start98_end101_7__forward__op15__scalar,SC,OK,PASS,233880000,0.000234,13
scalar_ready/ckiplab_albert-tiny-chinese-ner_start98_end101_7__forward__op2__scalar,SC,OK,PASS,424241000,0.000424,17
scalar_ready/ckiplab_albert-tiny-chinese-ner_start98_end101_7__forward__op3__scalar,SC,FAIL,-,-,-,-
scalar_ready/ckiplab_albert-tiny-chinese-ner_start98_end101_7__forward__op5__scalar,SC,OK,PASS,730831000,0.000731,21
scalar_ready/ckiplab_albert-tiny-chinese-ner_start98_end101_7__forward__op6__scalar,SC,OK,PASS,698850500,0.000699,20
scalar_ready/face-parsing_start0_end5_0__forward__op0__scalar,SC,OK,PASS,19004691500,0.019005,262
scalar_ready/face-parsing_start0_end5_0__forward__op10__scalar,SC,FAIL,-,-,-,-
scalar_ready/face-parsing_start0_end5_0__forward__op11__scalar,SC,FAIL,-,-,-,-
scalar_ready/face-parsing_start0_end5_0__forward__op12__scalar,SC,FAIL,-,-,-,-
scalar_ready/face-parsing_start0_end5_0__forward__op13__scalar,SC,OK,PASS,19308622000,0.019309,270
scalar_ready/face-parsing_start0_end5_0__forward__op14__scalar,SC,OK,PANIC,-,-,277
scalar_ready/face-parsing_start0_end5_0__forward__op15__scalar,SC,OK,PASS,29876200000,0.029876,380
scalar_ready/face-parsing_start0_end5_0__forward__op16__scalar,SC,OK,PASS,27149311500,0.027149,391
scalar_ready/face-parsing_start0_end5_0__forward__op17__scalar,SC,OK,PASS,12711081500,0.012711,198
scalar_ready/face-parsing_start0_end5_0__forward__op1__scalar,SC,OK,TIMEOUT,-,-,1800
scalar_ready/face-parsing_start0_end5_0__forward__op20__scalar,SC,OK,PANIC,-,-,278
scalar_ready/face-parsing_start0_end5_0__forward__op21__scalar,SC,OK,PANIC,-,-,261
scalar_ready/face-parsing_start0_end5_0__forward__op2__scalar,SC,OK,PASS,61054283500,0.061054,776
scalar_ready/face-parsing_start128_end133_20__forward__op0__scalar,SC,OK,PASS,7726658000,0.007727,137
scalar_ready/face-parsing_start128_end133_20__forward__op10__scalar,SC,FAIL,-,-,-,-
scalar_ready/face-parsing_start128_end133_20__forward__op11__scalar,SC,FAIL,-,-,-,-
scalar_ready/face-parsing_start128_end133_20__forward__op12__scalar,SC,FAIL,-,-,-,-
scalar_ready/face-parsing_start128_end133_20__forward__op13__scalar,SC,OK,PASS,7880326000,0.007880,135
scalar_ready/face-parsing_start128_end133_20__forward__op14__scalar,SC,OK,PASS,18512502500,0.018513,252
scalar_ready/face-parsing_start128_end133_20__forward__op15__scalar,SC,OK,PASS,15205215000,0.015205,194
scalar_ready/face-parsing_start128_end133_20__forward__op16__scalar,SC,OK,PASS,13713426000,0.013713,194
scalar_ready/face-parsing_start128_end133_20__forward__op17__scalar,SC,OK,PASS,5793404500,0.005793,99
scalar_ready/face-parsing_start128_end133_20__forward__op1__scalar,SC,OK,TIMEOUT,-,-,1800
scalar_ready/face-parsing_start128_end133_20__forward__op20__scalar,SC,OK,PASS,18263928500,0.018264,243
scalar_ready/face-parsing_start128_end133_20__forward__op21__scalar,SC,OK,PASS,16165034000,0.016165,211
scalar_ready/face-parsing_start128_end133_20__forward__op2__scalar,SC,OK,PASS,18729369000,0.018729,308
scalar_ready/face-parsing_start133_end138_21__forward__op0__scalar,SC,OK,PASS,678286000,0.000678,21
scalar_ready/face-parsing_start133_end138_21__forward__op1__scalar,SC,OK,PASS,13503877500,0.013504,180
scalar_ready/face-parsing_start133_end138_21__forward__op2__scalar,SC,OK,PASS,535684000,0.000536,18
scalar_ready/face-parsing_start133_end138_21__forward__op4__scalar,SC,OK,TIMEOUT,-,-,1800
scalar_ready/face-parsing_start133_end138_21__forward__op6__scalar,SC,OK,PASS,13561587000,0.013562,192
scalar_ready/face-parsing_start133_end138_21__forward__op7__scalar,SC,OK,PASS,16706125000,0.016706,276
scalar_ready/face-parsing_start159_end161_27__forward__op0__scalar,SC,OK,PASS,18262396500,0.018262,239
scalar_ready/face-parsing_start1984_end1989_60__forward__op0__scalar,SC,OK,PASS,1981898500,0.001982,44
scalar_ready/face-parsing_start1984_end1989_60__forward__op10__scalar,SC,FAIL,-,-,-,-
scalar_ready/face-parsing_start1984_end1989_60__forward__op11__scalar,SC,FAIL,-,-,-,-
scalar_ready/face-parsing_start1984_end1989_60__forward__op12__scalar,SC,FAIL,-,-,-,-
scalar_ready/face-parsing_start1984_end1989_60__forward__op13__scalar,SC,OK,PASS,1887536000,0.001888,41
scalar_ready/face-parsing_start1984_end1989_60__forward__op14__scalar,SC,OK,PASS,3644004000,0.003644,67
scalar_ready/face-parsing_start1984_end1989_60__forward__op15__scalar,SC,OK,PASS,2888755000,0.002889,55
scalar_ready/face-parsing_start1984_end1989_60__forward__op16__scalar,SC,OK,PASS,2859780000,0.002860,55
scalar_ready/face-parsing_start1984_end1989_60__forward__op17__scalar,SC,OK,PASS,1508506500,0.001509,33
scalar_ready/face-parsing_start1984_end1989_60__forward__op1__scalar,SC,OK,TIMEOUT,-,-,1800
scalar_ready/face-parsing_start1984_end1989_60__forward__op20__scalar,SC,OK,PASS,3586096500,0.003586,67
scalar_ready/face-parsing_start1984_end1989_60__forward__op21__scalar,SC,OK,PASS,3354553500,0.003355,61
scalar_ready/face-parsing_start1984_end1989_60__forward__op2__scalar,SC,OK,PASS,4433495000,0.004433,80
scalar_ready/face-parsing_start1995_end1999_61__forward__op0__scalar,SC,OK,PASS,7760309000,0.007760,138
scalar_ready/face-parsing_start1995_end1999_61__forward__op1__scalar,SC,OK,PASS,2574330000,0.002574,50
scalar_ready/face-parsing_start1995_end1999_61__forward__op2__scalar,SC,OK,PASS,5661388500,0.005661,91
scalar_ready/face-parsing_start1995_end1999_61__forward__op4__scalar,SC,OK,TIMEOUT,-,-,1800
scalar_ready/face-parsing_start1995_end1999_61__forward__op6__scalar,SC,OK,PASS,2826678500,0.002827,54
scalar_ready/face-parsing_start1995_end1999_61__forward__op7__scalar,SC,OK,PASS,3262909000,0.003263,75
scalar_ready/face-parsing_start2009_end2011_64__forward__op0__scalar,SC,OK,PASS,3586221000,0.003586,66
scalar_ready/face-parsing_start2089_end2096_73__forward__op15__scalar,SC,OK,PASS,3141271500,0.003141,76
scalar_ready/face-parsing_start31_end33_7__forward__op0__scalar,SC,OK,PANIC,-,-,281
scalar_ready/face-parsing_start376_end381_40__forward__op0__scalar,SC,OK,PASS,4610921500,0.004611,88
scalar_ready/face-parsing_start376_end381_40__forward__op10__scalar,SC,FAIL,-,-,-,-
scalar_ready/face-parsing_start376_end381_40__forward__op11__scalar,SC,FAIL,-,-,-,-
scalar_ready/face-parsing_start376_end381_40__forward__op12__scalar,SC,FAIL,-,-,-,-
scalar_ready/face-parsing_start376_end381_40__forward__op13__scalar,SC,OK,PASS,4486490500,0.004486,87
scalar_ready/face-parsing_start376_end381_40__forward__op14__scalar,SC,OK,PASS,10823377000,0.010823,149
scalar_ready/face-parsing_start376_end381_40__forward__op15__scalar,SC,OK,PASS,8530395500,0.008530,125
scalar_ready/face-parsing_start376_end381_40__forward__op16__scalar,SC,OK,PASS,8207292500,0.008207,124
scalar_ready/face-parsing_start376_end381_40__forward__op17__scalar,SC,OK,PASS,3452364000,0.003452,65
scalar_ready/face-parsing_start376_end381_40__forward__op1__scalar,SC,OK,TIMEOUT,-,-,1800
scalar_ready/face-parsing_start376_end381_40__forward__op20__scalar,SC,OK,PASS,10593363000,0.010593,152
scalar_ready/face-parsing_start376_end381_40__forward__op21__scalar,SC,OK,PASS,9231009500,0.009231,135
scalar_ready/face-parsing_start376_end381_40__forward__op2__scalar,SC,OK,PASS,11957481000,0.011957,202
scalar_ready/face-parsing_start381_end386_41__forward__op0__scalar,SC,OK,PASS,3029506500,0.003030,67
scalar_ready/face-parsing_start381_end386_41__forward__op1__scalar,SC,OK,PASS,7532931000,0.007533,115
scalar_ready/face-parsing_start381_end386_41__forward__op2__scalar,SC,OK,PASS,2115618500,0.002116,42
scalar_ready/face-parsing_start381_end386_41__forward__op4__scalar,SC,OK,TIMEOUT,-,-,1800
scalar_ready/face-parsing_start381_end386_41__forward__op6__scalar,SC,OK,PASS,7724624500,0.007725,119
scalar_ready/face-parsing_start381_end386_41__forward__op7__scalar,SC,OK,PASS,11294165500,0.011294,183
scalar_ready/face-parsing_start407_end409_47__forward__op0__scalar,SC,OK,PASS,10582259000,0.010582,156
scalar_ready/face-parsing_start46_end50_12__forward__op0__scalar,SC,OK,PASS,26625723500,0.026626,405
scalar_ready/face-parsing_start46_end50_12__forward__op1__scalar,SC,OK,PASS,57155054000,0.057155,691
scalar_ready/face-parsing_start5_end10_1__forward__op0__scalar,SC,OK,PASS,341794500,0.000342,15
scalar_ready/face-parsing_start5_end10_1__forward__op1__scalar,SC,OK,PASS,26045481000,0.026045,347
scalar_ready/face-parsing_start5_end10_1__forward__op2__scalar,SC,OK,PASS,304211500,0.000304,15
scalar_ready/face-parsing_start5_end10_1__forward__op4__scalar,SC,OK,TIMEOUT,-,-,1800
scalar_ready/nvidia_mit-b0_start0_end5_0__forward__op0__scalar,SC,OK,PASS,7717415000,0.007717,161
scalar_ready/nvidia_mit-b0_start0_end5_0__forward__op10__scalar,SC,FAIL,-,-,-,-
scalar_ready/nvidia_mit-b0_start0_end5_0__forward__op13__scalar,SC,OK,PASS,8547484000,0.008547,141
scalar_ready/nvidia_mit-b0_start0_end5_0__forward__op14__scalar,SC,OK,PASS,17215667000,0.017216,243
scalar_ready/nvidia_mit-b0_start0_end5_0__forward__op15__scalar,SC,OK,PASS,14475428500,0.014475,197
scalar_ready/nvidia_mit-b0_start0_end5_0__forward__op16__scalar,SC,OK,PASS,14456583500,0.014457,202
scalar_ready/nvidia_mit-b0_start0_end5_0__forward__op17__scalar,SC,OK,PASS,6282280500,0.006282,105
scalar_ready/nvidia_mit-b0_start0_end5_0__forward__op1__scalar,SC,OK,TIMEOUT,-,-,1800
scalar_ready/nvidia_mit-b0_start0_end5_0__forward__op20__scalar,SC,OK,PASS,17282325000,0.017282,236
scalar_ready/nvidia_mit-b0_start0_end5_0__forward__op21__scalar,SC,OK,PASS,16318451000,0.016318,213
scalar_ready/nvidia_mit-b0_start0_end5_0__forward__op2__scalar,SC,OK,PASS,24708569500,0.024709,354
scalar_ready/nvidia_mit-b0_start134_end138_26__forward__op0__scalar,SC,OK,PASS,5977388500,0.005977,98
scalar_ready/nvidia_mit-b0_start134_end138_26__forward__op1__scalar,SC,OK,PASS,7457766000,0.007458,140
scalar_ready/nvidia_mit-b0_start176_end181_32__forward__op0__scalar,SC,OK,PASS,2362532500,0.002363,50
scalar_ready/nvidia_mit-b0_start176_end181_32__forward__op10__scalar,SC,FAIL,-,-,-,-
scalar_ready/nvidia_mit-b0_start176_end181_32__forward__op13__scalar,SC,OK,PASS,2311441500,0.002311,49
scalar_ready/nvidia_mit-b0_start176_end181_32__forward__op14__scalar,SC,OK,PASS,4914543000,0.004915,79
scalar_ready/nvidia_mit-b0_start176_end181_32__forward__op15__scalar,SC,OK,PASS,3578660000,0.003579,66
scalar_ready/nvidia_mit-b0_start176_end181_32__forward__op16__scalar,SC,OK,PASS,3600792500,0.003601,67
scalar_ready/nvidia_mit-b0_start176_end181_32__forward__op17__scalar,SC,OK,PASS,1865689500,0.001866,39
scalar_ready/nvidia_mit-b0_start176_end181_32__forward__op1__scalar,SC,OK,TIMEOUT,-,-,1801
scalar_ready/nvidia_mit-b0_start176_end181_32__forward__op20__scalar,SC,OK,PASS,4816885500,0.004817,79
scalar_ready/nvidia_mit-b0_start176_end181_32__forward__op21__scalar,SC,OK,PASS,4223329500,0.004223,71
scalar_ready/nvidia_mit-b0_start176_end181_32__forward__op2__scalar,SC,OK,PASS,5674866000,0.005675,105
scalar_ready/nvidia_mit-b0_start181_end186_33__forward__op0__scalar,SC,OK,PASS,931034500,0.000931,27
scalar_ready/nvidia_mit-b0_start181_end186_33__forward__op1__scalar,SC,OK,PASS,3218479500,0.003218,62
scalar_ready/nvidia_mit-b0_start181_end186_33__forward__op2__scalar,SC,OK,PASS,694925000,0.000695,21
scalar_ready/nvidia_mit-b0_start181_end186_33__forward__op4__scalar,SC,OK,TIMEOUT,-,-,1800
scalar_ready/nvidia_mit-b0_start181_end186_33__forward__op6__scalar,SC,OK,PASS,3541055500,0.003541,64
scalar_ready/nvidia_mit-b0_start181_end186_33__forward__op7__scalar,SC,OK,PASS,5415958500,0.005416,98
scalar_ready/nvidia_mit-b0_start207_end209_39__forward__op0__scalar,SC,OK,PASS,4817975000,0.004818,78
scalar_ready/nvidia_mit-b0_start264_end269_50__forward__op0__scalar,SC,OK,PASS,1108589500,0.001109,28
scalar_ready/nvidia_mit-b0_start264_end269_50__forward__op10__scalar,SC,FAIL,-,-,-,-
scalar_ready/nvidia_mit-b0_start264_end269_50__forward__op13__scalar,SC,OK,PASS,1057900500,0.001058,28
scalar_ready/nvidia_mit-b0_start264_end269_50__forward__op14__scalar,SC,OK,PASS,1922737000,0.001923,39
scalar_ready/nvidia_mit-b0_start264_end269_50__forward__op15__scalar,SC,OK,PASS,1727057500,0.001727,35
scalar_ready/nvidia_mit-b0_start264_end269_50__forward__op16__scalar,SC,OK,PASS,1722054500,0.001722,35
scalar_ready/nvidia_mit-b0_start264_end269_50__forward__op17__scalar,SC,OK,PASS,877394000,0.000877,23
scalar_ready/nvidia_mit-b0_start264_end269_50__forward__op1__scalar,SC,OK,TIMEOUT,-,-,1801
scalar_ready/nvidia_mit-b0_start264_end269_50__forward__op20__scalar,SC,OK,PASS,1909327500,0.001909,39
scalar_ready/nvidia_mit-b0_start264_end269_50__forward__op21__scalar,SC,OK,PASS,1763802500,0.001764,37
scalar_ready/nvidia_mit-b0_start264_end269_50__forward__op2__scalar,SC,OK,PASS,1812939000,0.001813,45
scalar_ready/nvidia_mit-b0_start275_end279_53__forward__op0__scalar,SC,OK,PASS,1991360500,0.001991,45
scalar_ready/nvidia_mit-b0_start275_end279_53__forward__op2__scalar,SC,OK,PASS,1415987000,0.001416,33
scalar_ready/nvidia_mit-b0_start275_end279_53__forward__op4__scalar,SC,OK,TIMEOUT,-,-,1800
scalar_ready/nvidia_mit-b0_start275_end279_53__forward__op6__scalar,SC,OK,PASS,1474149500,0.001474,34
scalar_ready/nvidia_mit-b0_start275_end279_53__forward__op7__scalar,SC,OK,PASS,1690109000,0.001690,46
scalar_ready/nvidia_mit-b0_start289_end291_56__forward__op0__scalar,SC,OK,PASS,1915263500,0.001915,40
scalar_ready/nvidia_mit-b0_start31_end33_7__forward__op0__scalar,SC,OK,PASS,17403862500,0.017404,247
scalar_ready/nvidia_mit-b0_start46_end50_12__forward__op0__scalar,SC,OK,PASS,13637681500,0.013638,194
scalar_ready/nvidia_mit-b0_start46_end50_12__forward__op1__scalar,SC,OK,PASS,16721308000,0.016721,276
scalar_ready/nvidia_mit-b0_start5_end10_1__forward__op0__scalar,SC,OK,PASS,249640500,0.000250,14
scalar_ready/nvidia_mit-b0_start5_end10_1__forward__op1__scalar,SC,OK,PASS,13539804000,0.013540,179
scalar_ready/nvidia_mit-b0_start5_end10_1__forward__op2__scalar,SC,OK,PASS,243765500,0.000244,13
scalar_ready/nvidia_mit-b0_start5_end10_1__forward__op4__scalar,SC,OK,TIMEOUT,-,-,1801
scalar_ready/nvidia_mit-b0_start88_end93_18__forward__op0__scalar,SC,OK,PASS,3594195000,0.003594,72
scalar_ready/nvidia_mit-b0_start88_end93_18__forward__op10__scalar,SC,FAIL,-,-,-,-
scalar_ready/nvidia_mit-b0_start88_end93_18__forward__op13__scalar,SC,OK,PASS,3617593500,0.003618,73
scalar_ready/nvidia_mit-b0_start88_end93_18__forward__op14__scalar,SC,OK,PASS,8145458500,0.008145,123
scalar_ready/nvidia_mit-b0_start88_end93_18__forward__op15__scalar,SC,OK,PASS,6307474500,0.006307,101
scalar_ready/nvidia_mit-b0_start88_end93_18__forward__op16__scalar,SC,OK,PASS,5786539500,0.005787,98
scalar_ready/nvidia_mit-b0_start88_end93_18__forward__op17__scalar,SC,OK,PASS,2944221500,0.002944,58
scalar_ready/nvidia_mit-b0_start88_end93_18__forward__op1__scalar,SC,OK,TIMEOUT,-,-,1800
scalar_ready/nvidia_mit-b0_start88_end93_18__forward__op20__scalar,SC,OK,PASS,7921637000,0.007922,124
scalar_ready/nvidia_mit-b0_start88_end93_18__forward__op21__scalar,SC,OK,PASS,7414849500,0.007415,111
scalar_ready/nvidia_mit-b0_start88_end93_18__forward__op2__scalar,SC,OK,PASS,8228889500,0.008229,156
scalar_ready/nvidia_mit-b0_start93_end98_19__forward__op1__scalar,SC,OK,PASS,5795918500,0.005796,93
scalar_ready/nvidia_mit-b0_start93_end98_19__forward__op4__scalar,SC,OK,TIMEOUT,-,-,1800
scalar_ready/scalar_batch_matmul_00013_e246935f,SC,OK,PASS,43641028000,0.043641,898
scalar_ready/scalar_batch_matmul_00020_df6afb48,SC,OK,TIMEOUT,-,-,1800
scalar_ready/scalar_batch_matmul_00021_995becc3,SC,OK,TIMEOUT,-,-,1800
scalar_ready/scalar_batch_matmul_00024_53fc317a,SC,OK,TIMEOUT,-,-,1800
scalar_ready/scalar_batch_matmul_00028_b2d125c8,SC,OK,PASS,29282514500,0.029283,481
scalar_ready/scalar_batch_matmul_00030_e75205ee,SC,OK,TIMEOUT,-,-,1800
scalar_ready/scalar_batch_matmul_00034_717637c5,SC,OK,TIMEOUT,-,-,1801
scalar_ready/scalar_batch_matmul_00039_6d18ae8b,SC,OK,PASS,23023345500,0.023023,397
scalar_ready/scalar_batch_matmul_00041_720ce79a,SC,OK,TIMEOUT,-,-,1800
scalar_ready/scalar_batch_matmul_00042_fc1e065d,SC,OK,TIMEOUT,-,-,1800
scalar_ready/scalar_batch_matmul_00046_c050161e,SC,OK,TIMEOUT,-,-,1800
scalar_ready/scalar_batch_matmul_00047_31ed708b,SC,OK,PASS,20532062000,0.020532,296
scalar_ready/scalar_batch_matmul_00051_1198e181,SC,OK,TIMEOUT,-,-,1800
scalar_ready/scalar_batch_matmul_00054_8dea1ead,SC,OK,TIMEOUT,-,-,1800
scalar_ready/scalar_batch_matmul_00058_92fbfa92,SC,OK,TIMEOUT,-,-,1800
scalar_ready/scalar_batch_matmul_00060_3fae23d2,SC,OK,TIMEOUT,-,-,1800
scalar_ready/scalar_batch_matmul_00061_f71601d1,SC,OK,TIMEOUT,-,-,1800
scalar_ready/scalar_batch_matmul_00065_299d8b5e,SC,OK,PASS,617796500,0.000618,17
scalar_ready/scalar_batch_matmul_00067_39800b8d,SC,OK,PANIC,-,-,319
scalar_ready/scalar_batch_matmul_00069_d8a53b11,SC,OK,PASS,2555425500,0.002555,55
scalar_ready/scalar_batch_matmul_00072_7afad0ef,SC,OK,TIMEOUT,-,-,1800
scalar_ready/scalar_batch_matmul_00073_39cdba7e,SC,OK,PASS,10522268500,0.010522,115
scalar_ready/scalar_batch_matmul_00079_c381e2dc,SC,OK,TIMEOUT,-,-,1801
scalar_ready/scalar_batch_matmul_00080_2e3b985f,SC,OK,PASS,1097776000,0.001098,25
scalar_ready/scalar_batch_matmul_00081_6ad03b6a,SC,OK,TIMEOUT,-,-,1800
scalar_ready/scalar_batch_matmul_00084_5819ad46,SC,OK,PASS,86974665500,0.086975,863
scalar_ready/scalar_batch_matmul_00087_a4a1a762,SC,OK,TIMEOUT,-,-,1800
scalar_ready/scalar_batch_matmul_00088_59b0b727,SC,OK,PASS,15822039500,0.015822,294
scalar_ready/scalar_batch_matmul_00092_42f16e6b,SC,OK,RUN-FAIL,-,-,940
scalar_ready/scalar_batch_matmul_00094_80c4802e,SC,OK,TIMEOUT,-,-,1800
scalar_ready/scalar_batch_matmul_00096_9bb2d813,SC,OK,PASS,431811500,0.000432,16
scalar_ready/scalar_batch_matmul_00101_58b0c0bf,SC,OK,PANIC,-,-,129
scalar_ready/scalar_batch_matmul_00103_c87f743b,SC,OK,PASS,101881089000,0.101881,1678
scalar_ready/scalar_batch_matmul_00106_66d7b6a8,SC,OK,PASS,36890866500,0.036891,596
scalar_ready/scalar_batch_matmul_00107_f178d27d,SC,OK,TIMEOUT,-,-,1800
scalar_ready/scalar_batch_matmul_00108_74fa8446,SC,OK,PANIC,-,-,352
scalar_ready/scalar_batch_matmul_00111_d2f7c877,SC,OK,PASS,14221168500,0.014221,229
scalar_ready/scalar_batch_matmul_00117_f4896de8,SC,OK,PASS,2342721500,0.002343,48
scalar_ready/scalar_batch_matmul_00118_c1bd165f,SC,OK,PASS,13352066000,0.013352,144
scalar_ready/scalar_batch_matmul_00119_f3b2bc26,SC,OK,PANIC,-,-,426
scalar_ready/scalar_batch_matmul_00124_46cae3bf,SC,OK,PASS,56541487500,0.056541,563
scalar_ready/scalar_batch_matmul_00127_dd1130c0,SC,OK,PASS,5211789000,0.005212,65
scalar_ready/scalar_batch_matmul_00128_28820558,SC,OK,PASS,1375128000,0.001375,24
scalar_ready/scalar_batch_matmul_00132_275cdba4,SC,OK,PASS,19415791000,0.019416,205
scalar_ready/scalar_batch_matmul_00133_a64e96dd,SC,OK,TIMEOUT,-,-,1800
scalar_ready/scalar_batch_matmul_00135_f4a7655a,SC,OK,PANIC,-,-,324
scalar_ready/scalar_batch_matmul_00136_c6eceaa1,SC,OK,PASS,4397302500,0.004397,79
scalar_ready/scalar_batch_matmul_00139_113b7e9b,SC,OK,TIMEOUT,-,-,1800
scalar_ready/scalar_batch_matmul_00142_59ec5427,SC,OK,PANIC,-,-,533
scalar_ready/scalar_batch_matmul_00144_902ce710,SC,OK,PASS,68083754000,0.068084,982
scalar_ready/scalar_batch_matmul_00149_1b9474b6,SC,OK,PASS,18318246000,0.018318,294
scalar_ready/scalar_batch_matmul_00152_c1344e1f,SC,OK,TIMEOUT,-,-,1800
scalar_ready/scalar_batch_matmul_00156_f555f7ed,SC,OK,PASS,7051749000,0.007052,120
scalar_ready/scalar_batch_matmul_00158_0be2e1d6,SC,OK,PASS,49364493500,0.049364,813
scalar_ready/scalar_batch_matmul_00162_0d86866b,SC,OK,TIMEOUT,-,-,1801
scalar_ready/scalar_batch_matmul_00163_8cde0c09,SC,OK,PANIC,-,-,343
scalar_ready/scalar_batch_matmul_00164_88b4f247,SC,OK,TIMEOUT,-,-,1800
scalar_ready/scalar_batch_matmul_00165_c51261b2,SC,OK,TIMEOUT,-,-,1800
scalar_ready/scalar_batch_matmul_00166_be87b03a,SC,OK,PASS,33002463000,0.033002,750
scalar_ready/scalar_batch_matmul_00169_f378707d,SC,OK,PANIC,-,-,255
scalar_ready/scalar_batch_matmul_00171_77b37e19,SC,OK,PASS,10045599000,0.010046,166
scalar_ready/scalar_batch_matmul_00174_9555bbf4,SC,OK,TIMEOUT,-,-,1800
scalar_ready/scalar_batch_matmul_00178_b300334d,SC,OK,TIMEOUT,-,-,1800
scalar_ready/scalar_batch_matmul_00185_a0dcef92,SC,OK,PASS,16852332000,0.016852,182
scalar_ready/scalar_batch_matmul_00186_1de135ba,SC,OK,PASS,20173543000,0.020174,332
scalar_ready/scalar_batch_matmul_00190_0552f581,SC,OK,TIMEOUT,-,-,1800
scalar_ready/scalar_batch_matmul_00193_fa37d4bd,SC,OK,TIMEOUT,-,-,1800
scalar_ready/scalar_batch_matmul_00196_9c02fb1a,SC,OK,TIMEOUT,-,-,1800
scalar_ready/scalar_batch_matmul_00197_a185e8ff,SC,OK,TIMEOUT,-,-,1800
scalar_ready/scalar_batch_matmul_00198_64a58d9e,SC,OK,PASS,95659205500,0.095659,1540
scalar_ready/scalar_broadcast_00005_4046478d,SC,OK,PASS,13503058000,0.013503,194
scalar_ready/scalar_broadcast_00009_c4cb28ee,SC,OK,PASS,238138000,0.000238,13
scalar_ready/scalar_broadcast_00011_1588e4d3,SC,OK,PASS,429733500,0.000430,16
scalar_ready/scalar_broadcast_00015_ec4a690c,SC,OK,PASS,31519568500,0.031520,457
scalar_ready/scalar_broadcast_00017_b2029e38,SC,OK,PASS,382518000,0.000383,16
scalar_ready/scalar_broadcast_00019_131ee3fc,SC,OK,PASS,222082000,0.000222,13
scalar_ready/scalar_broadcast_00025_c8b24acc,SC,OK,PASS,242008500,0.000242,14
scalar_ready/scalar_broadcast_00029_9d8764d1,SC,OK,PASS,356634000,0.000357,15
scalar_ready/scalar_broadcast_00030_37fce3f0,SC,OK,PASS,320439000,0.000320,14
scalar_ready/scalar_broadcast_00037_365aaccb,SC,OK,PASS,377481500,0.000377,14
scalar_ready/scalar_broadcast_00049_d497d7b4,SC,OK,PASS,459399000,0.000459,17
scalar_ready/scalar_broadcast_00050_84850d60,SC,OK,PASS,249041000,0.000249,13
scalar_ready/scalar_broadcast_00054_80c8f418,SC,OK,PASS,7745532000,0.007746,116
scalar_ready/scalar_broadcast_00055_c5767fc5,SC,OK,PASS,226874000,0.000227,13
scalar_ready/scalar_broadcast_00063_9aa8ebd6,SC,OK,PASS,308675500,0.000309,14
scalar_ready/scalar_broadcast_00070_9aad0c99,SC,OK,PASS,18832321500,0.018832,304
scalar_ready/scalar_broadcast_00074_52a86a38,SC,OK,PASS,14348932500,0.014349,193
scalar_ready/scalar_broadcast_00076_a9972e06,SC,OK,PASS,278974500,0.000279,14
scalar_ready/scalar_broadcast_00078_54d080d6,SC,OK,PASS,330221500,0.000330,16
scalar_ready/scalar_broadcast_00093_1d4797e3,SC,OK,PASS,296711000,0.000297,14
scalar_ready/scalar_broadcast_00094_5fbaeca5,SC,OK,PASS,226535000,0.000227,13
scalar_ready/scalar_broadcast_00114_ef36f68d,SC,OK,PASS,221068500,0.000221,13
scalar_ready/scalar_broadcast_00118_177f8e70,SC,OK,PASS,251067500,0.000251,13
scalar_ready/scalar_broadcast_00119_d7ad6ec7,SC,OK,PASS,1495377000,0.001495,36
scalar_ready/scalar_broadcast_00126_eb20a0cf,SC,OK,PASS,291225500,0.000291,14
scalar_ready/scalar_broadcast_00128_75f4979a,SC,OK,PASS,290909000,0.000291,14
scalar_ready/scalar_broadcast_00132_5d5abe78,SC,OK,PASS,278792500,0.000279,14
scalar_ready/scalar_broadcast_00135_e63012dd,SC,OK,PASS,225783500,0.000226,13
scalar_ready/scalar_broadcast_00142_e5a606d9,SC,OK,PASS,927065500,0.000927,23
scalar_ready/scalar_broadcast_00147_21d643b8,SC,OK,PASS,540492000,0.000540,19
scalar_ready/scalar_broadcast_00151_1e692476,SC,OK,PASS,8244783500,0.008245,123
scalar_ready/scalar_broadcast_00155_1e497cec,SC,OK,PASS,1421472000,0.001421,27
scalar_ready/scalar_broadcast_00158_adb02da0,SC,OK,PASS,510352500,0.000510,18
scalar_ready/scalar_broadcast_00159_430bcd60,SC,OK,PASS,1172279000,0.001172,26
scalar_ready/scalar_broadcast_00160_2395258d,SC,OK,PASS,1865687000,0.001866,34
scalar_ready/scalar_broadcast_00162_4b30f2b2,SC,OK,PASS,21890122500,0.021890,286
scalar_ready/scalar_broadcast_00165_90cbf7a2,SC,OK,PASS,613404000,0.000613,19
scalar_ready/scalar_broadcast_00168_a130f324,SC,OK,PASS,297504500,0.000298,14
scalar_ready/scalar_broadcast_00173_1b627978,SC,OK,PASS,1639295000,0.001639,32
scalar_ready/scalar_broadcast_00177_10262d57,SC,OK,PASS,230212500,0.000230,14
scalar_ready/scalar_broadcast_00184_c131eac7,SC,OK,PASS,11156002500,0.011156,144
scalar_ready/scalar_broadcast_00186_3b37bbda,SC,OK,PASS,222594000,0.000223,14
scalar_ready/scalar_broadcast_00192_23601e84,SC,OK,PASS,577827500,0.000578,18
scalar_ready/scalar_broadcast_00197_8cb606e3,SC,OK,PASS,573388500,0.000573,19
scalar_ready/scalar_broadcast_00210_b545c434,SC,OK,PASS,314309000,0.000314,15
scalar_ready/scalar_broadcast_00211_8bedc100,SC,OK,PASS,221845000,0.000222,14
scalar_ready/scalar_broadcast_00212_6ba59ca4,SC,OK,PASS,436509000,0.000437,17
scalar_ready/scalar_broadcast_00213_60c26354,SC,OK,PASS,230072500,0.000230,13
scalar_ready/scalar_broadcast_00216_a4797ff3,SC,OK,PASS,381833000,0.000382,16
scalar_ready/scalar_broadcast_00230_00cee0b6,SC,OK,PASS,240692500,0.000241,13
scalar_ready/scalar_broadcast_00234_87d89ef4,SC,OK,PASS,747395000,0.000747,22
scalar_ready/scalar_broadcast_00235_c0d1c0ee,SC,OK,PASS,323901000,0.000324,15
scalar_ready/scalar_broadcast_00239_6cfe1250,SC,OK,PASS,239703000,0.000240,13
scalar_ready/scalar_broadcast_00241_e40e1817,SC,OK,PASS,571089500,0.000571,19
scalar_ready/scalar_broadcast_00252_37caf1cd,SC,OK,PASS,300697000,0.000301,14
scalar_ready/scalar_broadcast_00259_51a1bef7,SC,OK,PASS,285750000,0.000286,14
scalar_ready/scalar_broadcast_00260_32ef0b8b,SC,OK,PASS,2601462000,0.002601,41
scalar_ready/scalar_broadcast_00264_8a7025af,SC,OK,PASS,278521500,0.000279,14
scalar_ready/scalar_broadcast_00270_aaabbde9,SC,OK,PASS,455735500,0.000456,17
scalar_ready/scalar_broadcast_00275_9538a36c,SC,OK,PASS,749924000,0.000750,21
scalar_ready/scalar_broadcast_00282_35818dc3,SC,OK,PASS,733879000,0.000734,21
scalar_ready/scalar_broadcast_00290_855701be,SC,OK,PASS,2266625500,0.002267,39
scalar_ready/scalar_broadcast_00292_6853ea3a,SC,OK,PASS,8345926000,0.008346,121
scalar_ready/scalar_broadcast_00293_577702b5,SC,OK,PASS,1134000000,0.001134,26
scalar_ready/scalar_broadcast_00299_565b6a60,SC,OK,PASS,1556600000,0.001557,31
scalar_ready/scalar_conv_00000_930d0c52,SC,OK,PASS,999417500,0.000999,22
scalar_ready/scalar_conv_00001_2059023a,SC,OK,PASS,64254980500,0.064255,735
scalar_ready/scalar_conv_00002_b29119b4,SC,OK,PASS,16518417000,0.016518,291
scalar_ready/scalar_conv_00003_6175ed3f,SC,OK,PASS,572014000,0.000572,17
scalar_ready/scalar_conv_00004_b8a22998,SC,OK,PASS,2579614500,0.002580,59
scalar_ready/scalar_conv_00005_d49d7e88,SC,OK,PASS,34471245500,0.034471,603
scalar_ready/scalar_conv_00006_a2bdbc54,SC,OK,PASS,5736329500,0.005736,98
scalar_ready/scalar_conv_00007_9073ef0d,SC,OK,PASS,844815500,0.000845,23
scalar_ready/scalar_conv_00008_4cbdf93c,SC,OK,PASS,3925783000,0.003926,76
scalar_ready/scalar_conv_00009_ebb84e7d,SC,OK,PASS,705825000,0.000706,18
scalar_ready/scalar_conv_00010_9e1c1345,SC,OK,PASS,811955500,0.000812,22
scalar_ready/scalar_conv_00011_6d0a1896,SC,OK,PASS,719939000,0.000720,21
scalar_ready/scalar_conv_00012_1884e514,SC,OK,PASS,321644000,0.000322,15
scalar_ready/scalar_conv_00013_31df06de,SC,OK,PASS,262620000,0.000263,14
scalar_ready/scalar_conv_00014_757b6b3f,SC,OK,PASS,46164946000,0.046165,491
scalar_ready/scalar_conv_00015_f14bb900,SC,OK,TIMEOUT,-,-,1800
scalar_ready/scalar_conv_00016_7ab39914,SC,OK,PASS,22762873500,0.022763,282
scalar_ready/scalar_conv_00017_8cd344af,SC,OK,PASS,462305000,0.000462,17
scalar_ready/scalar_conv_00018_dbc2e029,SC,OK,PASS,521948000,0.000522,19
scalar_ready/scalar_conv_00019_36140e8e,SC,OK,PASS,420852500,0.000421,18
scalar_ready/scalar_conv_00020_f1520029,SC,OK,TIMEOUT,-,-,1800
scalar_ready/scalar_conv_00021_7fe38580,SC,OK,PASS,361996500,0.000362,16
scalar_ready/scalar_conv_00022_b9696b4d,SC,OK,PASS,3120542000,0.003121,69
scalar_ready/scalar_conv_00023_368b5b8a,SC,OK,PASS,20466865000,0.020467,364
scalar_ready/scalar_conv_00024_d5fbbb42,SC,OK,PASS,422898500,0.000423,15
scalar_ready/scalar_conv_00025_0551817a,SC,OK,PASS,446558000,0.000447,16
scalar_ready/scalar_conv_00026_3db2f2d9,SC,OK,PASS,284021000,0.000284,14
scalar_ready/scalar_conv_00027_d0df5ca4,SC,OK,PASS,7275835000,0.007276,144
scalar_ready/scalar_conv_00028_a733c5db,SC,OK,PASS,2094803500,0.002095,47
scalar_ready/scalar_conv_00029_fed3c50b,SC,OK,TIMEOUT,-,-,1801
scalar_ready/scalar_conv_00030_00ed39cb,SC,OK,PASS,3104380000,0.003104,66
scalar_ready/scalar_conv_00031_4a861d8c,SC,OK,PASS,388130500,0.000388,16
scalar_ready/scalar_conv_00032_78933fba,SC,OK,PASS,20987098500,0.020987,348
scalar_ready/scalar_conv_00033_d985087f,SC,OK,PASS,802238500,0.000802,23
scalar_ready/scalar_conv_00034_3811a4d2,SC,OK,PASS,284625000,0.000285,14
scalar_ready/scalar_conv_00035_4ed2d7a6,SC,OK,PASS,9432565500,0.009433,172
scalar_ready/scalar_conv_00036_4e615eea,SC,OK,PASS,253660000,0.000254,14
scalar_ready/scalar_conv_00037_4784bffa,SC,OK,PASS,80404928000,0.080405,846
scalar_ready/scalar_conv_00038_c82f7ccb,SC,OK,PASS,604244000,0.000604,19
scalar_ready/scalar_conv_00039_389c852b,SC,OK,PASS,1306077000,0.001306,34
scalar_ready/scalar_conv_00040_c3e9c1c5,SC,OK,PASS,7347006000,0.007347,152
scalar_ready/scalar_conv_00041_fb26d50c,SC,OK,PASS,8336650000,0.008337,151
scalar_ready/scalar_conv_00042_353fafcd,SC,OK,PASS,6529602500,0.006530,123
scalar_ready/scalar_conv_00043_fe0548aa,SC,OK,PASS,84456356000,0.084456,1592
scalar_ready/scalar_conv_00044_dec0a0a1,SC,OK,PASS,737419000,0.000737,19
scalar_ready/scalar_conv_00045_4552723b,SC,OK,PASS,8814078500,0.008814,164
scalar_ready/scalar_conv_00046_0e3929a2,SC,OK,PASS,2877388000,0.002877,80
scalar_ready/scalar_conv_00047_5fd9775a,SC,OK,PASS,248567000,0.000249,14
scalar_ready/scalar_conv_00048_76bae6bf,SC,OK,PASS,279006000,0.000279,14
scalar_ready/scalar_conv_00049_338eecaa,SC,OK,PASS,1528858000,0.001529,28
scalar_ready/scalar_conv_00050_3ffd17d5,SC,OK,PASS,43261863000,0.043262,534
scalar_ready/scalar_conv_00051_87a34a16,SC,OK,PASS,598675500,0.000599,18
scalar_ready/scalar_conv_00052_f7950216,SC,OK,TIMEOUT,-,-,1800
scalar_ready/scalar_conv_00053_7ee7c210,SC,OK,PASS,337752000,0.000338,15
scalar_ready/scalar_conv_00054_201f5f4d,SC,OK,PASS,2594534500,0.002595,52
scalar_ready/scalar_conv_00055_5e248df2,SC,OK,PASS,267019000,0.000267,14
scalar_ready/scalar_conv_00056_714fe5ba,SC,OK,PASS,89207484000,0.089207,1732
scalar_ready/scalar_conv_00057_302034d1,SC,OK,PASS,6434962000,0.006435,131
scalar_ready/scalar_conv_00058_90ba587f,SC,OK,PASS,5790295500,0.005790,110
scalar_ready/scalar_conv_00059_e32789ee,SC,OK,PASS,535981000,0.000536,17
scalar_ready/scalar_conv_00060_37ed05c2,SC,OK,TIMEOUT,-,-,1800
scalar_ready/scalar_conv_00061_96f3d582,SC,OK,PASS,299275500,0.000299,15
scalar_ready/scalar_conv_00062_0a3b9123,SC,OK,PASS,18128579500,0.018129,332
scalar_ready/scalar_conv_00063_fa4308d6,SC,OK,TIMEOUT,-,-,1800
scalar_ready/scalar_conv_00064_45b96ed3,SC,OK,TIMEOUT,-,-,1800
scalar_ready/scalar_conv_00065_8fab18eb,SC,OK,PASS,1469393500,0.001469,27
scalar_ready/scalar_conv_00066_6c7ad01b,SC,OK,PASS,393216500,0.000393,16
scalar_ready/scalar_conv_00067_6c3e98ac,SC,OK,PASS,595965500,0.000596,18
scalar_ready/scalar_conv_00068_c0be147f,SC,OK,TIMEOUT,-,-,1800
scalar_ready/scalar_conv_00069_c8e1154c,SC,OK,TIMEOUT,-,-,1800
scalar_ready/scalar_conv_00070_b1ff21e6,SC,OK,PASS,568245500,0.000568,19
scalar_ready/scalar_conv_00071_207e1cef,SC,OK,TIMEOUT,-,-,1800
scalar_ready/scalar_conv_00072_8728a709,SC,OK,PASS,2356350500,0.002356,37
scalar_ready/scalar_conv_00073_7b99d8d3,SC,OK,PASS,3658008500,0.003658,63
scalar_ready/scalar_conv_00074_19fc8038,SC,OK,PASS,349267500,0.000349,15
scalar_ready/scalar_conv_00075_9f02518e,SC,OK,PASS,5922826000,0.005923,115
scalar_ready/scalar_conv_00076_7d8cfe03,SC,OK,PASS,602089000,0.000602,17
scalar_ready/scalar_conv_00077_c1720a15,SC,OK,PASS,230571500,0.000231,13
scalar_ready/scalar_conv_00078_beed19f0,SC,OK,PASS,459466000,0.000459,16
scalar_ready/scalar_conv_00079_dc153582,SC,OK,PASS,103485888000,0.103486,1782
scalar_ready/scalar_conv_00080_f158de02,SC,OK,PASS,42555483000,0.042555,819
scalar_ready/scalar_conv_00081_c23e18c6,SC,OK,TIMEOUT,-,-,1800
scalar_ready/scalar_conv_00082_1626e5eb,SC,OK,PASS,84432278500,0.084432,978
scalar_ready/scalar_conv_00083_751ffa0b,SC,OK,PASS,115580373000,0.115580,1216
scalar_ready/scalar_conv_00084_0cc1d5e0,SC,OK,PASS,4718349500,0.004718,82
scalar_ready/scalar_conv_00085_54887487,SC,OK,PASS,71980042000,0.071980,930
scalar_ready/scalar_conv_00086_7a86c057,SC,OK,PASS,536595500,0.000537,19
scalar_ready/scalar_conv_00087_fb543055,SC,OK,PASS,395920000,0.000396,15
scalar_ready/scalar_conv_00088_aec0b468,SC,OK,PASS,3538629000,0.003539,47
scalar_ready/scalar_conv_00089_76999dad,SC,OK,PASS,10303711500,0.010304,186
scalar_ready/scalar_conv_00090_8e3fa11e,SC,OK,PASS,1635869000,0.001636,38
scalar_ready/scalar_conv_00091_56c88563,SC,OK,PASS,259473000,0.000259,14
scalar_ready/scalar_conv_00092_3f96995f,SC,OK,PASS,937016500,0.000937,23
scalar_ready/scalar_conv_00093_f4fb5d63,SC,OK,PASS,317469000,0.000317,15
scalar_ready/scalar_conv_00094_c530f2c7,SC,OK,PASS,6348978500,0.006349,77
scalar_ready/scalar_conv_00095_5ac018bb,SC,OK,TIMEOUT,-,-,1801
scalar_ready/scalar_conv_00096_acd4bef4,SC,OK,PASS,2249853500,0.002250,51
scalar_ready/scalar_conv_00097_446037a5,SC,OK,PASS,1884935500,0.001885,30
scalar_ready/scalar_conv_00098_ceb93ae3,SC,OK,PASS,2888395500,0.002888,65
scalar_ready/scalar_conv_00099_54b8c424,SC,OK,PASS,2679288500,0.002679,60
scalar_ready/scalar_conv_00100_6c0d32ae,SC,OK,PASS,10343770500,0.010344,176
scalar_ready/scalar_conv_00101_b9fea176,SC,OK,PASS,5505272000,0.005505,95
scalar_ready/scalar_conv_00102_ff201f93,SC,OK,PASS,407821000,0.000408,15
scalar_ready/scalar_conv_00103_f600c9b4,SC,OK,PASS,660483000,0.000660,22
scalar_ready/scalar_conv_00104_33d7f6e1,SC,OK,PASS,16319457000,0.016319,312
scalar_ready/scalar_conv_00105_d9142f58,SC,OK,PASS,39881404000,0.039881,886
scalar_ready/scalar_conv_00106_2b4b197b,SC,OK,PASS,2590250500,0.002590,50
scalar_ready/scalar_conv_00107_5f58ddca,SC,OK,PASS,591971500,0.000592,20
scalar_ready/scalar_conv_00108_c60ec3da,SC,OK,PASS,858725500,0.000859,20
scalar_ready/scalar_conv_00109_54cea17f,SC,OK,TIMEOUT,-,-,1800
scalar_ready/scalar_conv_00110_babd6d82,SC,OK,PASS,1234740500,0.001235,23
scalar_ready/scalar_conv_00111_ba6948e8,SC,OK,PASS,2579510500,0.002580,38
scalar_ready/scalar_conv_00112_0c9a9352,SC,OK,PASS,59950493000,0.059950,655
scalar_ready/scalar_conv_00113_dcb8a930,SC,OK,PASS,721832000,0.000722,22
scalar_ready/scalar_conv_00114_14be480b,SC,OK,PASS,286797000,0.000287,14
scalar_ready/scalar_conv_00115_1873b03c,SC,OK,PASS,7215613000,0.007216,86
scalar_ready/scalar_conv_00116_17e0e0c0,SC,OK,PASS,506036000,0.000506,18
scalar_ready/scalar_conv_00117_90907e04,SC,OK,PASS,34412008500,0.034412,366
scalar_ready/scalar_conv_00118_c72f5498,SC,OK,PASS,2637894000,0.002638,51
scalar_ready/scalar_conv_00119_212048ed,SC,OK,PASS,450520000,0.000451,15
scalar_ready/scalar_conv_00120_8f228774,SC,OK,PASS,941758500,0.000942,21
scalar_ready/scalar_conv_00121_4d930525,SC,OK,PASS,1886821500,0.001887,40
scalar_ready/scalar_conv_00122_679d1bc8,SC,OK,PASS,15299569000,0.015300,290
scalar_ready/scalar_conv_00123_afef322e,SC,OK,PASS,15251619500,0.015252,173
scalar_ready/scalar_conv_00124_0e457537,SC,OK,PASS,9028934500,0.009029,171
scalar_ready/scalar_conv_00125_168e6582,SC,OK,PASS,669191000,0.000669,18
scalar_ready/scalar_conv_00126_3cd8f821,SC,OK,PASS,240607000,0.000241,13
scalar_ready/scalar_conv_00127_524da15a,SC,OK,PASS,875202500,0.000875,23
scalar_ready/scalar_conv_00128_3b4222d6,SC,OK,PASS,4629721000,0.004630,59
scalar_ready/scalar_conv_00129_5b7a0613,SC,OK,PASS,235848500,0.000236,13
scalar_ready/scalar_conv_00130_0dec6e67,SC,OK,TIMEOUT,-,-,1800
scalar_ready/scalar_conv_00131_93360548,SC,OK,PASS,641759500,0.000642,21
scalar_ready/scalar_conv_00132_6ba70a3e,SC,OK,PASS,2740053000,0.002740,58
scalar_ready/scalar_conv_00133_5700cf36,SC,OK,PASS,329385000,0.000329,15
scalar_ready/scalar_conv_00134_e3e0691f,SC,OK,PASS,5196000500,0.005196,67
scalar_ready/scalar_conv_00135_b88b3a6d,SC,OK,PASS,443777000,0.000444,18
scalar_ready/scalar_conv_00136_4134e1fd,SC,OK,PASS,566172500,0.000566,17
scalar_ready/scalar_conv_00137_37aa845d,SC,OK,PASS,281097000,0.000281,14
scalar_ready/scalar_conv_00138_833a4e33,SC,OK,PASS,2203522500,0.002204,34
scalar_ready/scalar_conv_00139_11c5c04f,SC,OK,PASS,858762500,0.000859,20
scalar_ready/scalar_conv_00140_505046be,SC,OK,PASS,32651508000,0.032652,569
scalar_ready/scalar_conv_00141_f2b2cd0f,SC,OK,PASS,2707117500,0.002707,56
scalar_ready/scalar_conv_00142_c26db0ab,SC,OK,PASS,396958000,0.000397,16
scalar_ready/scalar_conv_00143_4e853620,SC,OK,PASS,763315500,0.000763,23
scalar_ready/scalar_conv_00144_0c7e2c82,SC,OK,PASS,557414000,0.000557,19
scalar_ready/scalar_conv_00145_190c8505,SC,OK,PASS,62455114500,0.062455,1177
scalar_ready/scalar_conv_00146_51ad1dd5,SC,OK,PASS,1682260000,0.001682,40
scalar_ready/scalar_conv_00147_0b1bbc60,SC,OK,PASS,306576000,0.000307,15
scalar_ready/scalar_conv_00148_48229abd,SC,OK,PASS,409085500,0.000409,15
scalar_ready/scalar_conv_00149_4704a02c,SC,OK,PASS,5791382500,0.005791,71
scalar_ready/scalar_copy_00001_70b6edc9,SC,OK,PASS,628431000,0.000628,19
scalar_ready/scalar_copy_00003_3c1ff4cf,SC,OK,PASS,220747000,0.000221,13
scalar_ready/scalar_copy_00004_8b523f89,SC,OK,PASS,505087500,0.000505,17
scalar_ready/scalar_copy_00012_db83695b,SC,OK,PASS,222121000,0.000222,13
scalar_ready/scalar_copy_00023_ba49906b,SC,OK,PASS,227551500,0.000228,14
scalar_ready/scalar_copy_00026_3b6024b9,SC,OK,PASS,222062500,0.000222,13
scalar_ready/scalar_copy_00038_56f216dd,SC,OK,PASS,217664000,0.000218,13
scalar_ready/scalar_copy_00040_9640a0ba,SC,OK,PASS,216573500,0.000217,14
scalar_ready/scalar_copy_00046_0afc790f,SC,OK,PASS,217347500,0.000217,13
scalar_ready/scalar_copy_00047_5916a87b,SC,OK,PASS,252631500,0.000253,13
scalar_ready/scalar_copy_00051_a531269e,SC,OK,PASS,226631000,0.000227,13
scalar_ready/scalar_copy_00057_d9b9e668,SC,OK,PASS,221548000,0.000222,13
scalar_ready/scalar_copy_00064_a4854864,SC,OK,PASS,509454500,0.000509,17
scalar_ready/scalar_copy_00089_96b98c27,SC,OK,PASS,221810000,0.000222,13
scalar_ready/scalar_copy_00095_5a28daf3,SC,OK,PASS,222257500,0.000222,13
scalar_ready/scalar_copy_00097_7b51b335,SC,OK,PASS,220069000,0.000220,13
scalar_ready/scalar_copy_00098_9b05f34a,SC,OK,PASS,503210500,0.000503,18
scalar_ready/scalar_copy_00102_9988d0c7,SC,OK,PASS,232688000,0.000233,13
scalar_ready/scalar_copy_00103_728e7cb7,SC,OK,PASS,222387500,0.000222,13
scalar_ready/scalar_copy_00107_07d580d5,SC,OK,PASS,278554000,0.000279,14
scalar_ready/scalar_copy_00110_e3498b6a,SC,OK,PASS,307796500,0.000308,14
scalar_ready/scalar_copy_00121_ba9a4074,SC,OK,PASS,2625478500,0.002625,44
scalar_ready/scalar_copy_00122_1b76c5ec,SC,OK,PASS,252336000,0.000252,14
scalar_ready/scalar_copy_00133_56e52273,SC,OK,PASS,239101500,0.000239,13
scalar_ready/scalar_copy_00139_9fd20dbd,SC,OK,PASS,223160000,0.000223,14
scalar_ready/scalar_copy_00140_95e7d657,SC,OK,PASS,218816000,0.000219,13
scalar_ready/scalar_copy_00141_32ffa199,SC,OK,PASS,993534500,0.000994,28
scalar_ready/scalar_copy_00153_604f23df,SC,OK,PASS,1655637000,0.001656,29
scalar_ready/scalar_copy_00178_3ed407c1,SC,OK,PASS,239699000,0.000240,13
scalar_ready/scalar_copy_00187_70e348e5,SC,OK,PASS,241054500,0.000241,13
scalar_ready/scalar_copy_00193_8f9cc975,SC,OK,PASS,435153500,0.000435,18
scalar_ready/scalar_copy_00198_191e7a74,SC,OK,PASS,220409500,0.000220,13
scalar_ready/scalar_copy_00204_16ddc319,SC,OK,PASS,392928000,0.000393,15
scalar_ready/scalar_copy_00206_2bc2fff8,SC,OK,PASS,221162500,0.000221,13
scalar_ready/scalar_copy_00214_a9c02b03,SC,OK,PASS,227458500,0.000227,13
scalar_ready/scalar_copy_00223_ad04883c,SC,OK,PASS,1100512000,0.001101,30
scalar_ready/scalar_copy_00226_3ab52426,SC,OK,PASS,18058457500,0.018058,272
scalar_ready/scalar_copy_00228_65287e2b,SC,OK,PASS,220134000,0.000220,13
scalar_ready/scalar_copy_00233_7fdcc54b,SC,OK,PASS,225270000,0.000225,13
scalar_ready/scalar_copy_00236_0f56342d,SC,OK,PASS,219888000,0.000220,13
scalar_ready/scalar_copy_00238_64f39669,SC,OK,PASS,224386500,0.000224,14
scalar_ready/scalar_copy_00248_ae486dc5,SC,OK,PASS,222867000,0.000223,13
scalar_ready/scalar_copy_00250_46aa1665,SC,OK,PASS,244625000,0.000245,13
scalar_ready/scalar_copy_00257_832c27f5,SC,OK,PASS,366016500,0.000366,16
scalar_ready/scalar_copy_00262_a0fe1e96,SC,OK,PASS,235775000,0.000236,13
scalar_ready/scalar_copy_00269_1abd86c6,SC,OK,PASS,1205946000,0.001206,24
scalar_ready/scalar_copy_00272_7df4b5de,SC,OK,PASS,246238500,0.000246,13
scalar_ready/scalar_copy_00281_0d34bd71,SC,OK,PASS,258124000,0.000258,14
scalar_ready/scalar_copy_00296_1f8869a3,SC,OK,PASS,220262000,0.000220,13
scalar_ready/scalar_copy_00297_7fe62fc3,SC,OK,PASS,237335500,0.000237,14
scalar_ready/scalar_elementwise_00000_786f4b60,SC,OK,PASS,736727000,0.000737,21
scalar_ready/scalar_elementwise_00007_cb6c6186,SC,OK,PASS,392382500,0.000392,15
scalar_ready/scalar_elementwise_00018_0cab2896,SC,OK,PASS,228285500,0.000228,13
scalar_ready/scalar_elementwise_00020_dcb53fd4,SC,OK,PASS,218352000,0.000218,14
scalar_ready/scalar_elementwise_00027_0164c19a,SC,OK,PASS,1028831000,0.001029,22
scalar_ready/scalar_elementwise_00033_fdde2325,SC,OK,PASS,234242500,0.000234,13
scalar_ready/scalar_elementwise_00041_9f14f388,SC,OK,PASS,1639126500,0.001639,28
scalar_ready/scalar_elementwise_00052_5f539b65,SC,OK,PASS,224646000,0.000225,13
scalar_ready/scalar_elementwise_00053_d37c7816,SC,OK,PASS,290727000,0.000291,15
scalar_ready/scalar_elementwise_00056_bc6f4bb1,SC,OK,PASS,232796500,0.000233,13
scalar_ready/scalar_elementwise_00061_70ca6e81,SC,OK,PASS,284395500,0.000284,14
scalar_ready/scalar_elementwise_00065_a6c4c30d,SC,OK,PASS,351753500,0.000352,13
scalar_ready/scalar_elementwise_00068_2e591413,SC,OK,PASS,383640000,0.000384,16
scalar_ready/scalar_elementwise_00073_45f4dcf1,SC,OK,PASS,229330500,0.000229,13
scalar_ready/scalar_elementwise_00075_be429333,SC,OK,PASS,224266000,0.000224,13
scalar_ready/scalar_elementwise_00077_1f40eef3,SC,OK,PASS,220664000,0.000221,14
scalar_ready/scalar_elementwise_00079_1d0b3515,SC,OK,PASS,228789000,0.000229,13
scalar_ready/scalar_elementwise_00080_93293695,SC,OK,PASS,616859500,0.000617,15
scalar_ready/scalar_elementwise_00081_5795a547,SC,OK,PASS,220766000,0.000221,13
scalar_ready/scalar_elementwise_00082_79c67955,SC,OK,PASS,224309000,0.000224,14
scalar_ready/scalar_elementwise_00087_b97c8e7d,SC,OK,PASS,743019000,0.000743,18
scalar_ready/scalar_elementwise_00100_0df796a3,SC,OK,PASS,234868000,0.000235,14
scalar_ready/scalar_elementwise_00101_07e06cea,SC,OK,PASS,223819000,0.000224,13
scalar_ready/scalar_elementwise_00104_bb19667c,SC,OK,PASS,222044500,0.000222,13
scalar_ready/scalar_elementwise_00106_ce66972e,SC,OK,PASS,243110000,0.000243,13
scalar_ready/scalar_elementwise_00108_97209f76,SC,OK,PASS,224278500,0.000224,13
scalar_ready/scalar_elementwise_00109_4b663d82,SC,OK,PASS,225692000,0.000226,14
scalar_ready/scalar_elementwise_00111_3f16a052,SC,OK,PASS,387904000,0.000388,16
scalar_ready/scalar_elementwise_00113_8ddefa06,SC,OK,PASS,268434500,0.000268,14
scalar_ready/scalar_elementwise_00124_c609a7f0,SC,OK,PASS,218587500,0.000219,13
scalar_ready/scalar_elementwise_00127_25da21f6,SC,OK,PASS,219749500,0.000220,13
scalar_ready/scalar_elementwise_00129_20340831,SC,OK,PASS,249980500,0.000250,13
scalar_ready/scalar_elementwise_00130_aea499ae,SC,OK,PASS,231034500,0.000231,14
scalar_ready/scalar_elementwise_00137_9b080a42,SC,OK,PASS,220416000,0.000220,12
scalar_ready/scalar_elementwise_00143_af271ffb,SC,OK,PASS,225051000,0.000225,13
scalar_ready/scalar_elementwise_00146_5f042369,SC,OK,PASS,219313000,0.000219,13
scalar_ready/scalar_elementwise_00149_a635b1ff,SC,OK,PASS,224904000,0.000225,12
scalar_ready/scalar_elementwise_00169_50005e74,SC,OK,PASS,672596500,0.000673,20
scalar_ready/scalar_elementwise_00170_1c56ea7e,SC,OK,PASS,223429000,0.000223,13
scalar_ready/scalar_elementwise_00171_dffab5da,SC,OK,PASS,220684500,0.000221,13
scalar_ready/scalar_elementwise_00176_1c469834,SC,OK,PASS,222459500,0.000222,13
scalar_ready/scalar_elementwise_00188_bc5ec6a2,SC,OK,PASS,237062500,0.000237,13
scalar_ready/scalar_elementwise_00190_bb43735f,SC,OK,PASS,227436000,0.000227,13
scalar_ready/scalar_elementwise_00191_3805fdb0,SC,OK,PASS,221034500,0.000221,14
scalar_ready/scalar_elementwise_00194_9e2d5e7e,SC,OK,PASS,222107000,0.000222,13
scalar_ready/scalar_elementwise_00196_33d55bcd,SC,OK,PASS,679646000,0.000680,18
scalar_ready/scalar_elementwise_00199_49d5f281,SC,OK,PASS,223485000,0.000223,13
scalar_ready/scalar_elementwise_00202_31cb7392,SC,OK,PASS,224886000,0.000225,13
scalar_ready/scalar_elementwise_00203_58ee1e2b,SC,OK,PASS,246397500,0.000246,13
scalar_ready/scalar_elementwise_00205_cea6c51a,SC,OK,PASS,220541500,0.000221,12
scalar_ready/scalar_elementwise_00208_a77405ce,SC,OK,PASS,390065000,0.000390,15
scalar_ready/scalar_elementwise_00209_ef8e2e40,SC,OK,PASS,220141000,0.000220,14
scalar_ready/scalar_elementwise_00215_ed57b388,SC,OK,PASS,224988000,0.000225,13
scalar_ready/scalar_elementwise_00222_dc00ae07,SC,OK,PASS,397546500,0.000398,14
scalar_ready/scalar_elementwise_00224_51201bc0,SC,OK,PASS,220536500,0.000221,13
scalar_ready/scalar_elementwise_00232_a1bede85,SC,OK,PASS,227172000,0.000227,14
scalar_ready/scalar_elementwise_00243_63fae652,SC,OK,PASS,220510500,0.000221,13
scalar_ready/scalar_elementwise_00244_b4982cd8,SC,OK,PASS,219322000,0.000219,14
scalar_ready/scalar_elementwise_00245_38f8ecbe,SC,OK,PASS,226063500,0.000226,13
scalar_ready/scalar_elementwise_00246_c683ef3a,SC,OK,PASS,234664000,0.000235,13
scalar_ready/scalar_elementwise_00247_5c5aa797,SC,OK,PASS,243357000,0.000243,14
scalar_ready/scalar_elementwise_00249_4d53c732,SC,OK,PASS,233916000,0.000234,13
scalar_ready/scalar_elementwise_00251_5a24dd75,SC,OK,PASS,232799500,0.000233,13
scalar_ready/scalar_elementwise_00268_172bd972,SC,OK,PASS,229215500,0.000229,13
scalar_ready/scalar_elementwise_00277_1dbf73af,SC,OK,PASS,1514324500,0.001514,27
scalar_ready/scalar_elementwise_00278_3b47e3da,SC,OK,PASS,2209968000,0.002210,30
scalar_ready/scalar_elementwise_00280_7ea367cd,SC,OK,PASS,1689508500,0.001690,26
scalar_ready/scalar_elementwise_00283_0ff4917f,SC,OK,PASS,619400000,0.000619,18
scalar_ready/scalar_elementwise_00284_5386ee11,SC,OK,PASS,235757500,0.000236,14
scalar_ready/scalar_elementwise_00295_9004bed4,SC,OK,PASS,263405000,0.000263,13
scalar_ready/scalar_generic_00000_5f4830ef,SC,OK,PASS,254164000,0.000254,14
scalar_ready/scalar_generic_00001_bb2d14b6,SC,OK,PASS,248240500,0.000248,13
scalar_ready/scalar_generic_00002_6f535043,SC,OK,PASS,242802000,0.000243,14
scalar_ready/scalar_generic_00003_a6580190,SC,OK,PASS,224465000,0.000224,15
scalar_ready/scalar_generic_00004_75e73d7f,SC,OK,PASS,852193000,0.000852,17
scalar_ready/scalar_generic_00005_c64e3678,SC,OK,PASS,230088500,0.000230,14
scalar_ready/scalar_generic_00006_0e25c689,SC,OK,PASS,250534000,0.000251,13
scalar_ready/scalar_generic_00007_69a7c569,SC,OK,PASS,242453000,0.000242,13
scalar_ready/scalar_generic_00008_618a0a60,SC,OK,PASS,363285000,0.000363,15
scalar_ready/scalar_generic_00009_6c196bf5,SC,OK,PASS,256388500,0.000256,14
scalar_ready/scalar_generic_00010_0bbdc262,SC,OK,PASS,231383500,0.000231,14
scalar_ready/scalar_generic_00011_1c9f9b98,SC,OK,PASS,216998000,0.000217,13
scalar_ready/scalar_generic_00012_89a504d2,SC,OK,PASS,270822000,0.000271,13
scalar_ready/scalar_generic_00013_b1c46895,SC,OK,PASS,260881500,0.000261,14
scalar_ready/scalar_generic_00014_e082737d,SC,OK,PASS,228466500,0.000228,14
scalar_ready/scalar_generic_00015_8b9f4c32,SC,OK,PASS,306807000,0.000307,14
scalar_ready/scalar_generic_00016_1a860bd7,SC,FAIL,-,-,-,-
scalar_ready/scalar_generic_00017_7d6afbad,SC,OK,PASS,216989500,0.000217,13
scalar_ready/scalar_generic_00018_3d69a40b,SC,OK,PASS,219491500,0.000219,13
scalar_ready/scalar_generic_00019_ade33227,SC,OK,PASS,333462500,0.000333,15
scalar_ready/scalar_generic_00020_4a9c0852,SC,OK,PASS,1310469500,0.001310,20
scalar_ready/scalar_generic_00021_690fc6a5,SC,OK,PASS,225166000,0.000225,14
scalar_ready/scalar_generic_00022_31eea873,SC,OK,PASS,262720000,0.000263,13
scalar_ready/scalar_generic_00023_b960af84,SC,OK,PASS,287767000,0.000288,14
scalar_ready/scalar_generic_00024_c6ef5acb,SC,OK,PASS,231080500,0.000231,14
scalar_ready/scalar_generic_00025_720d4114,SC,OK,PASS,224866000,0.000225,13
scalar_ready/scalar_generic_00026_67fde0e3,SC,OK,PASS,257502000,0.000258,14
scalar_ready/scalar_generic_00027_1930dce0,SC,OK,PASS,236057000,0.000236,13
scalar_ready/scalar_generic_00028_d3a8ae90,SC,OK,PASS,226295500,0.000226,13
scalar_ready/scalar_generic_00029_3b80f24e,SC,OK,PASS,241863500,0.000242,13
scalar_ready/scalar_generic_00030_162507d6,SC,OK,PASS,220197000,0.000220,13
scalar_ready/scalar_generic_00031_03697d28,SC,OK,PASS,240186000,0.000240,14
scalar_ready/scalar_generic_00032_05c22f1b,SC,OK,PASS,420774000,0.000421,15
scalar_ready/scalar_generic_00033_67703f30,SC,OK,PASS,279654500,0.000280,14
scalar_ready/scalar_generic_00034_1770cfc7,SC,OK,PASS,288684500,0.000289,14
scalar_ready/scalar_generic_00035_43091ca8,SC,OK,PASS,226787500,0.000227,13
scalar_ready/scalar_generic_00036_5fb192e9,SC,OK,PASS,228820500,0.000229,13
scalar_ready/scalar_generic_00037_a48a791b,SC,OK,PASS,301997000,0.000302,14
scalar_ready/scalar_generic_00038_7bc717d3,SC,OK,PASS,380997500,0.000381,15
scalar_ready/scalar_generic_00039_3592c3b9,SC,OK,PASS,1362679500,0.001363,21
scalar_ready/scalar_generic_00040_ca41d70a,SC,OK,PASS,224575500,0.000225,14
scalar_ready/scalar_generic_00041_e9f07142,SC,OK,PASS,237984500,0.000238,13
scalar_ready/scalar_generic_00042_57879c5b,SC,OK,PASS,263384000,0.000263,14
scalar_ready/scalar_generic_00043_113087e6,SC,OK,PASS,226407500,0.000226,13
scalar_ready/scalar_generic_00044_0fd485eb,SC,OK,PASS,221594500,0.000222,14
scalar_ready/scalar_generic_00045_435b06c4,SC,OK,PASS,220255000,0.000220,13
scalar_ready/scalar_generic_00046_f45f9510,SC,OK,PASS,222927000,0.000223,14
scalar_ready/scalar_generic_00047_200abe94,SC,OK,PASS,235195000,0.000235,13
scalar_ready/scalar_generic_00048_e00a1f71,SC,OK,PASS,227523000,0.000228,13
scalar_ready/scalar_generic_00049_cb60a8c8,SC,OK,PASS,229252000,0.000229,13
scalar_ready/scalar_generic_00050_26a788fe,SC,OK,PASS,225165500,0.000225,13
scalar_ready/scalar_generic_00051_69859efd,SC,OK,PASS,227569000,0.000228,13
scalar_ready/scalar_generic_00052_f13935f2,SC,OK,PASS,237149500,0.000237,13
scalar_ready/scalar_generic_00053_0b910f39,SC,OK,PASS,226481500,0.000226,13
scalar_ready/scalar_generic_00054_481654cf,SC,OK,PASS,221304000,0.000221,13
scalar_ready/scalar_generic_00055_180135ff,SC,OK,PASS,523120500,0.000523,18
scalar_ready/scalar_generic_00056_543c25c6,SC,OK,PASS,217480000,0.000217,13
scalar_ready/scalar_generic_00057_b6e90a9f,SC,OK,PASS,280906500,0.000281,14
scalar_ready/scalar_generic_00058_816f2783,SC,OK,PASS,423105000,0.000423,15
scalar_ready/scalar_generic_00059_71fdb5c1,SC,OK,PASS,238609000,0.000239,14
scalar_ready/scalar_generic_00060_f9842fab,SC,OK,PASS,230904500,0.000231,13
scalar_ready/scalar_generic_00061_60b0b054,SC,OK,PASS,320348500,0.000320,15
scalar_ready/scalar_generic_00062_24d0b48c,SC,OK,PASS,233729000,0.000234,14
scalar_ready/scalar_generic_00063_094deb3c,SC,OK,PASS,239061500,0.000239,13
scalar_ready/scalar_generic_00064_03ac8a66,SC,OK,PASS,397706000,0.000398,15
scalar_ready/scalar_generic_00065_c27f451f,SC,OK,PASS,281664000,0.000282,14
scalar_ready/scalar_generic_00066_99f32a1f,SC,OK,PASS,249984000,0.000250,14
scalar_ready/scalar_generic_00067_9a013f9c,SC,OK,PASS,216022500,0.000216,13
scalar_ready/scalar_generic_00068_e4fb0ed2,SC,OK,PASS,254190000,0.000254,14
scalar_ready/scalar_generic_00069_fc332905,SC,OK,PASS,237106000,0.000237,13
scalar_ready/scalar_generic_00070_8a94b8e4,SC,FAIL,-,-,-,-
scalar_ready/scalar_generic_00071_7666a938,SC,OK,PASS,225480000,0.000225,14
scalar_ready/scalar_generic_00072_33c4b0fb,SC,FAIL,-,-,-,-
scalar_ready/scalar_generic_00073_53399850,SC,OK,PASS,230036500,0.000230,13
scalar_ready/scalar_generic_00074_74eebcbf,SC,OK,PASS,247223500,0.000247,13
scalar_ready/scalar_generic_00075_7e54bfc8,SC,OK,PASS,222087500,0.000222,13
scalar_ready/scalar_generic_00076_84a19369,SC,OK,PASS,224279000,0.000224,13
scalar_ready/scalar_generic_00077_bc10bb95,SC,OK,PASS,376261500,0.000376,16
scalar_ready/scalar_generic_00078_181bfc5e,SC,OK,PASS,220392000,0.000220,13
scalar_ready/scalar_generic_00079_2bb7bd40,SC,OK,PASS,220387500,0.000220,13
scalar_ready/scalar_generic_00080_2bcb83cc,SC,OK,PASS,252231000,0.000252,13
scalar_ready/scalar_generic_00081_4ecb5ab1,SC,OK,PASS,233534000,0.000234,13
scalar_ready/scalar_generic_00082_c068f5ec,SC,OK,PASS,270339000,0.000270,13
scalar_ready/scalar_generic_00083_55eac4ec,SC,OK,PASS,223139000,0.000223,13
scalar_ready/scalar_generic_00084_5a7e3fa2,SC,OK,PASS,244396500,0.000244,13
scalar_ready/scalar_generic_00085_11d5012b,SC,OK,PASS,224185500,0.000224,13
scalar_ready/scalar_generic_00086_ad0d2fce,SC,OK,PASS,230672000,0.000231,15
scalar_ready/scalar_generic_00087_68068038,SC,OK,PASS,218965500,0.000219,13
scalar_ready/scalar_generic_00088_6f016775,SC,OK,PASS,506313000,0.000506,16
scalar_ready/scalar_generic_00089_edaeb9b1,SC,OK,PASS,261244500,0.000261,13
scalar_ready/scalar_generic_00090_6922a79b,SC,OK,PASS,304147500,0.000304,14
scalar_ready/scalar_generic_00091_b3567b8e,SC,OK,PASS,252227000,0.000252,14
scalar_ready/scalar_generic_00092_ceee5d62,SC,FAIL,-,-,-,-
scalar_ready/scalar_generic_00093_2d5da3ed,SC,OK,PASS,219332500,0.000219,12
scalar_ready/scalar_generic_00094_7ada501f,SC,OK,PASS,1647701000,0.001648,22
scalar_ready/scalar_generic_00095_ef1b1acb,SC,OK,PASS,223342000,0.000223,14
scalar_ready/scalar_generic_00096_32c93ef8,SC,OK,PASS,261452000,0.000261,13
scalar_ready/scalar_generic_00097_9469ef1d,SC,OK,PASS,288893000,0.000289,14
scalar_ready/scalar_generic_00098_9291b879,SC,OK,PASS,368735500,0.000369,15
scalar_ready/scalar_generic_00099_bb216194,SC,OK,PASS,380022000,0.000380,14
scalar_ready/scalar_generic_00100_cc7966ae,SC,OK,PASS,247900500,0.000248,13
scalar_ready/scalar_generic_00101_cf3e4328,SC,OK,PASS,226009500,0.000226,13
scalar_ready/scalar_generic_00102_8c5f1f45,SC,OK,PASS,336825500,0.000337,14
scalar_ready/scalar_generic_00103_07df89ca,SC,OK,PASS,317885000,0.000318,15
scalar_ready/scalar_generic_00104_5d8f6d41,SC,OK,PASS,806836000,0.000807,17
scalar_ready/scalar_generic_00105_9b954a8f,SC,OK,PASS,218468000,0.000218,13
scalar_ready/scalar_generic_00106_7aea5817,SC,OK,PASS,232466500,0.000232,13
scalar_ready/scalar_generic_00107_046d4a92,SC,OK,PASS,240499000,0.000240,13
scalar_ready/scalar_generic_00108_5505ea25,SC,OK,PASS,229204000,0.000229,14
scalar_ready/scalar_generic_00109_594b7e6c,SC,OK,PASS,230968000,0.000231,13
scalar_ready/scalar_generic_00110_8cd89e3b,SC,OK,PASS,306575500,0.000307,15
scalar_ready/scalar_generic_00111_808b1400,SC,OK,PASS,276185500,0.000276,14
scalar_ready/scalar_generic_00112_30a165a9,SC,OK,PASS,233431000,0.000233,13
scalar_ready/scalar_generic_00113_507bc437,SC,OK,PASS,223484500,0.000223,14
scalar_ready/scalar_generic_00114_45945d2a,SC,OK,PASS,242914000,0.000243,13
scalar_ready/scalar_generic_00115_d2efe935,SC,OK,PASS,227810000,0.000228,14
scalar_ready/scalar_generic_00116_0cd6f05c,SC,OK,PASS,259554500,0.000260,13
scalar_ready/scalar_generic_00117_b78f84af,SC,OK,PASS,284889500,0.000285,14
scalar_ready/scalar_generic_00118_1632d76d,SC,OK,PASS,415387000,0.000415,17
scalar_ready/scalar_generic_00119_82f5a6dc,SC,OK,PASS,222017000,0.000222,13
scalar_ready/scalar_generic_00120_4bcbfece,SC,OK,PASS,228680000,0.000229,13
scalar_ready/scalar_generic_00121_15760b9b,SC,OK,PASS,274905000,0.000275,14
scalar_ready/scalar_generic_00122_3cbc1ce6,SC,OK,PASS,229466500,0.000229,13
scalar_ready/scalar_generic_00123_24a1e2d8,SC,OK,PASS,240225000,0.000240,13
scalar_ready/scalar_generic_00124_cb5f9931,SC,OK,PASS,505212000,0.000505,17
scalar_ready/scalar_generic_00125_9aa900f6,SC,OK,PASS,328383500,0.000328,14
scalar_ready/scalar_generic_00126_67680876,SC,OK,PASS,276300000,0.000276,14
scalar_ready/scalar_generic_00127_6091c5ce,SC,OK,PASS,264658500,0.000265,14
scalar_ready/scalar_generic_00128_d55948be,SC,OK,PASS,804652000,0.000805,17
scalar_ready/scalar_generic_00129_761ef880,SC,FAIL,-,-,-,-
scalar_ready/scalar_generic_00130_384d2d99,SC,OK,PASS,226259000,0.000226,14
scalar_ready/scalar_generic_00131_85ce4a7f,SC,OK,PASS,285795000,0.000286,14
scalar_ready/scalar_generic_00132_2b2129c8,SC,OK,PASS,226799500,0.000227,13
scalar_ready/scalar_generic_00133_8b952414,SC,OK,PASS,347148500,0.000347,15
scalar_ready/scalar_generic_00134_9bd68912,SC,OK,PASS,218028000,0.000218,14
scalar_ready/scalar_generic_00135_32b83df8,SC,OK,PASS,247552000,0.000248,13
scalar_ready/scalar_generic_00136_ef959d88,SC,OK,PASS,232160000,0.000232,13
scalar_ready/scalar_generic_00137_c94ddf4a,SC,OK,PASS,573975000,0.000574,16
scalar_ready/scalar_generic_00138_a69fd801,SC,OK,PASS,225666500,0.000226,13
scalar_ready/scalar_generic_00139_1635d5c6,SC,OK,PASS,4004387500,0.004004,33
scalar_ready/scalar_generic_00140_c42adcc0,SC,OK,PASS,1374794500,0.001375,20
scalar_ready/scalar_generic_00141_ae0c7596,SC,OK,PASS,235043500,0.000235,14
scalar_ready/scalar_generic_00142_41b9505e,SC,OK,PASS,236203000,0.000236,14
scalar_ready/scalar_generic_00143_e6205b31,SC,OK,PASS,268171500,0.000268,13
scalar_ready/scalar_generic_00144_ea91e8e2,SC,OK,PASS,226415500,0.000226,14
scalar_ready/scalar_generic_00145_9046b54b,SC,OK,PASS,235288500,0.000235,13
scalar_ready/scalar_generic_00146_898a3723,SC,FAIL,-,-,-,-
scalar_ready/scalar_generic_00147_b9e64230,SC,OK,PASS,363153000,0.000363,15
scalar_ready/scalar_generic_00148_a4278abd,SC,OK,PASS,225474500,0.000225,13
scalar_ready/scalar_generic_00149_74c2d65a,SC,OK,PASS,396572000,0.000397,15
scalar_ready/scalar_generic_00150_fb0db950,SC,FAIL,-,-,-,-
scalar_ready/scalar_generic_00151_c6a03b53,SC,OK,PASS,233715500,0.000234,14
scalar_ready/scalar_generic_00152_50498132,SC,OK,PASS,220093000,0.000220,14
scalar_ready/scalar_generic_00153_702c0172,SC,OK,PASS,226893500,0.000227,13
scalar_ready/scalar_generic_00154_0abab828,SC,OK,PASS,917943500,0.000918,17
scalar_ready/scalar_generic_00155_cabe4d21,SC,OK,PASS,224762500,0.000225,13
scalar_ready/scalar_generic_00156_795b5c0d,SC,OK,PASS,291854000,0.000292,13
scalar_ready/scalar_generic_00157_e2280478,SC,OK,PASS,220761500,0.000221,13
scalar_ready/scalar_generic_00158_90c037f1,SC,OK,PASS,221030500,0.000221,13
scalar_ready/scalar_generic_00159_c78db245,SC,OK,PASS,226862000,0.000227,13
scalar_ready/scalar_generic_00160_4ef1906d,SC,OK,PASS,223479500,0.000223,13
scalar_ready/scalar_generic_00161_7f38dd28,SC,OK,PASS,237956000,0.000238,13
scalar_ready/scalar_generic_00162_30a82cb0,SC,OK,PASS,215597000,0.000216,13
scalar_ready/scalar_generic_00163_9e752d6e,SC,OK,PASS,221957000,0.000222,13
scalar_ready/scalar_generic_00164_ab21a103,SC,OK,PASS,234811000,0.000235,13
scalar_ready/scalar_generic_00165_7264df17,SC,OK,PASS,295480500,0.000295,15
scalar_ready/scalar_generic_00166_ad2f29f0,SC,OK,PASS,224037500,0.000224,13
scalar_ready/scalar_generic_00167_5d6f3a7a,SC,OK,PASS,230197500,0.000230,13
scalar_ready/scalar_generic_00168_9390e21a,SC,OK,PASS,239735000,0.000240,14
scalar_ready/scalar_generic_00169_61e7c0b8,SC,OK,PASS,339827000,0.000340,14
scalar_ready/scalar_generic_00170_208be0b0,SC,OK,PASS,520661000,0.000521,17
scalar_ready/scalar_generic_00171_77ee4e6e,SC,OK,PASS,284252000,0.000284,13
scalar_ready/scalar_generic_00172_294cae0b,SC,OK,PASS,226895500,0.000227,13
scalar_ready/scalar_generic_00173_86cdb336,SC,OK,PASS,252586500,0.000253,13
scalar_ready/scalar_generic_00174_5d57d84e,SC,OK,PASS,220219000,0.000220,14
scalar_ready/scalar_generic_00175_8b1a1a6c,SC,OK,PASS,1252606500,0.001253,21
scalar_ready/scalar_generic_00176_1e4fcdee,SC,OK,PASS,222567000,0.000223,13
scalar_ready/scalar_generic_00177_e89ca4c8,SC,OK,PASS,226616500,0.000227,13
scalar_ready/scalar_generic_00178_bbb61880,SC,OK,PASS,236473500,0.000236,14
scalar_ready/scalar_generic_00179_6e658858,SC,OK,PASS,226381500,0.000226,13
scalar_ready/scalar_generic_00180_06b4c2a3,SC,OK,PASS,226411000,0.000226,13
scalar_ready/scalar_generic_00181_3f4e22e7,SC,OK,PASS,333766500,0.000334,14
scalar_ready/scalar_generic_00182_f1129d2d,SC,OK,PASS,239362500,0.000239,13
scalar_ready/scalar_generic_00183_656d6395,SC,OK,PASS,240932500,0.000241,13
scalar_ready/scalar_generic_00184_2e41bad3,SC,OK,PASS,239648500,0.000240,13
scalar_ready/scalar_generic_00185_2d8a5c3e,SC,OK,PASS,349606500,0.000350,14
scalar_ready/scalar_generic_00186_b589f2b6,SC,OK,PASS,288831500,0.000289,14
scalar_ready/scalar_generic_00187_63a88f97,SC,OK,PASS,225592000,0.000226,14
scalar_ready/scalar_generic_00188_c2a54746,SC,OK,PASS,217961000,0.000218,13
scalar_ready/scalar_generic_00189_a729b87e,SC,OK,PASS,285692000,0.000286,14
scalar_ready/scalar_generic_00190_f2f293f1,SC,OK,PASS,224925000,0.000225,14
scalar_ready/scalar_generic_00191_2b1579e6,SC,FAIL,-,-,-,-
scalar_ready/scalar_generic_00192_7c9885d1,SC,OK,PASS,219464000,0.000219,13
scalar_ready/scalar_generic_00193_8fd49c1d,SC,OK,PASS,227724000,0.000228,13
scalar_ready/scalar_generic_00194_80e8604f,SC,FAIL,-,-,-,-
scalar_ready/scalar_generic_00195_5ed4ce0b,SC,OK,PASS,221226000,0.000221,13
scalar_ready/scalar_generic_00196_a5287212,SC,OK,PASS,235088500,0.000235,13
scalar_ready/scalar_generic_00197_b86b2a1b,SC,OK,PASS,235050500,0.000235,14
scalar_ready/scalar_generic_00198_1b4a7ec3,SC,OK,PASS,221180000,0.000221,14
scalar_ready/scalar_generic_00199_dd2e5c14,SC,OK,PASS,401087500,0.000401,14
scalar_ready/scalar_generic_00200_18beec78,SC,OK,PASS,268995500,0.000269,14
scalar_ready/scalar_generic_00201_fbe3bb84,SC,OK,PASS,263144000,0.000263,15
scalar_ready/scalar_generic_00202_68b99698,SC,OK,PASS,607119500,0.000607,17
scalar_ready/scalar_generic_00203_617644a5,SC,OK,PASS,288378000,0.000288,14
scalar_ready/scalar_generic_00204_2706e28f,SC,OK,PASS,296767500,0.000297,14
scalar_ready/scalar_generic_00205_c9bc4f68,SC,OK,PASS,285422500,0.000285,13
scalar_ready/scalar_generic_00206_9c534b94,SC,OK,PASS,229394500,0.000229,13
scalar_ready/scalar_generic_00207_603cc2aa,SC,OK,PASS,225908000,0.000226,14
scalar_ready/scalar_generic_00208_24d0365e,SC,OK,PASS,287960000,0.000288,14
scalar_ready/scalar_generic_00209_040a8827,SC,OK,PASS,236437500,0.000236,13
scalar_ready/scalar_generic_00210_8c53d677,SC,OK,PASS,236162000,0.000236,13
scalar_ready/scalar_generic_00211_0592fe76,SC,OK,PASS,215266000,0.000215,14
scalar_ready/scalar_generic_00212_ab09880d,SC,FAIL,-,-,-,-
scalar_ready/scalar_generic_00213_f51e6dd0,SC,OK,PASS,242764000,0.000243,14
scalar_ready/scalar_generic_00214_cf90221c,SC,OK,PASS,222643000,0.000223,13
scalar_ready/scalar_generic_00215_14077fc2,SC,OK,PASS,217247000,0.000217,13
scalar_ready/scalar_generic_00216_428afab8,SC,OK,PASS,225937500,0.000226,13
scalar_ready/scalar_generic_00217_3f0edde2,SC,OK,PASS,221313000,0.000221,14
scalar_ready/scalar_generic_00218_cc8ff0f9,SC,OK,PASS,438956500,0.000439,15
scalar_ready/scalar_generic_00219_3ea32e1c,SC,OK,PASS,226797500,0.000227,13
scalar_ready/scalar_generic_00220_1474cf99,SC,OK,PASS,379902000,0.000380,15
scalar_ready/scalar_generic_00221_eaaaefa6,SC,OK,PASS,222830000,0.000223,13
scalar_ready/scalar_generic_00222_5ca1f961,SC,OK,PASS,224836500,0.000225,13
scalar_ready/scalar_generic_00223_db8b6ba4,SC,OK,PASS,229106500,0.000229,13
scalar_ready/scalar_generic_00224_95ac11e3,SC,OK,PASS,228357000,0.000228,13
scalar_ready/scalar_generic_00225_574fef47,SC,OK,PASS,267441000,0.000267,14
scalar_ready/scalar_generic_00226_d868f9bf,SC,OK,PASS,256136500,0.000256,13
scalar_ready/scalar_generic_00227_ec6f04fd,SC,FAIL,-,-,-,-
scalar_ready/scalar_generic_00228_d297442a,SC,OK,PASS,223875000,0.000224,13
scalar_ready/scalar_generic_00229_bb7f4099,SC,OK,PASS,231690500,0.000232,13
scalar_ready/scalar_generic_00230_8f59dbbd,SC,OK,PASS,219413000,0.000219,13
scalar_ready/scalar_generic_00231_8d4d7b83,SC,OK,PASS,257564000,0.000258,13
scalar_ready/scalar_generic_00232_99f38a77,SC,FAIL,-,-,-,-
scalar_ready/scalar_generic_00233_92f01a38,SC,OK,PASS,278484000,0.000278,14
scalar_ready/scalar_generic_00234_6438a854,SC,OK,PASS,232868000,0.000233,14
scalar_ready/scalar_generic_00235_4979fa4b,SC,OK,PASS,709019500,0.000709,16
scalar_ready/scalar_generic_00236_10ca382b,SC,OK,PASS,222174000,0.000222,14
scalar_ready/scalar_generic_00237_2f4381ab,SC,OK,PASS,223034000,0.000223,13
scalar_ready/scalar_generic_00238_9467bf34,SC,OK,PASS,224043500,0.000224,13
scalar_ready/scalar_generic_00239_3cd6a265,SC,OK,PASS,272243500,0.000272,14
scalar_ready/scalar_generic_00240_ffc5a5c7,SC,OK,PASS,375285000,0.000375,15
scalar_ready/scalar_generic_00241_054296c9,SC,OK,PASS,304457000,0.000304,15
scalar_ready/scalar_generic_00242_ae8b677d,SC,OK,PASS,251548000,0.000252,13
scalar_ready/scalar_generic_00243_048206ee,SC,OK,PASS,225259000,0.000225,13
scalar_ready/scalar_generic_00244_93c50943,SC,OK,PASS,234529000,0.000235,14
scalar_ready/scalar_generic_00245_70a2bd89,SC,OK,PASS,233873000,0.000234,13
scalar_ready/scalar_generic_00246_702ce93e,SC,OK,PASS,268136000,0.000268,14
scalar_ready/scalar_generic_00247_bb8da6ad,SC,OK,PASS,726718000,0.000727,18
scalar_ready/scalar_generic_00248_68aa4649,SC,OK,PASS,252823000,0.000253,14
scalar_ready/scalar_generic_00249_65af1217,SC,OK,PASS,218151000,0.000218,13
scalar_ready/scalar_generic_00250_4325191e,SC,OK,PASS,719632500,0.000720,16
scalar_ready/scalar_generic_00251_8efa85fe,SC,OK,PASS,268498000,0.000268,14
scalar_ready/scalar_generic_00252_46f668ce,SC,OK,PASS,220770500,0.000221,12
scalar_ready/scalar_generic_00253_cbbccb73,SC,FAIL,-,-,-,-
scalar_ready/scalar_generic_00254_0ff414c7,SC,OK,PASS,247060000,0.000247,13
scalar_ready/scalar_generic_00255_cdc8a578,SC,OK,PASS,221080000,0.000221,13
scalar_ready/scalar_generic_00256_251b8c24,SC,OK,PASS,243002500,0.000243,14
scalar_ready/scalar_generic_00257_371979a5,SC,OK,PASS,550410000,0.000550,17
scalar_ready/scalar_generic_00258_9166a586,SC,OK,PASS,227302500,0.000227,13
scalar_ready/scalar_generic_00259_5facb65b,SC,OK,PASS,220594000,0.000221,13
scalar_ready/scalar_generic_00260_326fcafb,SC,OK,PASS,448371000,0.000448,16
scalar_ready/scalar_generic_00261_90bab7e2,SC,FAIL,-,-,-,-
scalar_ready/scalar_generic_00262_3f0a6917,SC,OK,PASS,253879000,0.000254,14
scalar_ready/scalar_generic_00263_200a8326,SC,OK,PASS,275695000,0.000276,14
scalar_ready/scalar_generic_00264_c9f60d1e,SC,OK,PASS,280093500,0.000280,14
scalar_ready/scalar_generic_00265_e2f74da6,SC,OK,PASS,227915000,0.000228,13
scalar_ready/scalar_generic_00266_088dc373,SC,OK,PASS,229229500,0.000229,14
scalar_ready/scalar_generic_00267_ba7d6816,SC,OK,PASS,233950000,0.000234,13
scalar_ready/scalar_generic_00268_0e4cf109,SC,OK,PASS,234286000,0.000234,14
scalar_ready/scalar_generic_00269_57dfb9df,SC,OK,PASS,245578500,0.000246,13
scalar_ready/scalar_generic_00270_ff94824b,SC,OK,PASS,241324500,0.000241,14
scalar_ready/scalar_generic_00271_b1581422,SC,OK,PASS,304761500,0.000305,14
scalar_ready/scalar_generic_00272_6e7f55d7,SC,OK,PASS,225327500,0.000225,13
scalar_ready/scalar_generic_00273_095a8358,SC,OK,PASS,419207000,0.000419,16
scalar_ready/scalar_generic_00274_eabd9663,SC,OK,PASS,232287000,0.000232,13
scalar_ready/scalar_generic_00275_1e8a0713,SC,OK,PASS,285248000,0.000285,14
scalar_ready/scalar_generic_00276_0fc5cce7,SC,OK,PASS,235306000,0.000235,13
scalar_ready/scalar_generic_00277_4aef544f,SC,OK,PASS,262644500,0.000263,14
scalar_ready/scalar_generic_00278_ba9b612e,SC,OK,PASS,256916000,0.000257,13
scalar_ready/scalar_generic_00279_40926439,SC,OK,PASS,219765000,0.000220,13
scalar_ready/scalar_generic_00280_39c75bbf,SC,OK,PASS,457786000,0.000458,15
scalar_ready/scalar_generic_00281_0858d672,SC,OK,PASS,239567500,0.000240,14
scalar_ready/scalar_generic_00282_84a9d6fe,SC,OK,PASS,226624500,0.000227,13
scalar_ready/scalar_generic_00283_1eed1580,SC,OK,PASS,224316000,0.000224,13
scalar_ready/scalar_generic_00284_08a5a01d,SC,OK,PASS,249818000,0.000250,14
scalar_ready/scalar_generic_00285_fc1a5325,SC,OK,PASS,358455500,0.000358,15
scalar_ready/scalar_generic_00286_0d176287,SC,OK,PASS,338304500,0.000338,15
scalar_ready/scalar_generic_00287_517bd6bc,SC,OK,PASS,239141500,0.000239,13
scalar_ready/scalar_generic_00288_0f81f354,SC,OK,PASS,304941500,0.000305,14
scalar_ready/scalar_generic_00289_47975b6d,SC,OK,PASS,313130000,0.000313,14
scalar_ready/scalar_generic_00290_36b9d92f,SC,OK,PASS,494506500,0.000495,17
scalar_ready/scalar_generic_00291_1e560e11,SC,OK,PASS,231916000,0.000232,13
scalar_ready/scalar_generic_00292_30b89442,SC,OK,PASS,243669500,0.000244,13
scalar_ready/scalar_generic_00293_1ac9ba84,SC,OK,PASS,263072500,0.000263,14
scalar_ready/scalar_generic_00294_5a80c6fb,SC,OK,PASS,268155500,0.000268,14
scalar_ready/scalar_generic_00295_6909154e,SC,OK,PASS,272257000,0.000272,13
scalar_ready/scalar_generic_00296_c5ce4926,SC,OK,PASS,232747000,0.000233,13
scalar_ready/scalar_generic_00297_14051648,SC,OK,PASS,231384000,0.000231,13
scalar_ready/scalar_generic_00298_d5b90c45,SC,OK,PASS,220719000,0.000221,13
scalar_ready/scalar_generic_00299_d4fd7ddd,SC,OK,PASS,216985500,0.000217,13
scalar_ready/scalar_generic_00300_f512a93f,SC,OK,PASS,234686000,0.000235,14
scalar_ready/scalar_generic_00301_93ea7501,SC,OK,PASS,277891000,0.000278,14
scalar_ready/scalar_generic_00302_4e726def,SC,FAIL,-,-,-,-
scalar_ready/scalar_generic_00303_f61a413a,SC,OK,PASS,527246500,0.000527,15
scalar_ready/scalar_generic_00304_bc86f6b2,SC,OK,PASS,229931500,0.000230,13
scalar_ready/scalar_generic_00305_d55da387,SC,OK,PASS,228381500,0.000228,13
scalar_ready/scalar_generic_00306_52f250f2,SC,OK,PASS,222355500,0.000222,13
scalar_ready/scalar_generic_00307_b9514e87,SC,OK,PASS,239772000,0.000240,13
scalar_ready/scalar_generic_00308_8b556f9a,SC,OK,PASS,238687000,0.000239,14
scalar_ready/scalar_generic_00309_e341176f,SC,OK,PASS,220326500,0.000220,13
scalar_ready/scalar_generic_00310_538518ba,SC,OK,PASS,447216500,0.000447,15
scalar_ready/scalar_generic_00311_2d15c985,SC,OK,PASS,701082500,0.000701,18
scalar_ready/scalar_generic_00312_32878505,SC,OK,PASS,229148000,0.000229,14
scalar_ready/scalar_generic_00313_29b53e03,SC,OK,PASS,250602500,0.000251,13
scalar_ready/scalar_generic_00314_827918ce,SC,OK,PASS,457636000,0.000458,17
scalar_ready/scalar_generic_00315_06605d50,SC,OK,PASS,224002500,0.000224,14
scalar_ready/scalar_generic_00316_1ca394d3,SC,OK,PASS,221204500,0.000221,13
scalar_ready/scalar_generic_00317_db0610ce,SC,OK,PASS,408110500,0.000408,14
scalar_ready/scalar_generic_00318_be95caf1,SC,OK,PASS,350476000,0.000350,15
scalar_ready/scalar_generic_00319_3ed5b43f,SC,OK,PASS,349041000,0.000349,14
scalar_ready/scalar_generic_00320_cec7bbb6,SC,OK,PASS,223332000,0.000223,13
scalar_ready/scalar_generic_00321_be35965a,SC,OK,PASS,241175000,0.000241,14
scalar_ready/scalar_generic_00322_cca05b37,SC,OK,PASS,264254500,0.000264,14
scalar_ready/scalar_generic_00323_7221fc52,SC,OK,PASS,226460500,0.000226,14
scalar_ready/scalar_generic_00324_acc7cd5c,SC,OK,PASS,249655500,0.000250,13
scalar_ready/scalar_generic_00325_6a81f869,SC,OK,PASS,227856000,0.000228,13
scalar_ready/scalar_generic_00326_1af5a3b3,SC,OK,PASS,225386500,0.000225,13
scalar_ready/scalar_generic_00327_e22b4638,SC,OK,PASS,222330500,0.000222,14
scalar_ready/scalar_generic_00328_342ed66c,SC,OK,PASS,1679222000,0.001679,23
scalar_ready/scalar_generic_00329_c994ad72,SC,OK,PASS,253355000,0.000253,14
scalar_ready/scalar_generic_00330_35590427,SC,OK,PASS,225152000,0.000225,13
scalar_ready/scalar_generic_00331_c4a110e6,SC,OK,PASS,457084500,0.000457,16
scalar_ready/scalar_generic_00332_6afd3a75,SC,OK,PASS,329305500,0.000329,15
scalar_ready/scalar_generic_00333_790f930c,SC,OK,PASS,346641500,0.000347,14
scalar_ready/scalar_generic_00334_7c97b89d,SC,OK,PASS,228591500,0.000229,13
scalar_ready/scalar_generic_00335_2b8c7e8a,SC,OK,PASS,230570500,0.000231,14
scalar_ready/scalar_generic_00336_1ad36dfa,SC,OK,PASS,273624500,0.000274,14
scalar_ready/scalar_generic_00337_b41bc21e,SC,OK,PASS,221498000,0.000221,13
scalar_ready/scalar_generic_00338_ca046d27,SC,OK,PASS,227330000,0.000227,13
scalar_ready/scalar_generic_00339_7508ad83,SC,OK,PASS,236996000,0.000237,14
scalar_ready/scalar_generic_00340_086e5701,SC,OK,PASS,234058500,0.000234,14
scalar_ready/scalar_generic_00341_a968da69,SC,OK,PASS,258301500,0.000258,13
scalar_ready/scalar_generic_00342_1b3fe8a5,SC,OK,PASS,224086500,0.000224,13
scalar_ready/scalar_generic_00343_f86bf90b,SC,OK,PASS,222693500,0.000223,13
scalar_ready/scalar_generic_00344_890d7d63,SC,OK,PASS,235338000,0.000235,13
scalar_ready/scalar_generic_00345_5bcccf60,SC,OK,PASS,226539000,0.000227,13
scalar_ready/scalar_generic_00346_0fd566d0,SC,OK,PASS,662489500,0.000662,16
scalar_ready/scalar_generic_00347_4e680bdc,SC,OK,PASS,829556500,0.000830,18
scalar_ready/scalar_generic_00348_34050cba,SC,OK,PASS,364258000,0.000364,14
scalar_ready/scalar_generic_00349_d40e3db2,SC,OK,PASS,514949500,0.000515,16
scalar_ready/scalar_generic_00350_14d15604,SC,OK,PASS,226006500,0.000226,13
scalar_ready/scalar_generic_00351_be63d3fc,SC,OK,PASS,228788000,0.000229,13
scalar_ready/scalar_generic_00352_1a376c4d,SC,OK,PASS,233637000,0.000234,13
scalar_ready/scalar_generic_00353_4ae4dab4,SC,OK,PASS,226876000,0.000227,14
scalar_ready/scalar_generic_00354_0ed005cb,SC,OK,PASS,235799500,0.000236,13
scalar_ready/scalar_generic_00355_404acb1a,SC,OK,PASS,265484000,0.000265,13
scalar_ready/scalar_generic_00356_b81077ed,SC,OK,PASS,221130500,0.000221,13
scalar_ready/scalar_generic_00357_e2c88f30,SC,FAIL,-,-,-,-
scalar_ready/scalar_generic_00358_a27956bd,SC,OK,PASS,301088000,0.000301,13
scalar_ready/scalar_generic_00359_6f6f2b61,SC,OK,PASS,341805500,0.000342,15
scalar_ready/scalar_generic_00360_a5b32b51,SC,OK,PASS,223723000,0.000224,13
scalar_ready/scalar_generic_00361_ee4727d9,SC,FAIL,-,-,-,-
scalar_ready/scalar_generic_00362_0fcc25ad,SC,OK,PASS,221853000,0.000222,14
scalar_ready/scalar_generic_00363_5ec54a1e,SC,OK,PASS,317240500,0.000317,14
scalar_ready/scalar_generic_00364_aa5c2258,SC,OK,PASS,281745500,0.000282,14
scalar_ready/scalar_generic_00365_d7d51876,SC,OK,PASS,237623500,0.000238,13
scalar_ready/scalar_generic_00366_2cd51e13,SC,OK,PASS,287368500,0.000287,13
scalar_ready/scalar_generic_00367_e9c985cb,SC,OK,PASS,230137000,0.000230,14
scalar_ready/scalar_generic_00368_a255992e,SC,OK,PASS,233304500,0.000233,14
scalar_ready/scalar_generic_00369_3e5cb4ca,SC,OK,PASS,261949500,0.000262,13
scalar_ready/scalar_generic_00370_8ba27505,SC,OK,PASS,226098000,0.000226,14
scalar_ready/scalar_generic_00371_a8ef2e50,SC,OK,PASS,220227000,0.000220,14
scalar_ready/scalar_generic_00372_6e4a92d4,SC,OK,PASS,293974500,0.000294,14
scalar_ready/scalar_generic_00373_35b55d2d,SC,OK,PASS,227021000,0.000227,13
scalar_ready/scalar_generic_00374_06d4d009,SC,OK,PASS,295882500,0.000296,14
scalar_ready/scalar_generic_00375_1cd739ab,SC,OK,PASS,1109551500,0.001110,20
scalar_ready/scalar_generic_00376_c63537b2,SC,OK,PASS,280479500,0.000280,14
scalar_ready/scalar_generic_00377_5188409d,SC,OK,PASS,414283500,0.000414,15
scalar_ready/scalar_generic_00378_591ed5a1,SC,OK,PASS,229086500,0.000229,14
scalar_ready/scalar_generic_00379_470ac695,SC,OK,PASS,241752500,0.000242,14
scalar_ready/scalar_generic_00380_1499a521,SC,OK,PASS,247776500,0.000248,14
scalar_ready/scalar_generic_00381_f79047a3,SC,OK,PASS,294005000,0.000294,14
scalar_ready/scalar_generic_00382_c90ccd39,SC,OK,PASS,227248000,0.000227,13
scalar_ready/scalar_generic_00383_744d5c3b,SC,OK,PASS,229885000,0.000230,14
scalar_ready/scalar_generic_00384_15adba43,SC,OK,PASS,224221000,0.000224,13
scalar_ready/scalar_generic_00385_8a97df7d,SC,OK,PASS,357435500,0.000357,14
scalar_ready/scalar_generic_00386_b32134de,SC,OK,PASS,1404696000,0.001405,20
scalar_ready/scalar_generic_00387_dc8c3cc4,SC,OK,PASS,816435500,0.000816,17
scalar_ready/scalar_generic_00388_23b7ec34,SC,OK,PASS,227685500,0.000228,14
scalar_ready/scalar_generic_00389_9c5513c4,SC,OK,PASS,232961500,0.000233,13
scalar_ready/scalar_generic_00390_1d4eb28a,SC,OK,PASS,346794500,0.000347,13
scalar_ready/scalar_generic_00391_99481afb,SC,OK,PASS,226169000,0.000226,13
scalar_ready/scalar_generic_00392_51a772e6,SC,OK,PASS,2180753000,0.002181,25
scalar_ready/scalar_generic_00393_f25e3593,SC,OK,PASS,230233000,0.000230,13
scalar_ready/scalar_generic_00394_50081080,SC,OK,PASS,229068000,0.000229,14
scalar_ready/scalar_generic_00395_5289561a,SC,OK,PASS,220920500,0.000221,13
scalar_ready/scalar_generic_00396_908727c7,SC,OK,PASS,225669000,0.000226,13
scalar_ready/scalar_generic_00397_062687b5,SC,OK,PASS,224675500,0.000225,14
scalar_ready/scalar_generic_00398_1f24d9a0,SC,OK,PASS,233698000,0.000234,13
scalar_ready/scalar_generic_00399_38f52811,SC,OK,PASS,393283000,0.000393,16
scalar_ready/scalar_generic_00400_4fe50a9c,SC,OK,PASS,254872500,0.000255,13
scalar_ready/scalar_generic_00401_db05fd18,SC,OK,PASS,261407000,0.000261,14
scalar_ready/scalar_generic_00402_39e8fff8,SC,OK,PASS,388544000,0.000389,15
scalar_ready/scalar_generic_00403_b75942c8,SC,OK,PASS,263445000,0.000263,13
scalar_ready/scalar_generic_00404_b80f5757,SC,OK,PASS,221911500,0.000222,13
scalar_ready/scalar_generic_00405_c72e69bf,SC,OK,PASS,236028000,0.000236,13
scalar_ready/scalar_generic_00406_134383c7,SC,OK,PASS,227075500,0.000227,14
scalar_ready/scalar_generic_00407_e19395d7,SC,OK,PASS,238524500,0.000239,14
scalar_ready/scalar_generic_00408_796adc23,SC,OK,PASS,236701000,0.000237,14
scalar_ready/scalar_generic_00409_3e7f773b,SC,OK,PASS,231533500,0.000232,14
scalar_ready/scalar_generic_00410_10f8e643,SC,OK,PASS,325527000,0.000326,14
scalar_ready/scalar_generic_00411_b282f591,SC,OK,PASS,633079000,0.000633,16
scalar_ready/scalar_generic_00412_f953798e,SC,OK,PASS,229182500,0.000229,13
scalar_ready/scalar_generic_00413_17dec9b5,SC,OK,PASS,225553500,0.000226,13
scalar_ready/scalar_generic_00414_ef827e72,SC,OK,PASS,238364500,0.000238,13
scalar_ready/scalar_generic_00415_8b4f83ad,SC,OK,PASS,277806500,0.000278,14
scalar_ready/scalar_generic_00416_c4affcf9,SC,OK,PASS,241395500,0.000241,14
scalar_ready/scalar_generic_00417_3945cf98,SC,OK,PASS,230467000,0.000230,13
scalar_ready/scalar_generic_00418_4b745680,SC,OK,PASS,336794000,0.000337,14
scalar_ready/scalar_generic_00419_71957ef9,SC,OK,PASS,226735000,0.000227,13
scalar_ready/scalar_generic_00420_ba2b30d3,SC,OK,PASS,298074500,0.000298,14
scalar_ready/scalar_generic_00421_7e20648e,SC,OK,PASS,231051500,0.000231,13
scalar_ready/scalar_generic_00422_7f883485,SC,OK,PASS,247284000,0.000247,13
scalar_ready/scalar_generic_00423_7b191f4c,SC,OK,PASS,254029000,0.000254,13
scalar_ready/scalar_generic_00424_bcf01ba2,SC,OK,PASS,220292500,0.000220,14
scalar_ready/scalar_generic_00425_264ecc6d,SC,OK,PASS,230932000,0.000231,13
scalar_ready/scalar_generic_00426_50ce6218,SC,OK,PASS,367190000,0.000367,15
scalar_ready/scalar_generic_00427_328984d3,SC,OK,PASS,1683409500,0.001683,23
scalar_ready/scalar_generic_00428_26493ab7,SC,OK,PASS,231294000,0.000231,14
scalar_ready/scalar_generic_00429_49551171,SC,OK,PASS,224112000,0.000224,13
scalar_ready/scalar_generic_00430_8ec21642,SC,OK,PASS,219000000,0.000219,13
scalar_ready/scalar_generic_00431_0464e7e1,SC,OK,PASS,427092000,0.000427,16
scalar_ready/scalar_generic_00432_0d37247b,SC,OK,PASS,255592000,0.000256,14
scalar_ready/scalar_generic_00433_3e23e366,SC,OK,PASS,233438000,0.000233,13
scalar_ready/scalar_generic_00434_202b243b,SC,OK,PASS,233085500,0.000233,13
scalar_ready/scalar_generic_00435_25fadcfa,SC,OK,PASS,317574500,0.000318,14
scalar_ready/scalar_generic_00436_91032d1c,SC,OK,PASS,261251000,0.000261,14
scalar_ready/scalar_generic_00437_d202f0cd,SC,OK,PASS,362309500,0.000362,13
scalar_ready/scalar_generic_00438_d3321ca8,SC,OK,PASS,240285000,0.000240,14
scalar_ready/scalar_generic_00439_c149a61c,SC,OK,PASS,222724500,0.000223,13
scalar_ready/scalar_generic_00440_4770fa16,SC,OK,PASS,248806500,0.000249,14
scalar_ready/scalar_generic_00441_64fe14e4,SC,OK,PASS,414335500,0.000414,15
scalar_ready/scalar_generic_00442_35b2a5b1,SC,OK,PASS,227080500,0.000227,13
scalar_ready/scalar_generic_00443_8b889e7e,SC,OK,PASS,292002500,0.000292,14
scalar_ready/scalar_generic_00444_9b7e30b7,SC,OK,PASS,231063500,0.000231,13
scalar_ready/scalar_generic_00445_69d006fa,SC,OK,PASS,227796000,0.000228,14
scalar_ready/scalar_generic_00446_b9f2a0db,SC,OK,PASS,225629000,0.000226,13
scalar_ready/scalar_generic_00447_fd49aa57,SC,OK,PASS,229103000,0.000229,13
scalar_ready/scalar_generic_00448_d46557cd,SC,OK,PASS,219429500,0.000219,14
scalar_ready/scalar_generic_00449_f70adb20,SC,OK,PASS,360083500,0.000360,15
scalar_ready/scalar_generic_00450_c952cc2c,SC,OK,PASS,255116500,0.000255,14
scalar_ready/scalar_generic_00451_77b9f948,SC,OK,PASS,222840500,0.000223,14
scalar_ready/scalar_generic_00452_04788dd3,SC,OK,PASS,355341500,0.000355,15
scalar_ready/scalar_generic_00453_ac7d79c3,SC,OK,PASS,487673000,0.000488,15
scalar_ready/scalar_generic_00454_31c44e82,SC,FAIL,-,-,-,-
scalar_ready/scalar_generic_00455_b468ba8e,SC,OK,PASS,222487000,0.000222,13
scalar_ready/scalar_generic_00456_9b6f7f16,SC,OK,PASS,229963500,0.000230,13
scalar_ready/scalar_generic_00457_d6ea485e,SC,OK,PASS,226631500,0.000227,13
scalar_ready/scalar_generic_00458_5dc42e5f,SC,OK,PASS,231271000,0.000231,14
scalar_ready/scalar_generic_00459_0d3d5b49,SC,OK,PASS,220880500,0.000221,13
scalar_ready/scalar_generic_00460_d86e0fea,SC,OK,PASS,731779500,0.000732,18
scalar_ready/scalar_generic_00461_dbeb9320,SC,OK,PASS,227893500,0.000228,13
scalar_ready/scalar_generic_00462_6ff36ca5,SC,OK,PASS,671688500,0.000672,17
scalar_ready/scalar_generic_00463_cd8831e9,SC,OK,PASS,282936500,0.000283,14
scalar_ready/scalar_generic_00464_f42b9d93,SC,OK,PASS,287371500,0.000287,13
scalar_ready/scalar_generic_00465_b078ae9c,SC,OK,PASS,231509500,0.000232,13
scalar_ready/scalar_generic_00466_2e579ee2,SC,OK,PASS,230169000,0.000230,13
scalar_ready/scalar_generic_00467_a234979e,SC,OK,PASS,234261500,0.000234,14
scalar_ready/scalar_generic_00468_880bfa28,SC,OK,PASS,251538000,0.000252,14
scalar_ready/scalar_generic_00469_b63abed3,SC,OK,PASS,220023000,0.000220,13
scalar_ready/scalar_generic_00470_7f389aa7,SC,OK,PASS,218232000,0.000218,14
scalar_ready/scalar_generic_00471_e37ea0fc,SC,OK,PASS,292455000,0.000292,14
scalar_ready/scalar_generic_00472_ae4587ee,SC,OK,PASS,1760099500,0.001760,23
scalar_ready/scalar_generic_00473_83389463,SC,OK,PASS,222956000,0.000223,13
scalar_ready/scalar_generic_00474_bdd36bdb,SC,OK,PASS,239536000,0.000240,14
scalar_ready/scalar_generic_00475_7277befb,SC,OK,PASS,266694500,0.000267,14
scalar_ready/scalar_generic_00476_de66553a,SC,OK,PASS,217002000,0.000217,13
scalar_ready/scalar_generic_00477_555035ca,SC,OK,PASS,308230000,0.000308,14
scalar_ready/scalar_generic_00478_d995d2ab,SC,OK,PASS,219275000,0.000219,13
scalar_ready/scalar_generic_00479_59d93085,SC,OK,PASS,219679000,0.000220,13
scalar_ready/scalar_generic_00480_203bc458,SC,OK,PASS,223969000,0.000224,13
scalar_ready/scalar_generic_00481_4f0be61e,SC,OK,PASS,278739500,0.000279,14
scalar_ready/scalar_generic_00482_d545e104,SC,OK,PASS,238368000,0.000238,14
scalar_ready/scalar_generic_00483_651ebb6c,SC,OK,PASS,229541500,0.000230,13
scalar_ready/scalar_generic_00484_7428d6cd,SC,OK,PASS,223830500,0.000224,13
scalar_ready/scalar_generic_00485_ab720799,SC,OK,PASS,567922500,0.000568,18
scalar_ready/scalar_generic_00486_9d06e751,SC,OK,PASS,229728000,0.000230,13
scalar_ready/scalar_generic_00487_a6b453ed,SC,OK,PASS,224175500,0.000224,13
scalar_ready/scalar_generic_00488_db07feeb,SC,OK,PASS,241037500,0.000241,14
scalar_ready/scalar_generic_00489_8e9557d8,SC,OK,PASS,229475500,0.000229,14
scalar_ready/scalar_generic_00490_f7a98c45,SC,OK,PASS,229571000,0.000230,13
scalar_ready/scalar_generic_00491_cebe8100,SC,FAIL,-,-,-,-
scalar_ready/scalar_generic_00492_fd7310f8,SC,OK,PASS,1257556000,0.001258,20
scalar_ready/scalar_generic_00493_333cb82f,SC,OK,PASS,228695500,0.000229,13
scalar_ready/scalar_generic_00494_d73b8beb,SC,OK,PASS,377562500,0.000378,15
scalar_ready/scalar_generic_00495_27026494,SC,OK,PASS,229212000,0.000229,14
scalar_ready/scalar_generic_00496_5725c3e7,SC,OK,PASS,341244000,0.000341,15
scalar_ready/scalar_generic_00497_46fe519f,SC,OK,PASS,298996000,0.000299,14
scalar_ready/scalar_generic_00498_4bfe864f,SC,OK,PASS,226903500,0.000227,13
scalar_ready/scalar_generic_00499_abd897a9,SC,OK,PASS,224266500,0.000224,13
scalar_ready/scalar_generic_00500_9c16559a,SC,OK,PASS,244346500,0.000244,13
scalar_ready/scalar_generic_00501_cbae1e09,SC,OK,PASS,292568000,0.000293,14
scalar_ready/scalar_generic_00502_830ff76d,SC,OK,PASS,229855000,0.000230,13
scalar_ready/scalar_generic_00503_21e4c41c,SC,OK,PASS,300280500,0.000300,14
scalar_ready/scalar_generic_00504_c57a94ad,SC,OK,PASS,382205000,0.000382,15
scalar_ready/scalar_generic_00505_e3d442fd,SC,OK,PASS,276339500,0.000276,14
scalar_ready/scalar_generic_00506_672182c8,SC,OK,PASS,223698500,0.000224,13
scalar_ready/scalar_generic_00507_78fc7236,SC,OK,PASS,349523000,0.000350,16
scalar_ready/scalar_generic_00508_d8c840b4,SC,OK,PASS,229539000,0.000230,14
scalar_ready/scalar_generic_00509_2903cefa,SC,OK,PASS,271465000,0.000271,14
scalar_ready/scalar_generic_00510_f606fe0b,SC,OK,PASS,264691000,0.000265,14
scalar_ready/scalar_generic_00511_ed22c47b,SC,OK,PASS,220550000,0.000221,14
scalar_ready/scalar_generic_00512_a0c9f9c8,SC,OK,PASS,270089500,0.000270,14
scalar_ready/scalar_generic_00513_507696f9,SC,OK,PASS,602970000,0.000603,16
scalar_ready/scalar_generic_00514_d0327b85,SC,OK,PASS,255220500,0.000255,14
scalar_ready/scalar_generic_00515_60231ab9,SC,OK,PASS,250893500,0.000251,13
scalar_ready/scalar_generic_00516_5fb08ea1,SC,OK,PASS,320767500,0.000321,14
scalar_ready/scalar_generic_00517_5c707ecb,SC,OK,PASS,2836111500,0.002836,31
scalar_ready/scalar_generic_00518_9436ae10,SC,OK,PASS,244530000,0.000245,14
scalar_ready/scalar_generic_00519_d8e4ca50,SC,OK,PASS,300228500,0.000300,14
scalar_ready/scalar_generic_00520_f660c1f5,SC,OK,PASS,260144000,0.000260,14
scalar_ready/scalar_generic_00521_b4845160,SC,OK,PASS,267127500,0.000267,14
scalar_ready/scalar_generic_00522_19e374cd,SC,OK,PASS,235846000,0.000236,13
scalar_ready/scalar_generic_00523_95d37d03,SC,OK,PASS,220563500,0.000221,13
scalar_ready/scalar_generic_00524_d76c77fd,SC,OK,PASS,224208500,0.000224,13
scalar_ready/scalar_generic_00525_34eda2e8,SC,OK,PASS,221218500,0.000221,13
scalar_ready/scalar_generic_00526_dd592176,SC,OK,PASS,432600500,0.000433,16
scalar_ready/scalar_generic_00527_f71c1448,SC,OK,PASS,216176500,0.000216,14
scalar_ready/scalar_generic_00528_70bf473d,SC,OK,PASS,229848500,0.000230,14
scalar_ready/scalar_generic_00529_d2d9b83d,SC,OK,PASS,304540500,0.000305,14
scalar_ready/scalar_generic_00530_098ce67e,SC,OK,PASS,223630000,0.000224,13
scalar_ready/scalar_generic_00531_e346933a,SC,OK,PASS,338188000,0.000338,15
scalar_ready/scalar_generic_00532_a3cb5665,SC,OK,PASS,340866500,0.000341,14
scalar_ready/scalar_generic_00533_593ca9b2,SC,OK,PASS,976980500,0.000977,18
scalar_ready/scalar_generic_00534_dd4eea34,SC,OK,PASS,227589500,0.000228,14
scalar_ready/scalar_generic_00535_088c50c1,SC,OK,PASS,230480000,0.000230,13
scalar_ready/scalar_generic_00536_424ca050,SC,OK,PASS,222246000,0.000222,13
scalar_ready/scalar_generic_00537_15d04d2e,SC,OK,PASS,352027500,0.000352,14
scalar_ready/scalar_generic_00538_33d24e3e,SC,OK,PASS,338032500,0.000338,14
scalar_ready/scalar_generic_00539_7a9a6c97,SC,OK,PASS,225325000,0.000225,13
scalar_ready/scalar_generic_00540_1d3b92a5,SC,OK,PASS,264484500,0.000264,13
scalar_ready/scalar_generic_00541_0ffc10a2,SC,OK,PASS,223892500,0.000224,14
scalar_ready/scalar_generic_00542_d021eb49,SC,OK,PASS,244452500,0.000244,14
scalar_ready/scalar_generic_00543_ca4bceb2,SC,OK,PASS,234077000,0.000234,13
scalar_ready/scalar_generic_00544_7b2e21ba,SC,OK,PASS,288954500,0.000289,14
scalar_ready/scalar_generic_00545_4249e7b4,SC,OK,PASS,226407000,0.000226,13
scalar_ready/scalar_generic_00546_1d55f408,SC,OK,PASS,236706500,0.000237,14
scalar_ready/scalar_generic_00547_959ee5e3,SC,OK,PASS,221655500,0.000222,13
scalar_ready/scalar_generic_00548_379d91a5,SC,OK,PASS,282264000,0.000282,13
scalar_ready/scalar_generic_00549_e3bfa458,SC,OK,PASS,224219500,0.000224,13
scalar_ready/scalar_generic_00550_1344bcb3,SC,OK,PASS,220737000,0.000221,13
scalar_ready/scalar_generic_00551_8df47898,SC,OK,PASS,244141000,0.000244,13
scalar_ready/scalar_generic_00552_95066bcd,SC,OK,PASS,222071500,0.000222,14
scalar_ready/scalar_generic_00553_66d2984a,SC,OK,PASS,222665500,0.000223,13
scalar_ready/scalar_generic_00554_ca43dd85,SC,OK,PASS,230933500,0.000231,13
scalar_ready/scalar_generic_00555_26e60796,SC,OK,PASS,304027000,0.000304,16
scalar_ready/scalar_generic_00556_f708fafd,SC,OK,PASS,261586500,0.000262,14
scalar_ready/scalar_generic_00557_c7179c85,SC,OK,PASS,236432500,0.000236,14
scalar_ready/scalar_generic_00558_e63b2750,SC,OK,PASS,237331500,0.000237,13
scalar_ready/scalar_generic_00559_7f0eab17,SC,OK,PASS,259595000,0.000260,14
scalar_ready/scalar_generic_00560_c3291886,SC,OK,PASS,262776500,0.000263,13
scalar_ready/scalar_generic_00561_ba79bcac,SC,OK,PASS,360278500,0.000360,15
scalar_ready/scalar_generic_00562_ad6a3fdb,SC,OK,PASS,339297000,0.000339,14
scalar_ready/scalar_generic_00563_c6ac8583,SC,OK,PASS,222404000,0.000222,13
scalar_ready/scalar_generic_00564_03ca8d8f,SC,OK,PASS,471575500,0.000472,16
scalar_ready/scalar_generic_00565_d23ca605,SC,FAIL,-,-,-,-
scalar_ready/scalar_generic_00566_7b35dc6c,SC,OK,PASS,232019000,0.000232,14
scalar_ready/scalar_generic_00567_47e81fed,SC,OK,PASS,231746000,0.000232,13
scalar_ready/scalar_generic_00568_2fe0a0aa,SC,OK,PASS,270338500,0.000270,13
scalar_ready/scalar_generic_00569_141e25b8,SC,FAIL,-,-,-,-
scalar_ready/scalar_generic_00570_8a123f06,SC,OK,PASS,440829000,0.000441,15
scalar_ready/scalar_generic_00571_3a896386,SC,OK,PASS,223176500,0.000223,13
scalar_ready/scalar_generic_00572_3c5cc918,SC,OK,PASS,254525000,0.000255,14
scalar_ready/scalar_generic_00573_bab6b4f6,SC,OK,PASS,220095500,0.000220,13
scalar_ready/scalar_generic_00574_ea93999e,SC,OK,PASS,242091500,0.000242,14
scalar_ready/scalar_generic_00575_4a02519d,SC,OK,PASS,919360500,0.000919,19
scalar_ready/scalar_generic_00576_55ea7a85,SC,OK,PASS,238646000,0.000239,14
scalar_ready/scalar_generic_00577_69ae67e6,SC,OK,PASS,222902500,0.000223,13
scalar_ready/scalar_generic_00578_0023bce6,SC,OK,PASS,227501000,0.000228,13
scalar_ready/scalar_generic_00579_e7151fd7,SC,OK,PASS,369878000,0.000370,14
scalar_ready/scalar_generic_00580_3a30e3a6,SC,OK,PASS,237220500,0.000237,13
scalar_ready/scalar_generic_00581_41c929e2,SC,OK,PASS,227115500,0.000227,13
scalar_ready/scalar_generic_00582_51c62839,SC,OK,PASS,234731000,0.000235,13
scalar_ready/scalar_generic_00583_95497ccd,SC,OK,PASS,335882000,0.000336,14
scalar_ready/scalar_generic_00584_da1a3af3,SC,OK,PASS,368975500,0.000369,16
scalar_ready/scalar_generic_00585_91abac6f,SC,OK,PASS,220454500,0.000220,13
scalar_ready/scalar_generic_00586_6e12d9a0,SC,OK,PASS,225987500,0.000226,13
scalar_ready/scalar_generic_00587_9740c4ae,SC,OK,PASS,309083000,0.000309,14
scalar_ready/scalar_generic_00588_520f5292,SC,OK,PASS,221565000,0.000222,14
scalar_ready/scalar_generic_00589_6d1cc880,SC,OK,PASS,226545000,0.000227,13
scalar_ready/scalar_generic_00590_a55df4db,SC,OK,PASS,229292000,0.000229,13
scalar_ready/scalar_generic_00591_f8ab2b80,SC,OK,PASS,331001000,0.000331,14
scalar_ready/scalar_generic_00592_08429b53,SC,OK,PASS,230354500,0.000230,13
scalar_ready/scalar_generic_00593_c997a766,SC,OK,PASS,225758000,0.000226,13
scalar_ready/scalar_generic_00594_b3cd6476,SC,OK,PASS,222186500,0.000222,13
scalar_ready/scalar_generic_00595_74d1ea15,SC,OK,PASS,224702500,0.000225,13
scalar_ready/scalar_generic_00596_ffed354c,SC,OK,PASS,334579500,0.000335,15
scalar_ready/scalar_generic_00597_022bf652,SC,OK,PASS,257437500,0.000257,14
scalar_ready/scalar_generic_00598_386a8dbe,SC,OK,PASS,252795500,0.000253,13
scalar_ready/scalar_generic_00599_a5295ba3,SC,OK,PASS,305627000,0.000306,14
scalar_ready/scalar_generic_00600_cf10996b,SC,OK,PASS,279135000,0.000279,14
scalar_ready/scalar_generic_00601_4d80e4e9,SC,OK,PASS,233193000,0.000233,14
scalar_ready/scalar_generic_00602_d5c4f94a,SC,OK,PASS,220247000,0.000220,14
scalar_ready/scalar_generic_00603_ca1379e3,SC,OK,PASS,236338000,0.000236,14
scalar_ready/scalar_generic_00604_1ae9f8d1,SC,OK,PASS,218368500,0.000218,13
scalar_ready/scalar_generic_00605_2160e3a0,SC,OK,PASS,227150000,0.000227,13
scalar_ready/scalar_generic_00606_45d2b737,SC,OK,PASS,234681500,0.000235,13
scalar_ready/scalar_generic_00607_ff43707b,SC,OK,PASS,223097000,0.000223,14
scalar_ready/scalar_generic_00608_2fea46ba,SC,OK,PASS,257814500,0.000258,14
scalar_ready/scalar_generic_00609_11b4c3c1,SC,OK,PASS,271003500,0.000271,14
scalar_ready/scalar_generic_00610_e10b2b38,SC,OK,PASS,228078500,0.000228,13
scalar_ready/scalar_generic_00611_fd297925,SC,OK,PASS,287556500,0.000288,14
scalar_ready/scalar_generic_00612_f74e63f3,SC,OK,PASS,218194500,0.000218,14
scalar_ready/scalar_generic_00613_f777422a,SC,OK,PASS,246858000,0.000247,13
scalar_ready/scalar_generic_00614_05169350,SC,OK,PASS,232524500,0.000233,13
scalar_ready/scalar_generic_00615_baa80ad9,SC,OK,PASS,700585000,0.000701,16
scalar_ready/scalar_generic_00616_f6375e64,SC,OK,PASS,341755000,0.000342,15
scalar_ready/scalar_generic_00617_494be219,SC,OK,PASS,287194500,0.000287,14
scalar_ready/scalar_generic_00618_a5644447,SC,OK,PASS,261623000,0.000262,13
scalar_ready/scalar_generic_00619_26a7e4a9,SC,OK,PASS,297606500,0.000298,13
scalar_ready/scalar_generic_00620_7da052a0,SC,OK,PASS,569270000,0.000569,18
scalar_ready/scalar_generic_00621_951465e8,SC,OK,PASS,221905000,0.000222,13
scalar_ready/scalar_generic_00622_42d556d3,SC,OK,PASS,254612500,0.000255,14
scalar_ready/scalar_generic_00623_18e2d863,SC,OK,PASS,228044500,0.000228,13
scalar_ready/scalar_generic_00624_c9e6b93c,SC,OK,PASS,218036000,0.000218,13
scalar_ready/scalar_generic_00625_f053163c,SC,OK,PASS,236713000,0.000237,14
scalar_ready/scalar_generic_00626_00fa35c1,SC,OK,PASS,240949000,0.000241,13
scalar_ready/scalar_generic_00627_bab458a9,SC,OK,PASS,228687000,0.000229,13
scalar_ready/scalar_generic_00628_5af685e7,SC,OK,PASS,232074000,0.000232,13
scalar_ready/scalar_generic_00629_05fee4f7,SC,OK,PASS,245497000,0.000245,13
scalar_ready/scalar_generic_00630_547f4f7a,SC,OK,PASS,237467500,0.000237,14
scalar_ready/scalar_generic_00631_0e201f44,SC,OK,PASS,219404500,0.000219,13
scalar_ready/scalar_generic_00632_c38470ca,SC,OK,PASS,221838000,0.000222,13
scalar_ready/scalar_generic_00633_637d5209,SC,OK,PASS,313645500,0.000314,14
scalar_ready/scalar_generic_00634_de79ae9f,SC,OK,PASS,225306500,0.000225,13
scalar_ready/scalar_generic_00635_ccf329e8,SC,OK,PASS,333976000,0.000334,14
scalar_ready/scalar_generic_00636_1c258826,SC,OK,PASS,348296500,0.000348,14
scalar_ready/scalar_generic_00637_6c549bef,SC,OK,PASS,220065000,0.000220,13
scalar_ready/scalar_generic_00638_9d2879ca,SC,OK,PASS,805425000,0.000805,18
scalar_ready/scalar_generic_00639_d65afc3e,SC,OK,PASS,234811000,0.000235,14
scalar_ready/scalar_generic_00640_5fcad19c,SC,OK,PASS,230950500,0.000231,13
scalar_ready/scalar_generic_00641_aa6d64b7,SC,OK,PASS,318841500,0.000319,14
scalar_ready/scalar_generic_00642_0ffbabd0,SC,OK,PASS,232496000,0.000232,13
scalar_ready/scalar_generic_00643_96cfce69,SC,OK,PASS,549279500,0.000549,15
scalar_ready/scalar_generic_00644_66279be4,SC,OK,PASS,250587000,0.000251,14
scalar_ready/scalar_generic_00645_e0dc3e86,SC,OK,PASS,514294000,0.000514,16
scalar_ready/scalar_generic_00646_a4b4e166,SC,OK,PASS,236016000,0.000236,13
scalar_ready/scalar_generic_00647_9c9035e6,SC,OK,PASS,235828000,0.000236,13
scalar_ready/scalar_generic_00648_038464f3,SC,OK,PASS,300968500,0.000301,15
scalar_ready/scalar_generic_00649_13d31ed6,SC,OK,PASS,220578000,0.000221,13
scalar_ready/scalar_generic_00650_43962acd,SC,OK,PASS,225361000,0.000225,13
scalar_ready/scalar_generic_00651_40f849b0,SC,OK,PASS,233072000,0.000233,13
scalar_ready/scalar_generic_00652_a8591e45,SC,OK,PASS,383570500,0.000384,16
scalar_ready/scalar_generic_00653_858ebadc,SC,OK,PASS,221248500,0.000221,13
scalar_ready/scalar_generic_00654_04f966af,SC,OK,PASS,227040500,0.000227,13
scalar_ready/scalar_generic_00655_4cbc7772,SC,OK,PASS,224133000,0.000224,13
scalar_ready/scalar_generic_00656_9aae02e4,SC,OK,PASS,225946000,0.000226,13
scalar_ready/scalar_generic_00657_1c27cd0d,SC,OK,PASS,222547500,0.000223,13
scalar_ready/scalar_generic_00658_2a213553,SC,OK,PASS,222035500,0.000222,14
scalar_ready/scalar_generic_00659_359e4e3b,SC,OK,PASS,281324000,0.000281,15
scalar_ready/scalar_generic_00660_1ceaec3b,SC,OK,PASS,234378500,0.000234,13
scalar_ready/scalar_generic_00661_c18af8ff,SC,OK,PASS,222070500,0.000222,13
scalar_ready/scalar_generic_00662_9e196abc,SC,OK,PASS,247759000,0.000248,14
scalar_ready/scalar_generic_00663_b9a1e13e,SC,OK,PASS,235089000,0.000235,13
scalar_ready/scalar_generic_00664_80189ad4,SC,OK,PASS,226042500,0.000226,13
scalar_ready/scalar_generic_00665_f75a42d0,SC,OK,PASS,220222000,0.000220,13
scalar_ready/scalar_generic_00666_8ecbeefe,SC,OK,PASS,224582500,0.000225,13
scalar_ready/scalar_generic_00667_dee8d8b0,SC,OK,PASS,219513000,0.000220,14
scalar_ready/scalar_generic_00668_098e0611,SC,OK,PASS,219617000,0.000220,13
scalar_ready/scalar_generic_00669_e85eec38,SC,OK,PASS,243958000,0.000244,13
scalar_ready/scalar_generic_00670_8e9d29ff,SC,OK,PASS,227208500,0.000227,13
scalar_ready/scalar_generic_00671_20472cf9,SC,OK,PASS,221072500,0.000221,13
scalar_ready/scalar_generic_00672_2cd3fe75,SC,OK,PASS,234632500,0.000235,14
scalar_ready/scalar_generic_00673_c5afebcb,SC,OK,PASS,239000000,0.000239,13
scalar_ready/scalar_generic_00674_40fff9b0,SC,OK,PASS,226242000,0.000226,13
scalar_ready/scalar_generic_00675_0d802f55,SC,OK,PASS,261095500,0.000261,13
scalar_ready/scalar_generic_00676_4625b633,SC,OK,PASS,358430000,0.000358,15
scalar_ready/scalar_generic_00677_060c8c7f,SC,OK,PASS,218841000,0.000219,14
scalar_ready/scalar_generic_00678_46740f7a,SC,OK,PASS,1536957500,0.001537,22
scalar_ready/scalar_generic_00679_69620603,SC,OK,PASS,247152500,0.000247,13
scalar_ready/scalar_generic_00680_6519ffec,SC,OK,PASS,472832500,0.000473,17
scalar_ready/scalar_generic_00681_cd73ae20,SC,OK,PASS,227585500,0.000228,13
scalar_ready/scalar_generic_00682_9bfe772d,SC,OK,PASS,240214000,0.000240,13
scalar_ready/scalar_generic_00683_7eace469,SC,OK,PASS,536757000,0.000537,16
scalar_ready/scalar_generic_00684_b1d05cb4,SC,OK,PASS,238057500,0.000238,14
scalar_ready/scalar_generic_00685_5a0a2348,SC,OK,PASS,284445500,0.000284,14
scalar_ready/scalar_generic_00686_600a2eb8,SC,OK,PASS,320600500,0.000321,14
scalar_ready/scalar_generic_00687_48e20ba7,SC,OK,PASS,230455500,0.000230,13
scalar_ready/scalar_generic_00688_09e1d341,SC,OK,PASS,244032000,0.000244,14
scalar_ready/scalar_generic_00689_a633f673,SC,OK,PASS,296828500,0.000297,14
scalar_ready/scalar_generic_00690_d0e7cd18,SC,OK,PASS,232495000,0.000232,13
scalar_ready/scalar_generic_00691_ab28bcca,SC,OK,PASS,225267000,0.000225,13
scalar_ready/scalar_generic_00692_dd698689,SC,OK,PASS,719360500,0.000719,18
scalar_ready/scalar_generic_00693_daca131b,SC,OK,PASS,241773500,0.000242,13
scalar_ready/scalar_generic_00694_6137587c,SC,FAIL,-,-,-,-
scalar_ready/scalar_generic_00695_0e4fdc04,SC,OK,PASS,229801500,0.000230,13
scalar_ready/scalar_generic_00696_37488661,SC,OK,PASS,252458500,0.000252,13
scalar_ready/scalar_generic_00697_ffb6979e,SC,OK,PASS,477542000,0.000478,17
scalar_ready/scalar_generic_00698_cae5ae1f,SC,OK,PASS,284413000,0.000284,13
scalar_ready/scalar_generic_00699_efb72c82,SC,OK,PASS,226003000,0.000226,13
scalar_ready/scalar_matmul_00000_317f6d2a,SC,OK,PASS,98144244500,0.098144,1600
scalar_ready/scalar_matmul_00001_6e606da8,SC,OK,TIMEOUT,-,-,1801
scalar_ready/scalar_matmul_00002_9e92d98f,SC,OK,PASS,305137500,0.000305,15
scalar_ready/scalar_matmul_00003_fde1360c,SC,OK,PANIC,-,-,300
scalar_ready/scalar_matmul_00004_b0e13121,SC,OK,PASS,28574375000,0.028574,449
scalar_ready/scalar_matmul_00005_e9b965e9,SC,OK,TIMEOUT,-,-,1800
scalar_ready/scalar_matmul_00006_8e6478c6,SC,OK,TIMEOUT,-,-,1801
scalar_ready/scalar_matmul_00007_22b1f23f,SC,OK,PANIC,-,-,839
scalar_ready/scalar_matmul_00008_9f4fee99,SC,OK,PASS,53844791500,0.053845,933
scalar_ready/scalar_matmul_00009_22bf2a40,SC,OK,PASS,2930053500,0.002930,54
scalar_ready/scalar_matmul_00010_9e2e5bbc,SC,OK,PASS,7311232500,0.007311,113
scalar_ready/scalar_matmul_00011_51e5debd,SC,OK,PANIC,-,-,265
scalar_ready/scalar_matmul_00012_6d1773ce,SC,OK,PASS,10708709500,0.010709,171
scalar_ready/scalar_matmul_00013_694c5907,SC,OK,TIMEOUT,-,-,1800
scalar_ready/scalar_matmul_00014_b93ae3aa,SC,OK,PASS,88352958000,0.088353,1581
scalar_ready/scalar_matmul_00015_0801578f,SC,OK,TIMEOUT,-,-,1800
scalar_ready/scalar_matmul_00016_634f6842,SC,OK,TIMEOUT,-,-,1800
scalar_ready/scalar_matmul_00017_8d9d1c05,SC,OK,TIMEOUT,-,-,1800
scalar_ready/scalar_matmul_00018_e8e25c92,SC,OK,PASS,13077652000,0.013078,236
scalar_ready/scalar_matmul_00019_ccfd046d,SC,OK,PASS,4766575500,0.004767,88
scalar_ready/scalar_matmul_00020_b7e5104a,SC,OK,PASS,12000703500,0.012001,219
scalar_ready/scalar_matmul_00021_83004ebb,SC,OK,TIMEOUT,-,-,1801
scalar_ready/scalar_matmul_00022_3b6f8549,SC,OK,TIMEOUT,-,-,1800
scalar_ready/scalar_matmul_00023_34948020,SC,OK,TIMEOUT,-,-,1801
scalar_ready/scalar_matmul_00024_80272211,SC,OK,TIMEOUT,-,-,1800
scalar_ready/scalar_matmul_00025_7c7a4229,SC,OK,PASS,63770015000,0.063770,1112
scalar_ready/scalar_matmul_00026_eae6db0c,SC,OK,TIMEOUT,-,-,1800
scalar_ready/scalar_matmul_00027_0ba3890c,SC,OK,PASS,171190103000,0.171190,1734
scalar_ready/scalar_matmul_00028_2840171f,SC,OK,TIMEOUT,-,-,1800
scalar_ready/scalar_matmul_00029_cd106782,SC,OK,PASS,2512671000,0.002513,51
scalar_ready/scalar_matmul_00030_8f6c12cb,SC,OK,TIMEOUT,-,-,1800
scalar_ready/scalar_matmul_00031_c2de016b,SC,OK,PANIC,-,-,345
scalar_ready/scalar_matmul_00032_a54a37d9,SC,OK,PASS,3331987000,0.003332,67
scalar_ready/scalar_matmul_00033_94fd0645,SC,OK,TIMEOUT,-,-,1800
scalar_ready/scalar_matmul_00034_8830bd65,SC,OK,PANIC,-,-,559
scalar_ready/scalar_matmul_00035_9ff1c3b6,SC,OK,TIMEOUT,-,-,1800
scalar_ready/scalar_matmul_00036_8ea9374a,SC,OK,PANIC,-,-,321
scalar_ready/scalar_matmul_00037_7c37b4a1,SC,OK,TIMEOUT,-,-,1800
scalar_ready/scalar_matmul_00038_a1299a88,SC,OK,PASS,62727016000,0.062727,753
scalar_ready/scalar_matmul_00039_efef4ffc,SC,OK,TIMEOUT,-,-,1800
scalar_ready/scalar_matmul_00040_bbd53831,SC,OK,PASS,97723004500,0.097723,932
scalar_ready/scalar_matmul_00041_bcbc1411,SC,OK,TIMEOUT,-,-,1801
scalar_ready/scalar_matmul_00042_d566580c,SC,OK,PANIC,-,-,318
scalar_ready/scalar_matmul_00043_dd16e10c,SC,OK,PASS,80968195000,0.080968,937
scalar_ready/scalar_matmul_00044_7a6d0371,SC,OK,PASS,17163325500,0.017163,283
scalar_ready/scalar_matmul_00045_b6c023b9,SC,OK,PASS,6788014000,0.006788,118
scalar_ready/scalar_matmul_00046_a2d69ee6,SC,OK,PANIC,-,-,354
scalar_ready/scalar_matmul_00047_573d1e1e,SC,OK,RUN-FAIL,-,-,1785
scalar_ready/scalar_matmul_00048_1dd66660,SC,OK,TIMEOUT,-,-,1801
scalar_ready/scalar_matmul_00049_3c0a18f7,SC,OK,PASS,98808191500,0.098808,1569
scalar_ready/scalar_matmul_00050_c026541f,SC,OK,PASS,55678226500,0.055678,979
scalar_ready/scalar_matmul_00051_971615cc,SC,OK,TIMEOUT,-,-,1801
scalar_ready/scalar_matmul_00052_5305dffe,SC,OK,TIMEOUT,-,-,1800
scalar_ready/scalar_matmul_00053_8cc55189,SC,OK,TIMEOUT,-,-,1800
scalar_ready/scalar_matmul_00054_5da61303,SC,OK,PASS,23218283000,0.023218,402
scalar_ready/scalar_matmul_00055_8b820e52,SC,OK,PASS,25379942000,0.025380,427
scalar_ready/scalar_matmul_00056_385b73c7,SC,OK,PASS,1067633500,0.001068,27
scalar_ready/scalar_matmul_00057_72575f07,SC,OK,PASS,50148271500,0.050148,519
scalar_ready/scalar_matmul_00058_fb39d04a,SC,OK,TIMEOUT,-,-,1800
scalar_ready/scalar_matmul_00059_9ff7c1cd,SC,OK,TIMEOUT,-,-,1800
scalar_ready/scalar_matmul_00060_0464fc53,SC,OK,TIMEOUT,-,-,1800
scalar_ready/scalar_matmul_00061_8cd45d3c,SC,OK,TIMEOUT,-,-,1800
scalar_ready/scalar_matmul_00062_aaddd3f8,SC,OK,PASS,49880208500,0.049880,841
scalar_ready/scalar_matmul_00063_8939896e,SC,OK,TIMEOUT,-,-,1800
scalar_ready/scalar_matmul_00064_588e48a9,SC,OK,PASS,10006020500,0.010006,178
scalar_ready/scalar_matmul_00065_c09bafb3,SC,OK,PASS,247817500,0.000248,13
scalar_ready/scalar_matmul_00066_308f0e53,SC,OK,TIMEOUT,-,-,1800
scalar_ready/scalar_matmul_00067_c6e9db87,SC,OK,TIMEOUT,-,-,1800
scalar_ready/scalar_matmul_00068_5b3de8f2,SC,OK,TIMEOUT,-,-,1801
scalar_ready/scalar_matmul_00069_51fd997d,SC,OK,PASS,141426527500,0.141427,1374
scalar_ready/scalar_matmul_00070_a01b9185,SC,OK,TIMEOUT,-,-,1800
scalar_ready/scalar_matmul_00071_1f4455d1,SC,OK,PASS,89395617500,0.089396,1353
scalar_ready/scalar_matmul_00072_6f689b18,SC,OK,PASS,11518043000,0.011518,144
scalar_ready/scalar_matmul_00073_39ff1fdb,SC,OK,TIMEOUT,-,-,1800
scalar_ready/scalar_matmul_00074_3f7dc91a,SC,OK,TIMEOUT,-,-,1800
scalar_ready/scalar_matmul_00075_4e56b765,SC,OK,TIMEOUT,-,-,1801
scalar_ready/scalar_matmul_00076_5753be1d,SC,OK,PASS,3097002500,0.003097,64
scalar_ready/scalar_matmul_00077_19bf68ec,SC,OK,PASS,24582744000,0.024583,428
scalar_ready/scalar_matmul_00078_9bacf831,SC,OK,TIMEOUT,-,-,1801
scalar_ready/scalar_matmul_00079_09ffa18c,SC,OK,TIMEOUT,-,-,1800
scalar_ready/scalar_matmul_00080_1c7d0e58,SC,OK,PASS,33240472000,0.033240,334
scalar_ready/scalar_matmul_00081_76f1ac10,SC,OK,TIMEOUT,-,-,1800
scalar_ready/scalar_matmul_00082_d34bfb02,SC,OK,PASS,8014333500,0.008014,150
scalar_ready/scalar_matmul_00083_171bca61,SC,OK,PASS,49680652000,0.049681,860
scalar_ready/scalar_matmul_00084_f330d909,SC,OK,TIMEOUT,-,-,1800
scalar_ready/scalar_matmul_00085_35a7f0d6,SC,OK,TIMEOUT,-,-,1800
scalar_ready/scalar_matmul_00086_f5f066fa,SC,OK,PASS,393390500,0.000393,16
scalar_ready/scalar_matmul_00087_6d405dc9,SC,OK,PASS,139818305500,0.139818,1317
scalar_ready/scalar_matmul_00088_bb0a670e,SC,OK,PASS,24393200500,0.024393,420
scalar_ready/scalar_matmul_00089_841fd14e,SC,OK,TIMEOUT,-,-,1800
scalar_ready/scalar_matmul_00090_c4888f87,SC,OK,PASS,93700824000,0.093701,1514
scalar_ready/scalar_matmul_00091_70e540a4,SC,OK,TIMEOUT,-,-,1800
scalar_ready/scalar_matmul_00092_acf7e921,SC,OK,PASS,27656838500,0.027657,339
scalar_ready/scalar_matmul_00093_257e06cd,SC,OK,TIMEOUT,-,-,1800
scalar_ready/scalar_matmul_00094_5543d507,SC,OK,PASS,122886527000,0.122887,1628
scalar_ready/scalar_matmul_00095_4b1a6654,SC,OK,PANIC,-,-,371
scalar_ready/scalar_matmul_00096_0afe041d,SC,OK,TIMEOUT,-,-,1800
scalar_ready/scalar_matmul_00097_0b7be3b6,SC,OK,TIMEOUT,-,-,1800
scalar_ready/scalar_matmul_00098_7281fb17,SC,OK,PASS,3731057500,0.003731,49
scalar_ready/scalar_matmul_00099_86321d9c,SC,OK,TIMEOUT,-,-,1800
scalar_ready/scalar_matmul_00100_006896e3,SC,OK,TIMEOUT,-,-,1800
scalar_ready/scalar_matmul_00101_7cccfe1f,SC,OK,TIMEOUT,-,-,1800
scalar_ready/scalar_matmul_00102_49876e0e,SC,OK,TIMEOUT,-,-,1800
scalar_ready/scalar_matmul_00103_b2bff10a,SC,OK,PASS,52039418500,0.052039,815
scalar_ready/scalar_matmul_00104_5c2fa82e,SC,OK,TIMEOUT,-,-,1801
scalar_ready/scalar_matmul_00105_dcb05552,SC,OK,TIMEOUT,-,-,1800
scalar_ready/scalar_matmul_00106_96f02fb3,SC,OK,TIMEOUT,-,-,1800
scalar_ready/scalar_matmul_00107_6c7d91c8,SC,OK,TIMEOUT,-,-,1800
scalar_ready/scalar_matmul_00108_01f20f73,SC,OK,PASS,63836061500,0.063836,629
scalar_ready/scalar_matmul_00109_49779698,SC,OK,PASS,30236938000,0.030237,339
scalar_ready/scalar_matmul_00110_e2e3e5ea,SC,OK,PASS,54932570000,0.054933,832
scalar_ready/scalar_matmul_00111_5e7d38e4,SC,OK,TIMEOUT,-,-,1801
scalar_ready/scalar_matmul_00112_f481e592,SC,OK,PASS,19665977500,0.019666,318
scalar_ready/scalar_matmul_00113_ae1b686a,SC,OK,TIMEOUT,-,-,1800
scalar_ready/scalar_matmul_00114_1d70f755,SC,OK,PASS,28568679500,0.028569,317
scalar_ready/scalar_matmul_00115_4d800ae3,SC,OK,TIMEOUT,-,-,1800
scalar_ready/scalar_matmul_00116_f19ad275,SC,OK,PASS,46158681000,0.046159,767
scalar_ready/scalar_matmul_00117_1cf47e23,SC,OK,PASS,36819148000,0.036819,571
scalar_ready/scalar_matmul_00118_1fa50bfd,SC,OK,RUN-FAIL,-,-,1033
scalar_ready/scalar_matmul_00119_78262aa9,SC,OK,TIMEOUT,-,-,1800
scalar_ready/scalar_matmul_00120_d30ca56c,SC,OK,TIMEOUT,-,-,1801
scalar_ready/scalar_matmul_00121_e9c2ed4d,SC,OK,PASS,8367146000,0.008367,136
scalar_ready/scalar_matmul_00122_5c8c402e,SC,OK,PASS,32573525500,0.032574,521
scalar_ready/scalar_matmul_00123_31ab4b6b,SC,OK,PASS,10770071000,0.010770,192
scalar_ready/scalar_matmul_00124_e279e439,SC,OK,PASS,131279229500,0.131279,1271
scalar_ready/scalar_matmul_00125_c666e809,SC,OK,PASS,2845271500,0.002845,54
scalar_ready/scalar_matmul_00126_c57d46d3,SC,OK,PASS,28084108000,0.028084,470
scalar_ready/scalar_matmul_00127_270fce4a,SC,OK,TIMEOUT,-,-,1800
scalar_ready/scalar_matmul_00128_87d9fe5f,SC,OK,TIMEOUT,-,-,1800
scalar_ready/scalar_matmul_00129_9cff486b,SC,OK,TIMEOUT,-,-,1800
scalar_ready/scalar_matmul_00130_8f913172,SC,OK,TIMEOUT,-,-,1800
scalar_ready/scalar_matmul_00131_0c74bc66,SC,OK,TIMEOUT,-,-,1800
scalar_ready/scalar_matmul_00132_e99af727,SC,OK,TIMEOUT,-,-,1800
scalar_ready/scalar_matmul_00133_40b5befa,SC,OK,TIMEOUT,-,-,1800
scalar_ready/scalar_matmul_00134_abd8bdc4,SC,OK,PASS,12013532500,0.012014,219
scalar_ready/scalar_matmul_00135_71fa6b32,SC,OK,PASS,79313783500,0.079314,1292
scalar_ready/scalar_matmul_00136_4cfb9fa2,SC,OK,PASS,48632380000,0.048632,948
scalar_ready/scalar_matmul_00137_f8e56063,SC,OK,TIMEOUT,-,-,1800
scalar_ready/scalar_matmul_00138_7baa93c1,SC,OK,TIMEOUT,-,-,1801
scalar_ready/scalar_matmul_00139_54d92b83,SC,OK,TIMEOUT,-,-,1800
scalar_ready/scalar_matmul_00140_11770185,SC,OK,TIMEOUT,-,-,1800
scalar_ready/scalar_matmul_00141_4081f3f4,SC,OK,PASS,51974542000,0.051975,856
scalar_ready/scalar_matmul_00142_fbd5a802,SC,OK,TIMEOUT,-,-,1800
scalar_ready/scalar_matmul_00143_588db214,SC,OK,PASS,303700500,0.000304,14
scalar_ready/scalar_matmul_00144_0c946d17,SC,OK,TIMEOUT,-,-,1800
scalar_ready/scalar_matmul_00145_1049ff00,SC,OK,TIMEOUT,-,-,1800
scalar_ready/scalar_matmul_00146_de808017,SC,OK,TIMEOUT,-,-,1801
scalar_ready/scalar_matmul_00147_1f8928de,SC,OK,TIMEOUT,-,-,1801
scalar_ready/scalar_matmul_00148_e4fe0e0e,SC,OK,PASS,10828606000,0.010829,194
scalar_ready/scalar_matmul_00149_3f0052dc,SC,OK,PASS,49593698500,0.049594,482
scalar_ready/scalar_matmul_00150_de08dc6a,SC,OK,TIMEOUT,-,-,1800
scalar_ready/scalar_matmul_00151_72146f34,SC,OK,TIMEOUT,-,-,1800
scalar_ready/scalar_matmul_00152_68ed4912,SC,OK,PASS,72519220500,0.072519,1211
scalar_ready/scalar_matmul_00153_e8029444,SC,OK,TIMEOUT,-,-,1800
scalar_ready/scalar_matmul_00154_e1bcab07,SC,OK,RUN-FAIL,-,-,1097
scalar_ready/scalar_matmul_00155_2355f28b,SC,OK,TIMEOUT,-,-,1800
scalar_ready/scalar_matmul_00156_c93412d7,SC,OK,PASS,101681538500,0.101682,1126
scalar_ready/scalar_matmul_00157_8fccc68c,SC,OK,PASS,3823957500,0.003824,68
scalar_ready/scalar_matmul_00158_984c694a,SC,OK,PASS,51223867000,0.051224,599
scalar_ready/scalar_matmul_00159_5970166d,SC,OK,TIMEOUT,-,-,1800
scalar_ready/scalar_matmul_00160_c331643e,SC,OK,PASS,106248396000,0.106248,1660
scalar_ready/scalar_matmul_00161_f931de20,SC,OK,TIMEOUT,-,-,1800
scalar_ready/scalar_matmul_00162_d910dc11,SC,OK,PASS,44975677500,0.044976,784
scalar_ready/scalar_matmul_00163_64004595,SC,OK,TIMEOUT,-,-,1800
scalar_ready/scalar_matmul_00164_e608c745,SC,OK,TIMEOUT,-,-,1800
scalar_ready/scalar_matmul_00165_38d9c6d8,SC,OK,TIMEOUT,-,-,1800
scalar_ready/scalar_matmul_00166_afc16f14,SC,OK,TIMEOUT,-,-,1800
scalar_ready/scalar_matmul_00167_a834deee,SC,OK,PASS,2907479500,0.002907,40
scalar_ready/scalar_matmul_00168_a181028c,SC,OK,TIMEOUT,-,-,1800
scalar_ready/scalar_matmul_00169_0b08191d,SC,OK,TIMEOUT,-,-,1800
scalar_ready/scalar_matmul_00170_6666d770,SC,OK,TIMEOUT,-,-,1800
scalar_ready/scalar_matmul_00171_62dfc38e,SC,OK,PASS,51279678500,0.051280,823
scalar_ready/scalar_matmul_00172_b2ea71ee,SC,OK,PASS,20747003500,0.020747,228
scalar_ready/scalar_matmul_00173_525b85bf,SC,OK,PASS,60752003000,0.060752,957
scalar_ready/scalar_matmul_00174_beeda5f5,SC,OK,PASS,40997586500,0.040998,518
scalar_ready/scalar_matmul_00175_96d727d3,SC,OK,PASS,29716776000,0.029717,502
scalar_ready/scalar_matmul_00176_35f9314b,SC,OK,PASS,17416479500,0.017416,281
scalar_ready/scalar_matmul_00177_a92c5434,SC,OK,PASS,17317622000,0.017318,190
scalar_ready/scalar_matmul_00178_cdbb1fc6,SC,OK,TIMEOUT,-,-,1800
scalar_ready/scalar_matmul_00179_f07cdc5a,SC,OK,TIMEOUT,-,-,1801
scalar_ready/scalar_matmul_00180_81d6c4d3,SC,OK,TIMEOUT,-,-,1800
scalar_ready/scalar_matmul_00181_5645fb8b,SC,OK,TIMEOUT,-,-,1801
scalar_ready/scalar_matmul_00182_7be2586f,SC,OK,TIMEOUT,-,-,1801
scalar_ready/scalar_matmul_00183_04cbd69b,SC,OK,PASS,921332500,0.000921,24
scalar_ready/scalar_matmul_00184_4a9d912d,SC,OK,PASS,7585714000,0.007586,89
scalar_ready/scalar_matmul_00185_e9261122,SC,OK,TIMEOUT,-,-,1800
scalar_ready/scalar_matmul_00186_ee0c7666,SC,OK,PASS,11696498000,0.011696,207
scalar_ready/scalar_matmul_00187_aac17e52,SC,OK,TIMEOUT,-,-,1800
scalar_ready/scalar_matmul_00188_be493460,SC,OK,TIMEOUT,-,-,1800
scalar_ready/scalar_matmul_00189_a2f9e729,SC,OK,TIMEOUT,-,-,1800
scalar_ready/scalar_matmul_00190_937a0e0b,SC,OK,PANIC,-,-,275
scalar_ready/scalar_matmul_00191_b89bb079,SC,OK,TIMEOUT,-,-,1800
scalar_ready/scalar_matmul_00192_f53fb7c6,SC,OK,PANIC,-,-,452
scalar_ready/scalar_matmul_00193_2fb9a422,SC,OK,TIMEOUT,-,-,1800
scalar_ready/scalar_matmul_00194_b9e0592c,SC,OK,PASS,7764305000,0.007764,88
scalar_ready/scalar_matmul_00195_0c3e2ce3,SC,OK,TIMEOUT,-,-,1800
scalar_ready/scalar_matmul_00196_fc6dd9cc,SC,OK,TIMEOUT,-,-,1800
scalar_ready/scalar_matmul_00197_78350099,SC,OK,PASS,89964973000,0.089965,1445
scalar_ready/scalar_matmul_00198_2d36fafc,SC,OK,PASS,59052940500,0.059053,912
scalar_ready/scalar_matmul_00199_3838f3ae,SC,OK,PASS,16183153000,0.016183,168
scalar_ready/scalar_matmul_00200_68b05a93,SC,OK,TIMEOUT,-,-,1800
scalar_ready/scalar_matmul_00201_aa572d88,SC,OK,PASS,21970428500,0.021970,421
scalar_ready/scalar_matmul_00202_51bef259,SC,OK,TIMEOUT,-,-,1800
scalar_ready/scalar_matmul_00203_9b275fe1,SC,OK,PASS,10446841500,0.010447,124
scalar_ready/scalar_matmul_00204_0ddda9cf,SC,OK,TIMEOUT,-,-,1801
scalar_ready/scalar_matmul_00205_8f5f0ba0,SC,OK,PASS,30105920000,0.030106,330
scalar_ready/scalar_matmul_00206_0432fbe7,SC,OK,PANIC,-,-,325
scalar_ready/scalar_matmul_00207_fe1e81a6,SC,OK,PASS,39826186500,0.039826,691
scalar_ready/scalar_matmul_00208_7c2b9a02,SC,OK,PASS,135711601500,0.135712,1487
scalar_ready/scalar_matmul_00209_06023bbe,SC,OK,TIMEOUT,-,-,1800
scalar_ready/scalar_matmul_00210_e411cd3c,SC,OK,TIMEOUT,-,-,1800
scalar_ready/scalar_matmul_00211_e45be801,SC,OK,PASS,296848000,0.000297,14
scalar_ready/scalar_matmul_00212_9ba90f42,SC,OK,TIMEOUT,-,-,1800
scalar_ready/scalar_matmul_00213_4db54c1e,SC,OK,TIMEOUT,-,-,1801
scalar_ready/scalar_matmul_00214_87fd2531,SC,OK,RUN-FAIL,-,-,1442
scalar_ready/scalar_matmul_00215_cf371658,SC,OK,PANIC,-,-,654
scalar_ready/scalar_matmul_00216_00d27edf,SC,OK,TIMEOUT,-,-,1800
scalar_ready/scalar_matmul_00217_4abae349,SC,OK,PASS,8753069000,0.008753,156
scalar_ready/scalar_matmul_00218_51edfd24,SC,OK,PANIC,-,-,389
scalar_ready/scalar_matmul_00219_7704a555,SC,OK,TIMEOUT,-,-,1801
scalar_ready/scalar_matmul_00220_384d1cfb,SC,OK,TIMEOUT,-,-,1801
scalar_ready/scalar_matmul_00221_c525fd57,SC,OK,TIMEOUT,-,-,1800
scalar_ready/scalar_matmul_00222_dd8a3f36,SC,OK,TIMEOUT,-,-,1800
scalar_ready/scalar_matmul_00223_4e96461c,SC,OK,TIMEOUT,-,-,1800
scalar_ready/scalar_matmul_00224_3aed5351,SC,OK,PASS,358428000,0.000358,15
scalar_ready/scalar_matmul_00225_fcfd73bb,SC,OK,TIMEOUT,-,-,1800
scalar_ready/scalar_matmul_00226_a6e8e86f,SC,OK,PASS,11238437500,0.011238,177
scalar_ready/scalar_matmul_00227_636d7c4f,SC,OK,TIMEOUT,-,-,1800
scalar_ready/scalar_matmul_00228_b1c3cb9a,SC,OK,PANIC,-,-,384
scalar_ready/scalar_matmul_00229_a8c31410,SC,OK,TIMEOUT,-,-,1800
scalar_ready/scalar_matmul_00230_6a00ee3d,SC,OK,TIMEOUT,-,-,1800
scalar_ready/scalar_matmul_00231_4b0f6918,SC,OK,TIMEOUT,-,-,1800
scalar_ready/scalar_matmul_00232_b7e79919,SC,OK,TIMEOUT,-,-,1801
scalar_ready/scalar_matmul_00233_d246204d,SC,OK,TIMEOUT,-,-,1800
scalar_ready/scalar_matmul_00234_cce6983c,SC,OK,PASS,81981615500,0.081982,784
scalar_ready/scalar_matmul_00235_bced76a8,SC,OK,PANIC,-,-,507
scalar_ready/scalar_matmul_00236_94629f7c,SC,OK,TIMEOUT,-,-,1800
scalar_ready/scalar_matmul_00237_fea4759d,SC,OK,TIMEOUT,-,-,1800
scalar_ready/scalar_matmul_00238_941d9f63,SC,OK,TIMEOUT,-,-,1800
scalar_ready/scalar_matmul_00239_94f84205,SC,OK,PASS,8919166000,0.008919,176
scalar_ready/scalar_matmul_00240_f2e94665,SC,OK,PASS,10495091000,0.010495,166
scalar_ready/scalar_matmul_00241_7ddd3c0f,SC,OK,PASS,49543047500,0.049543,841
scalar_ready/scalar_matmul_00242_7aa5d60c,SC,OK,TIMEOUT,-,-,1800
scalar_ready/scalar_matmul_00243_fc188ba9,SC,OK,TIMEOUT,-,-,1800
scalar_ready/scalar_matmul_00244_8bf8a1dc,SC,OK,TIMEOUT,-,-,1801
scalar_ready/scalar_matmul_00245_0c7a1a00,SC,OK,PASS,11888301000,0.011888,210
scalar_ready/scalar_matmul_00246_b28f9c0a,SC,OK,TIMEOUT,-,-,1800
scalar_ready/scalar_matmul_00247_aacca17a,SC,OK,TIMEOUT,-,-,1800
scalar_ready/scalar_matmul_00248_6c7fa574,SC,OK,TIMEOUT,-,-,1800
scalar_ready/scalar_matmul_00249_6f4bf02e,SC,OK,TIMEOUT,-,-,1800
scalar_ready/scalar_matmul_00250_a4cab866,SC,OK,TIMEOUT,-,-,1800
scalar_ready/scalar_matmul_00251_e0b64885,SC,OK,TIMEOUT,-,-,1800
scalar_ready/scalar_matmul_00252_0cb2b047,SC,OK,TIMEOUT,-,-,1800
scalar_ready/scalar_matmul_00253_09ff626f,SC,OK,PASS,50614716500,0.050615,480
scalar_ready/scalar_matmul_00254_e1a27164,SC,OK,TIMEOUT,-,-,1801
scalar_ready/scalar_matmul_00255_9f51a76a,SC,OK,TIMEOUT,-,-,1800
scalar_ready/scalar_matmul_00256_f27f63c6,SC,OK,TIMEOUT,-,-,1801
scalar_ready/scalar_matmul_00257_b05182f4,SC,OK,PANIC,-,-,849
scalar_ready/scalar_matmul_00258_74c1bde1,SC,OK,TIMEOUT,-,-,1800
scalar_ready/scalar_matmul_00259_c3d3a1da,SC,OK,TIMEOUT,-,-,1800
scalar_ready/scalar_matmul_00260_1f446e80,SC,OK,TIMEOUT,-,-,1801
scalar_ready/scalar_matmul_00261_74037ec4,SC,OK,TIMEOUT,-,-,1800
scalar_ready/scalar_matmul_00262_11d21ba8,SC,OK,TIMEOUT,-,-,1800
scalar_ready/scalar_matmul_00263_a386c732,SC,OK,PASS,17896230500,0.017896,281
scalar_ready/scalar_matmul_00264_74f013a1,SC,OK,PASS,11043898000,0.011044,192
scalar_ready/scalar_matmul_00265_f1dba40b,SC,OK,TIMEOUT,-,-,1800
scalar_ready/scalar_matmul_00266_8c434ad3,SC,OK,PANIC,-,-,251
scalar_ready/scalar_matmul_00267_3934f6d2,SC,OK,PASS,14444591500,0.014445,239
scalar_ready/scalar_matmul_00268_508dafe9,SC,OK,PANIC,-,-,313
scalar_ready/scalar_matmul_00269_59efaf01,SC,OK,TIMEOUT,-,-,1801
scalar_ready/scalar_matmul_00270_6a64f1c6,SC,OK,PANIC,-,-,272
scalar_ready/scalar_matmul_00271_3e7ff3bd,SC,OK,TIMEOUT,-,-,1800
scalar_ready/scalar_matmul_00272_5ffd45a3,SC,OK,TIMEOUT,-,-,1800
scalar_ready/scalar_matmul_00273_04616624,SC,OK,TIMEOUT,-,-,1800
scalar_ready/scalar_matmul_00274_bb66802c,SC,OK,PASS,4742218500,0.004742,90
scalar_ready/scalar_matmul_00275_4b05116c,SC,OK,TIMEOUT,-,-,1800
scalar_ready/scalar_matmul_00276_7ea9e6e4,SC,OK,PASS,7604972500,0.007605,137
scalar_ready/scalar_matmul_00277_1305d2aa,SC,OK,TIMEOUT,-,-,1800
scalar_ready/scalar_matmul_00278_859b34f1,SC,OK,TIMEOUT,-,-,1801
scalar_ready/scalar_matmul_00279_a1da42cf,SC,OK,TIMEOUT,-,-,1800
scalar_ready/scalar_matmul_00280_4a326ed7,SC,OK,TIMEOUT,-,-,1800
scalar_ready/scalar_matmul_00281_9bce1782,SC,OK,PASS,1395917000,0.001396,24
scalar_ready/scalar_matmul_00282_483940f6,SC,OK,PANIC,-,-,286
scalar_ready/scalar_matmul_00283_72f4d292,SC,OK,PANIC,-,-,376
scalar_ready/scalar_matmul_00284_f9f169c4,SC,OK,TIMEOUT,-,-,1800
scalar_ready/scalar_matmul_00285_6ffb7019,SC,OK,PASS,8845631000,0.008846,144
scalar_ready/scalar_matmul_00286_45b66d27,SC,OK,TIMEOUT,-,-,1800
scalar_ready/scalar_matmul_00287_211f0018,SC,OK,PASS,28626031000,0.028626,528
scalar_ready/scalar_matmul_00288_b0ea40b6,SC,OK,TIMEOUT,-,-,1800
scalar_ready/scalar_matmul_00289_3cd278d6,SC,OK,PASS,497242000,0.000497,18
scalar_ready/scalar_matmul_00290_1fc6db07,SC,OK,PANIC,-,-,1103
scalar_ready/scalar_matmul_00291_8233f0f0,SC,OK,PANIC,-,-,396
scalar_ready/scalar_matmul_00292_e20834e7,SC,OK,PANIC,-,-,276
scalar_ready/scalar_matmul_00293_5ef1a9a4,SC,OK,PASS,25375451500,0.025375,402
scalar_ready/scalar_matmul_00294_998077f2,SC,OK,PASS,105175165000,0.105175,1571
scalar_ready/scalar_matmul_00295_e5484fea,SC,OK,PASS,139990259500,0.139990,1534
scalar_ready/scalar_matmul_00296_796f81c6,SC,OK,TIMEOUT,-,-,1800
scalar_ready/scalar_matmul_00297_61d18f5f,SC,OK,PASS,62644852500,0.062645,1060
scalar_ready/scalar_matmul_00298_b47db571,SC,OK,TIMEOUT,-,-,1800
scalar_ready/scalar_matmul_00299_5fad3157,SC,OK,TIMEOUT,-,-,1801
scalar_ready/scalar_matmul_00300_5d809139,SC,OK,TIMEOUT,-,-,1800
scalar_ready/scalar_matmul_00301_fa8cc65d,SC,OK,PASS,48230301000,0.048230,544
scalar_ready/scalar_matmul_00302_674b97d8,SC,OK,TIMEOUT,-,-,1800
scalar_ready/scalar_matmul_00303_83344153,SC,OK,TIMEOUT,-,-,1800
scalar_ready/scalar_matmul_00304_f73a01cb,SC,OK,PASS,80699235000,0.080699,1238
scalar_ready/scalar_matmul_00305_365791b7,SC,OK,PASS,57041483500,0.057041,888
scalar_ready/scalar_matmul_00306_522b4886,SC,OK,TIMEOUT,-,-,1801
scalar_ready/scalar_matmul_00307_deca8aa1,SC,OK,TIMEOUT,-,-,1800
scalar_ready/scalar_matmul_00308_f60ec81d,SC,OK,PANIC,-,-,955
scalar_ready/scalar_matmul_00309_981a8892,SC,OK,TIMEOUT,-,-,1800
scalar_ready/scalar_matmul_00310_eb42b443,SC,OK,PANIC,-,-,423
scalar_ready/scalar_matmul_00311_fa8f0e3f,SC,OK,TIMEOUT,-,-,1801
scalar_ready/scalar_matmul_00312_3f3bac37,SC,OK,PASS,2180734000,0.002181,45
scalar_ready/scalar_matmul_00313_7386e543,SC,OK,TIMEOUT,-,-,1800
scalar_ready/scalar_matmul_00314_58f9e2af,SC,OK,TIMEOUT,-,-,1800
scalar_ready/scalar_matmul_00315_627ca9bb,SC,OK,TIMEOUT,-,-,1801
scalar_ready/scalar_matmul_00316_e3ef95d1,SC,OK,PASS,58786731000,0.058787,967
scalar_ready/scalar_matmul_00317_1bcc84fc,SC,OK,TIMEOUT,-,-,1800
scalar_ready/scalar_matmul_00318_68c162ba,SC,OK,RUN-FAIL,-,-,1481
scalar_ready/scalar_matvec_00000_d65597f2,SC,OK,PASS,860894500,0.000861,19
scalar_ready/scalar_matvec_00001_c62360d9,SC,OK,PASS,38326415500,0.038326,381
scalar_ready/scalar_matvec_00002_9a7df4bb,SC,OK,PASS,9260431000,0.009260,101
scalar_ready/scalar_matvec_00007_648579f4,SC,OK,PASS,245737000,0.000246,13
scalar_ready/scalar_matvec_00009_872229d3,SC,OK,PASS,1403031000,0.001403,25
scalar_ready/scalar_matvec_00012_36a9ea35,SC,OK,PASS,2024678000,0.002025,36
scalar_ready/scalar_matvec_00019_3b56db8a,SC,OK,PASS,519192500,0.000519,17
scalar_ready/scalar_matvec_00025_3e2cd50d,SC,OK,PASS,1505132500,0.001505,33
scalar_ready/scalar_matvec_00026_20dae90e,SC,OK,PASS,227024000,0.000227,13
scalar_ready/scalar_matvec_00029_6c589461,SC,OK,PASS,613746000,0.000614,17
scalar_ready/scalar_matvec_00033_48cd26ec,SC,OK,PASS,1367129500,0.001367,28
scalar_ready/scalar_matvec_00035_211192f1,SC,OK,PASS,283849500,0.000284,14
scalar_ready/scalar_matvec_00037_6cdb8298,SC,OK,PASS,297603000,0.000298,15
scalar_ready/scalar_matvec_00038_96228ac2,SC,OK,PASS,340122000,0.000340,14
scalar_ready/scalar_matvec_00045_44785501,SC,OK,PASS,301004000,0.000301,15
scalar_ready/scalar_matvec_00052_0e57d046,SC,OK,PASS,511673500,0.000512,16
scalar_ready/scalar_matvec_00053_10f6af2a,SC,OK,PASS,324147500,0.000324,15
scalar_ready/scalar_matvec_00056_e4087bfa,SC,OK,PASS,409766000,0.000410,14
scalar_ready/scalar_matvec_00057_01e75f03,SC,OK,PASS,3010567000,0.003011,49
scalar_ready/scalar_matvec_00059_a18faf2e,SC,OK,PASS,335721000,0.000336,15
scalar_ready/scalar_matvec_00062_d6279886,SC,OK,PASS,233160000,0.000233,13
scalar_ready/scalar_matvec_00063_e0ef4737,SC,OK,PASS,401280000,0.000401,16
scalar_ready/scalar_matvec_00066_51ac5fde,SC,OK,PASS,68886920500,0.068887,665
scalar_ready/scalar_matvec_00068_90cc30dc,SC,OK,PASS,1270386500,0.001270,30
scalar_ready/scalar_matvec_00070_f822e1c5,SC,OK,PASS,10259377000,0.010259,112
scalar_ready/scalar_matvec_00071_0084d0b3,SC,OK,PASS,236800000,0.000237,13
scalar_ready/scalar_matvec_00075_cc3d8dbe,SC,OK,PASS,275236000,0.000275,14
scalar_ready/scalar_matvec_00076_936fe693,SC,OK,PASS,1466827500,0.001467,25
scalar_ready/scalar_matvec_00077_2682cb9a,SC,OK,PASS,659005500,0.000659,19
scalar_ready/scalar_matvec_00078_83378dc0,SC,OK,PASS,421834000,0.000422,16
scalar_ready/scalar_matvec_00083_619a348d,SC,OK,PASS,880908000,0.000881,22
scalar_ready/scalar_matvec_00091_2aa2a098,SC,OK,PASS,20240053500,0.020240,210
scalar_ready/scalar_matvec_00097_8302ecdb,SC,OK,PASS,23880130000,0.023880,246
scalar_ready/scalar_matvec_00102_5137a81f,SC,OK,PASS,2384269500,0.002384,49
scalar_ready/scalar_matvec_00104_63de3c5b,SC,OK,PASS,266426000,0.000266,14
scalar_ready/scalar_matvec_00105_fdd720e0,SC,OK,PASS,402028500,0.000402,15
scalar_ready/scalar_matvec_00110_c8670948,SC,OK,PASS,239459500,0.000239,13
scalar_ready/scalar_matvec_00112_ec50cf05,SC,OK,PASS,241593500,0.000242,13
scalar_ready/scalar_matvec_00115_2ad715e4,SC,OK,PASS,1334996500,0.001335,27
scalar_ready/scalar_matvec_00116_330187e6,SC,OK,PASS,4325404000,0.004325,80
scalar_ready/scalar_matvec_00122_882eff65,SC,OK,PASS,413769500,0.000414,15
scalar_ready/scalar_matvec_00123_3b8d0a10,SC,OK,PASS,1366105000,0.001366,27
scalar_ready/scalar_matvec_00126_3e2ad114,SC,OK,PASS,253713500,0.000254,13
scalar_ready/scalar_matvec_00137_cc9dbba0,SC,OK,PASS,11043617000,0.011044,121
scalar_ready/scalar_matvec_00140_3a5a7aee,SC,OK,PASS,364766500,0.000365,14
scalar_ready/scalar_matvec_00141_4323ffa8,SC,OK,PASS,1336949500,0.001337,31
scalar_ready/scalar_matvec_00143_4739c075,SC,OK,PASS,1201369000,0.001201,25
scalar_ready/scalar_matvec_00146_1fee55bc,SC,OK,PASS,1532041500,0.001532,26
scalar_ready/scalar_matvec_00147_a8d3f5b3,SC,OK,PASS,250758000,0.000251,13
scalar_ready/scalar_matvec_00155_27cf81ee,SC,OK,PASS,964883500,0.000965,21
scalar_ready/scalar_matvec_00157_723a2809,SC,OK,PASS,270390000,0.000270,14
scalar_ready/scalar_matvec_00161_f4175556,SC,OK,PASS,857624000,0.000858,20
scalar_ready/scalar_matvec_00172_2ee744d7,SC,OK,PASS,1415368500,0.001415,32
scalar_ready/scalar_matvec_00173_3b5265d4,SC,OK,PASS,241191000,0.000241,14
scalar_ready/scalar_matvec_00175_87ab1549,SC,OK,PASS,11127163500,0.011127,121
scalar_ready/scalar_matvec_00176_b2c33429,SC,OK,PASS,244547000,0.000245,14
scalar_ready/scalar_matvec_00177_7dc4e4ec,SC,OK,PASS,224454000,0.000224,13
scalar_ready/scalar_matvec_00179_a385409a,SC,OK,PASS,377105000,0.000377,15
scalar_ready/scalar_matvec_00180_8564536f,SC,OK,PASS,265030500,0.000265,14
scalar_ready/scalar_matvec_00183_eba06d4f,SC,OK,PASS,625233500,0.000625,17
scalar_ready/scalar_matvec_00184_c54450bf,SC,OK,PASS,224147000,0.000224,13
scalar_ready/scalar_matvec_00188_326f3f69,SC,OK,PASS,6608012000,0.006608,77
scalar_ready/scalar_matvec_00189_c31d4017,SC,OK,PASS,255306000,0.000255,14
scalar_ready/scalar_matvec_00192_f67d4566,SC,OK,PASS,4424519000,0.004425,55
scalar_ready/scalar_matvec_00195_c9e6c977,SC,OK,PASS,277552000,0.000278,13
scalar_ready/scalar_matvec_00199_3e1724eb,SC,OK,PASS,1329218000,0.001329,24
scalar_ready/scalar_reduce_00006_55baf974,SC,OK,PASS,17716779500,0.017717,234
scalar_ready/scalar_reduce_00010_e8daf66a,SC,OK,PASS,292865889500,0.292866,1611
scalar_ready/scalar_reduce_00013_d4e54c0b,SC,OK,PASS,304583500,0.000305,14
scalar_ready/scalar_reduce_00014_9c2be0f3,SC,OK,PASS,5856780500,0.005857,85
scalar_ready/scalar_reduce_00016_326451fb,SC,OK,PASS,446359500,0.000446,14
scalar_ready/scalar_reduce_00021_79fd5cb1,SC,OK,PASS,271629000,0.000272,14
scalar_ready/scalar_reduce_00022_b1056f1c,SC,OK,PASS,237145000,0.000237,13
scalar_ready/scalar_reduce_00024_2b5e99a2,SC,OK,PASS,502650000,0.000503,16
scalar_ready/scalar_reduce_00032_acf273db,SC,OK,PASS,231178000,0.000231,13
scalar_ready/scalar_reduce_00035_09f5ecc8,SC,OK,PASS,828285500,0.000828,17
scalar_ready/scalar_reduce_00036_c187a0af,SC,OK,PASS,6536867500,0.006537,96
scalar_ready/scalar_reduce_00039_6b400d9b,SC,OK,PASS,229459500,0.000229,13
scalar_ready/scalar_reduce_00042_81b66f9f,SC,OK,PASS,1126372500,0.001126,21
scalar_ready/scalar_reduce_00043_60f22989,SC,OK,PANIC,-,-,355
scalar_ready/scalar_reduce_00058_84b72477,SC,OK,PASS,228746000,0.000229,14
scalar_ready/scalar_reduce_00059_8196eb85,SC,OK,PASS,227851500,0.000228,13
scalar_ready/scalar_reduce_00067_1ddaf17c,SC,OK,PASS,292206000,0.000292,14
scalar_ready/scalar_reduce_00072_43081931,SC,OK,PASS,448268500,0.000448,15
scalar_ready/scalar_reduce_00083_af28bf51,SC,OK,PASS,246961500,0.000247,13
scalar_ready/scalar_reduce_00088_f784796f,SC,OK,PASS,11838841000,0.011839,165
scalar_ready/scalar_reduce_00090_385c9d2a,SC,OK,PASS,321497000,0.000321,14
scalar_ready/scalar_reduce_00091_ab8e3ba6,SC,OK,PASS,236353000,0.000236,13
scalar_ready/scalar_reduce_00092_46ee78a8,SC,OK,PASS,500318500,0.000500,16
scalar_ready/scalar_reduce_00096_7dc73edb,SC,OK,PASS,11251426500,0.011251,152
scalar_ready/scalar_reduce_00112_e24dbbde,SC,OK,PASS,231622500,0.000232,13
scalar_ready/scalar_reduce_00115_af170fb7,SC,OK,PASS,225413000,0.000225,13
scalar_ready/scalar_reduce_00125_21d37215,SC,OK,PASS,16020893500,0.016021,144
scalar_ready/scalar_reduce_00131_33e7b5ee,SC,OK,PASS,281395500,0.000281,14
scalar_ready/scalar_reduce_00136_ae63f907,SC,OK,PASS,13928257500,0.013928,207
scalar_ready/scalar_reduce_00138_7e90de0a,SC,OK,PASS,58175746500,0.058176,296
scalar_ready/scalar_reduce_00144_85cea7ab,SC,OK,PASS,312050500,0.000312,14
scalar_ready/scalar_reduce_00163_02d3703c,SC,OK,TIMEOUT,-,-,1800
scalar_ready/scalar_reduce_00164_fede37bf,SC,OK,PASS,12144189500,0.012144,184
scalar_ready/scalar_reduce_00166_26b0036e,SC,OK,PASS,229691000,0.000230,13
scalar_ready/scalar_reduce_00167_51732cfc,SC,OK,PASS,363358500,0.000363,15
scalar_ready/scalar_reduce_00174_190258f9,SC,OK,PASS,258163000,0.000258,15
scalar_ready/scalar_reduce_00181_1cf202a3,SC,OK,PASS,1012733500,0.001013,23
scalar_ready/scalar_reduce_00200_59bdd14a,SC,OK,PASS,22869396500,0.022869,320
scalar_ready/scalar_reduce_00207_298ac32c,SC,OK,PANIC,-,-,1311
scalar_ready/scalar_reduce_00217_308a5364,SC,OK,PASS,1153027500,0.001153,25
scalar_ready/scalar_reduce_00219_269b3f5a,SC,OK,PASS,242502000,0.000243,13
scalar_ready/scalar_reduce_00220_e3f56ae3,SC,OK,PASS,463913000,0.000464,17
scalar_ready/scalar_reduce_00225_fdbc50d9,SC,OK,PASS,470238000,0.000470,15
scalar_ready/scalar_reduce_00227_76635841,SC,OK,PASS,239925500,0.000240,13
scalar_ready/scalar_reduce_00229_5a0968b8,SC,OK,PASS,579554000,0.000580,18
scalar_ready/scalar_reduce_00237_186afbe0,SC,OK,PASS,3508999500,0.003509,72
scalar_ready/scalar_reduce_00240_f556438d,SC,OK,PASS,241397500,0.000241,13
scalar_ready/scalar_reduce_00253_66ae82f9,SC,OK,PASS,229961500,0.000230,13
scalar_ready/scalar_reduce_00254_0f7a765e,SC,OK,PASS,8133846500,0.008134,98
scalar_ready/scalar_reduce_00255_0af9082d,SC,OK,PASS,245405500,0.000245,13
scalar_ready/scalar_reduce_00261_8809e2f4,SC,OK,PASS,1053077500,0.001053,22
scalar_ready/scalar_reduce_00265_6044a71d,SC,OK,PASS,551759000,0.000552,17
scalar_ready/scalar_reduce_00266_7a8183e7,SC,OK,PASS,255861500,0.000256,13
scalar_ready/scalar_reduce_00273_b21ad34f,SC,OK,PASS,232861000,0.000233,13
scalar_ready/scalar_reduce_00274_18e5cf82,SC,OK,PASS,633812000,0.000634,20
scalar_ready/scalar_reduce_00279_9ab986b0,SC,OK,PASS,2894346000,0.002894,47
scalar_ready/scalar_reduce_00285_46d813ab,SC,OK,PASS,42309441500,0.042309,421
scalar_ready/scalar_reduce_00286_b475a2dd,SC,OK,PASS,253804500,0.000254,14
scalar_ready/scalar_reduce_00287_fe2490fc,SC,OK,PASS,316875000,0.000317,14
scalar_ready/scalar_reduce_00288_726bde1e,SC,OK,PASS,224145500,0.000224,13
scalar_ready/scalar_reduce_00291_11202071,SC,OK,TIMEOUT,-,-,1800
scalar_ready/scalar_reduce_00298_48ae5236,SC,OK,PASS,240087000,0.000240,13
scalar_ready/scalar_select_00002_d9e04041,SC,OK,PASS,224181000,0.000224,13
scalar_ready/scalar_select_00008_6e0e7645,SC,OK,PASS,224011000,0.000224,14
scalar_ready/scalar_select_00028_7ccb7628,SC,OK,PASS,272252500,0.000272,14
scalar_ready/scalar_select_00031_e2fdaffc,SC,OK,PASS,245732500,0.000246,14
scalar_ready/scalar_select_00034_c546d17b,SC,OK,PASS,229959500,0.000230,13
scalar_ready/scalar_select_00044_4202ea50,SC,OK,PASS,295066500,0.000295,14
scalar_ready/scalar_select_00045_13fc5b67,SC,OK,PASS,222821500,0.000223,13
scalar_ready/scalar_select_00048_997f0590,SC,OK,PASS,221027000,0.000221,13
scalar_ready/scalar_select_00060_894ab032,SC,OK,PASS,233539500,0.000234,13
scalar_ready/scalar_select_00062_c51a5177,SC,OK,PASS,4051994000,0.004052,67
scalar_ready/scalar_select_00066_d600b15c,SC,OK,PASS,220788000,0.000221,13
scalar_ready/scalar_select_00069_ffde1e7a,SC,OK,PASS,226310500,0.000226,14
scalar_ready/scalar_select_00071_a1759c48,SC,OK,PASS,222205000,0.000222,13
scalar_ready/scalar_select_00084_1f0c123e,SC,OK,PASS,223107500,0.000223,14
scalar_ready/scalar_select_00085_dc412842,SC,OK,PASS,324340000,0.000324,14
scalar_ready/scalar_select_00086_e5e1bd99,SC,OK,PASS,237890500,0.000238,13
scalar_ready/scalar_select_00099_a26cc3ed,SC,OK,PASS,227099500,0.000227,13
scalar_ready/scalar_select_00105_0904fa6f,SC,OK,PASS,308781000,0.000309,15
scalar_ready/scalar_select_00116_31dd85cc,SC,OK,PASS,218832000,0.000219,14
scalar_ready/scalar_select_00117_78bf35c6,SC,OK,PASS,239678500,0.000240,14
scalar_ready/scalar_select_00120_c2cf9512,SC,OK,PASS,235237500,0.000235,13
scalar_ready/scalar_select_00123_9bc0967f,SC,OK,PASS,224470000,0.000224,14
scalar_ready/scalar_select_00134_f6a77aeb,SC,OK,PASS,395572000,0.000396,16
scalar_ready/scalar_select_00145_fca57803,SC,OK,PASS,751155500,0.000751,18
scalar_ready/scalar_select_00148_ff2236f6,SC,OK,PASS,468534500,0.000469,16
scalar_ready/scalar_select_00150_9c8709d5,SC,OK,PASS,226077500,0.000226,13
scalar_ready/scalar_select_00152_bd1d218b,SC,OK,PASS,230242500,0.000230,13
scalar_ready/scalar_select_00154_de6c65ef,SC,OK,PASS,224125000,0.000224,14
scalar_ready/scalar_select_00156_c4cc93e3,SC,OK,PASS,224300000,0.000224,13
scalar_ready/scalar_select_00157_cea49883,SC,OK,PASS,233982000,0.000234,13
scalar_ready/scalar_select_00161_a60075d2,SC,OK,PASS,242997000,0.000243,14
scalar_ready/scalar_select_00172_3139e536,SC,OK,PASS,222671000,0.000223,13
scalar_ready/scalar_select_00175_362b54e5,SC,OK,PASS,303301000,0.000303,14
scalar_ready/scalar_select_00179_e0928a68,SC,OK,PASS,1864249000,0.001864,40
scalar_ready/scalar_select_00180_0287579f,SC,OK,PASS,224090500,0.000224,13
scalar_ready/scalar_select_00182_4cd484d1,SC,OK,PASS,224160500,0.000224,13
scalar_ready/scalar_select_00183_14b8965f,SC,OK,PASS,4561402500,0.004561,83
scalar_ready/scalar_select_00185_5c96845c,SC,OK,PASS,225765000,0.000226,14
scalar_ready/scalar_select_00189_249375d2,SC,OK,PASS,291620000,0.000292,14
scalar_ready/scalar_select_00195_f9fe7c7b,SC,OK,PASS,232245500,0.000232,14
scalar_ready/scalar_select_00201_81e52121,SC,OK,PASS,218634000,0.000219,12
scalar_ready/scalar_select_00218_1b2917e4,SC,OK,PASS,222214000,0.000222,13
scalar_ready/scalar_select_00221_4f5bdcc3,SC,OK,PASS,3870335000,0.003870,56
scalar_ready/scalar_select_00231_5bae98a7,SC,OK,PASS,222383500,0.000222,14
scalar_ready/scalar_select_00242_2114cf45,SC,OK,PASS,222860500,0.000223,13
scalar_ready/scalar_select_00256_e2048455,SC,OK,PASS,2308355500,0.002308,38
scalar_ready/scalar_select_00258_93ddc116,SC,OK,PASS,2400697000,0.002401,48
scalar_ready/scalar_select_00263_78c048ca,SC,OK,PASS,222143000,0.000222,13
scalar_ready/scalar_select_00267_7e670919,SC,OK,PASS,518179500,0.000518,16
scalar_ready/scalar_select_00271_ea5e0ce3,SC,OK,PASS,478152500,0.000478,16
scalar_ready/scalar_select_00276_03a71c66,SC,OK,PASS,231134500,0.000231,13
scalar_ready/scalar_select_00289_6e4a1fa6,SC,OK,PASS,226489000,0.000226,13
scalar_ready/scalar_select_00294_d7181dbf,SC,OK,PASS,224432500,0.000224,13
scalar_ready/scalar_transpose_00000_365b910d,SC,OK,PASS,572760500,0.000573,20
scalar_ready/scalar_transpose_00001_2c37983e,SC,OK,PASS,397677500,0.000398,15
scalar_ready/scalar_transpose_00002_0996e1a8,SC,OK,PASS,4075234000,0.004075,80
scalar_ready/scalar_transpose_00003_1fd28465,SC,OK,PASS,262484500,0.000262,14
scalar_ready/scalar_transpose_00004_9d736fea,SC,OK,PASS,239619500,0.000240,14
scalar_ready/scalar_transpose_00005_eaf31fb3,SC,OK,PASS,2173146500,0.002173,35
scalar_ready/scalar_transpose_00006_543cd5a5,SC,OK,PASS,5380174000,0.005380,78
scalar_ready/scalar_transpose_00007_32850a14,SC,OK,PASS,535402000,0.000535,18
scalar_ready/scalar_transpose_00008_f4e4fbac,SC,OK,PASS,338433500,0.000338,16
scalar_ready/scalar_transpose_00009_61a89884,SC,OK,PASS,1014860000,0.001015,25
scalar_ready/scalar_transpose_00010_0a9c8e32,SC,OK,PASS,459304000,0.000459,17
scalar_ready/scalar_transpose_00011_2a210478,SC,OK,PASS,264424000,0.000264,14
scalar_ready/scalar_transpose_00012_443a7746,SC,OK,PASS,258757000,0.000259,13
scalar_ready/scalar_transpose_00013_5a7fcd68,SC,OK,PASS,1325774000,0.001326,29
scalar_ready/scalar_transpose_00014_53069abc,SC,OK,PASS,1703447500,0.001703,30
scalar_ready/scalar_transpose_00015_56b0d794,SC,OK,PASS,844257000,0.000844,22
scalar_ready/scalar_transpose_00016_bd3aeb79,SC,OK,PASS,235836000,0.000236,13
scalar_ready/scalar_transpose_00017_ca632db2,SC,OK,PASS,341196000,0.000341,15
scalar_ready/scalar_transpose_00018_bd207a77,SC,OK,PASS,223821000,0.000224,13
scalar_ready/scalar_transpose_00019_d5d76b8a,SC,OK,PASS,405318500,0.000405,16
scalar_ready/scalar_transpose_00020_7e0b3f9e,SC,OK,PASS,530708500,0.000531,17
scalar_ready/scalar_transpose_00021_83f7ac0c,SC,OK,PASS,311272000,0.000311,15
scalar_ready/scalar_transpose_00022_c2e43638,SC,OK,PASS,244839000,0.000245,14
scalar_ready/scalar_transpose_00023_849c4071,SC,OK,PASS,237837000,0.000238,14
scalar_ready/scalar_transpose_00024_56c53ad7,SC,OK,PASS,260142500,0.000260,14
scalar_ready/scalar_transpose_00025_4a8149d7,SC,OK,PASS,1409241000,0.001409,33
scalar_ready/scalar_transpose_00026_82e96712,SC,OK,PASS,264538000,0.000265,14
scalar_ready/scalar_transpose_00027_74353253,SC,OK,PASS,642079000,0.000642,21
scalar_ready/scalar_transpose_00028_e7cc5ea8,SC,OK,PASS,243515000,0.000244,15
scalar_ready/scalar_transpose_00029_b159e9c0,SC,OK,PASS,493288500,0.000493,16
scalar_ready/scalar_transpose_00030_ed93e386,SC,OK,PASS,352233000,0.000352,16
scalar_ready/scalar_transpose_00031_911ca6bb,SC,OK,PASS,3260014500,0.003260,65
scalar_ready/scalar_transpose_00032_d22a5025,SC,OK,PASS,455930000,0.000456,17
scalar_ready/scalar_transpose_00033_33b20104,SC,OK,PASS,252285500,0.000252,14
scalar_ready/scalar_transpose_00034_5805982a,SC,OK,PASS,309354000,0.000309,15
scalar_ready/scalar_transpose_00035_538e95da,SC,OK,PASS,240894500,0.000241,14
scalar_ready/scalar_transpose_00036_22b555d6,SC,OK,PASS,354364500,0.000354,15
scalar_ready/scalar_transpose_00037_4378843b,SC,OK,PASS,1836663500,0.001837,39
scalar_ready/scalar_transpose_00038_449b6622,SC,OK,PASS,437441500,0.000437,18
scalar_ready/scalar_transpose_00039_b1b73b7f,SC,OK,PASS,256682000,0.000257,13
scalar_ready/scalar_transpose_00040_3121b1d9,SC,OK,PASS,237252000,0.000237,14
scalar_ready/scalar_transpose_00041_00f4e460,SC,OK,PASS,260201000,0.000260,13
scalar_ready/scalar_transpose_00042_b0de1373,SC,OK,PASS,231587500,0.000232,13
scalar_ready/scalar_transpose_00043_4fff278a,SC,OK,PASS,720298500,0.000720,22
scalar_ready/scalar_transpose_00044_b4b71821,SC,OK,PASS,226074000,0.000226,13
scalar_ready/scalar_transpose_00045_5989391b,SC,OK,PASS,10301371500,0.010301,178
scalar_ready/scalar_transpose_00046_ce7ae3de,SC,OK,PASS,612732000,0.000613,21
scalar_ready/scalar_transpose_00047_7747e173,SC,OK,PASS,220395500,0.000220,13
scalar_ready/scalar_transpose_00048_9e503043,SC,OK,PASS,255820000,0.000256,14
scalar_ready/scalar_transpose_00049_351d1016,SC,OK,PASS,246059500,0.000246,13
scalar_ready/scalar_transpose_00050_8333d7a0,SC,OK,PASS,230993500,0.000231,13
scalar_ready/scalar_transpose_00051_3c055524,SC,OK,PASS,236471500,0.000236,13
scalar_ready/scalar_transpose_00052_547c00e9,SC,OK,PASS,307735000,0.000308,15
scalar_ready/scalar_transpose_00053_8d6591c8,SC,OK,PASS,231260500,0.000231,13
scalar_ready/scalar_transpose_00054_5832f9d3,SC,OK,PASS,16062200500,0.016062,258
scalar_ready/scalar_transpose_00055_77a4bc9b,SC,OK,PASS,221723500,0.000222,13
scalar_ready/scalar_transpose_00056_197c93e5,SC,OK,PASS,357544000,0.000358,15
scalar_ready/scalar_transpose_00057_a5c0036a,SC,OK,PASS,669577000,0.000670,20
scalar_ready/scalar_transpose_00058_1aac5a0e,SC,OK,PASS,230007500,0.000230,13
scalar_ready/scalar_transpose_00059_becbc6fb,SC,OK,PASS,221527000,0.000222,13
scalar_ready/scalar_transpose_00060_fa88d9ed,SC,OK,PASS,242247500,0.000242,14
scalar_ready/scalar_transpose_00061_cae53bfe,SC,OK,PASS,564003000,0.000564,17
scalar_ready/scalar_transpose_00062_6240ae34,SC,OK,PASS,1994861000,0.001995,48
scalar_ready/scalar_transpose_00063_c0d9ea35,SC,OK,PASS,5387353000,0.005387,104
scalar_ready/scalar_transpose_00064_5cbffcca,SC,OK,PASS,250125000,0.000250,14
scalar_ready/scalar_transpose_00065_d33c4d4c,SC,OK,PASS,1254484500,0.001254,25
scalar_ready/scalar_transpose_00066_31afde3b,SC,OK,PASS,230396000,0.000230,14
scalar_ready/scalar_transpose_00067_afd30eaa,SC,OK,PASS,5298825500,0.005299,100
scalar_ready/scalar_transpose_00068_0aacc40a,SC,OK,PASS,4913858500,0.004914,84
scalar_ready/scalar_transpose_00069_649082ff,SC,OK,PASS,1841082500,0.001841,39
scalar_ready/scalar_transpose_00070_e0efe32a,SC,OK,PASS,1510900500,0.001511,34
scalar_ready/scalar_transpose_00071_a499ec11,SC,OK,PASS,237640500,0.000238,13
scalar_ready/scalar_transpose_00072_4461d45d,SC,OK,PASS,534563500,0.000535,19
scalar_ready/scalar_transpose_00073_e2cede62,SC,OK,PASS,226461000,0.000226,13
scalar_ready/scalar_transpose_00074_a58fe9f7,SC,OK,PASS,341312000,0.000341,15
scalar_ready/scalar_transpose_00075_074c71ef,SC,OK,PASS,376180500,0.000376,15
scalar_ready/scalar_transpose_00076_1d927912,SC,OK,PASS,262812500,0.000263,14
scalar_ready/scalar_transpose_00077_3aa3851b,SC,OK,PASS,652491000,0.000652,22
scalar_ready/scalar_transpose_00078_817db47d,SC,OK,PASS,1790494000,0.001790,38
scalar_ready/scalar_transpose_00079_c651a771,SC,OK,PASS,19002221500,0.019002,229
scalar_ready/scalar_transpose_00080_5162bc08,SC,OK,PASS,384296500,0.000384,17
scalar_ready/scalar_transpose_00081_9636a001,SC,OK,PASS,250249500,0.000250,14
scalar_ready/scalar_transpose_00082_7c9bb618,SC,OK,PASS,10996554500,0.010997,188
scalar_ready/scalar_transpose_00083_eb4eb4c2,SC,OK,PASS,252470500,0.000252,15
scalar_ready/scalar_transpose_00084_2020d754,SC,OK,PASS,284761500,0.000285,14
scalar_ready/scalar_transpose_00085_200391bc,SC,OK,PASS,220281500,0.000220,13
scalar_ready/scalar_transpose_00086_36e41a6b,SC,OK,PASS,1269998000,0.001270,33
scalar_ready/scalar_transpose_00087_4720833f,SC,OK,PASS,220541000,0.000221,14
scalar_ready/scalar_transpose_00088_942dce45,SC,OK,PASS,297571000,0.000298,14
scalar_ready/scalar_transpose_00089_a2238edb,SC,OK,PASS,223173000,0.000223,14
scalar_ready/scalar_transpose_00090_f0598f17,SC,OK,PASS,253743500,0.000254,13
scalar_ready/scalar_transpose_00091_e50c1f29,SC,OK,PASS,397558500,0.000398,16
scalar_ready/scalar_transpose_00092_b0ac6f57,SC,OK,PASS,716043000,0.000716,23
scalar_ready/scalar_transpose_00093_e6ad6388,SC,OK,PASS,223527000,0.000224,13
scalar_ready/scalar_transpose_00094_13813bd9,SC,OK,PASS,7836411500,0.007836,107
scalar_ready/scalar_transpose_00095_c4a65700,SC,OK,PASS,230878500,0.000231,14
scalar_ready/scalar_transpose_00096_f5582e4a,SC,OK,PASS,317828500,0.000318,15
scalar_ready/scalar_transpose_00097_7fc1bc1b,SC,OK,PASS,354393500,0.000354,16
scalar_ready/scalar_transpose_00098_272b572f,SC,OK,PASS,259313000,0.000259,14
scalar_ready/scalar_transpose_00099_b2ba87bb,SC,OK,PASS,565612000,0.000566,19
scalar_ready/scalar_transpose_00100_84f09552,SC,OK,PASS,267091000,0.000267,14
scalar_ready/scalar_transpose_00101_8b6dc98c,SC,OK,PASS,413646000,0.000414,17
scalar_ready/scalar_transpose_00102_c624d06d,SC,OK,PASS,369854000,0.000370,16
scalar_ready/scalar_transpose_00103_fa243203,SC,OK,PASS,526732000,0.000527,18
scalar_ready/scalar_transpose_00104_a306c402,SC,OK,PASS,1684137500,0.001684,29
scalar_ready/scalar_transpose_00105_7ca1263d,SC,OK,PASS,301856500,0.000302,14
scalar_ready/scalar_transpose_00106_44410f97,SC,OK,PASS,3587597000,0.003588,63
scalar_ready/scalar_transpose_00107_2f3caad2,SC,OK,PASS,250378500,0.000250,14
scalar_ready/scalar_transpose_00108_86f15c95,SC,OK,PASS,247704500,0.000248,13
scalar_ready/scalar_transpose_00109_c7ba7569,SC,OK,PASS,289835500,0.000290,14
scalar_ready/scalar_transpose_00110_43ac76af,SC,OK,PASS,221973500,0.000222,13
scalar_ready/scalar_transpose_00111_f5396bd9,SC,OK,PASS,1577902500,0.001578,38
scalar_ready/scalar_transpose_00112_53c2ae09,SC,OK,PASS,246709000,0.000247,14
scalar_ready/scalar_transpose_00113_d8b6aa23,SC,OK,PASS,12400099500,0.012400,233
scalar_ready/scalar_transpose_00114_c662b7e2,SC,OK,PASS,681773000,0.000682,21
scalar_ready/scalar_transpose_00115_7164975f,SC,OK,PASS,428001500,0.000428,16
scalar_ready/scalar_transpose_00116_7a0a899c,SC,OK,PASS,2233221500,0.002233,52
scalar_ready/scalar_transpose_00117_6f2f9459,SC,OK,PASS,230047500,0.000230,13
scalar_ready/scalar_transpose_00118_cd2d2394,SC,OK,PASS,412693500,0.000413,16
scalar_ready/scalar_transpose_00119_a8edd63f,SC,OK,PASS,619319500,0.000619,20
scalar_ready/scalar_transpose_00120_2040e296,SC,OK,PASS,623856000,0.000624,21
scalar_ready/scalar_transpose_00121_c46d2594,SC,OK,PASS,229701500,0.000230,13
scalar_ready/scalar_transpose_00122_7e439456,SC,OK,PASS,453631500,0.000454,18
scalar_ready/scalar_transpose_00123_6cd7776b,SC,OK,PASS,340438500,0.000340,16
scalar_ready/scalar_transpose_00124_10e46b5d,SC,OK,PASS,523132500,0.000523,20
scalar_ready/scalar_transpose_00125_b3aab8d7,SC,OK,PASS,651191000,0.000651,19
scalar_ready/scalar_transpose_00126_c688a8a4,SC,OK,PASS,888503000,0.000889,24
scalar_ready/scalar_transpose_00127_2bc165f9,SC,OK,PASS,341786500,0.000342,16
scalar_ready/scalar_transpose_00128_68636662,SC,OK,PASS,4696680000,0.004697,91
scalar_ready/scalar_transpose_00129_d55d3ea1,SC,OK,PASS,448684000,0.000449,16
scalar_ready/scalar_transpose_00130_2b0214a6,SC,OK,PASS,227994500,0.000228,13
scalar_ready/scalar_transpose_00131_b39b6712,SC,OK,PASS,745621000,0.000746,21
scalar_ready/scalar_transpose_00132_c041691d,SC,OK,PASS,325899500,0.000326,16
scalar_ready/scalar_transpose_00133_79d8de1f,SC,OK,PASS,693746000,0.000694,20
scalar_ready/scalar_transpose_00134_d015c5eb,SC,OK,PASS,276647000,0.000277,14
scalar_ready/scalar_transpose_00135_bc72ee1c,SC,OK,PASS,430504000,0.000431,17
scalar_ready/scalar_transpose_00136_93629d6d,SC,OK,PASS,257715500,0.000258,14
scalar_ready/scalar_transpose_00137_0d47e0c5,SC,OK,PASS,4187440000,0.004187,86
scalar_ready/scalar_transpose_00138_4e6fe463,SC,OK,PASS,232489000,0.000232,14
scalar_ready/scalar_transpose_00139_5b2c5002,SC,OK,PASS,232797000,0.000233,14
scalar_ready/scalar_transpose_00140_e306cd20,SC,OK,PASS,341747000,0.000342,14
scalar_ready/scalar_transpose_00141_371773f3,SC,OK,PASS,733904000,0.000734,23
scalar_ready/scalar_transpose_00142_45ca4932,SC,OK,PASS,657265000,0.000657,23
scalar_ready/scalar_transpose_00143_e1c49074,SC,OK,PASS,303472000,0.000303,14
scalar_ready/scalar_transpose_00144_ac421d39,SC,OK,PASS,1066366000,0.001066,28
scalar_ready/scalar_transpose_00145_ca6cfdb1,SC,OK,PASS,237381500,0.000237,13
scalar_ready/scalar_transpose_00146_745c4487,SC,OK,PASS,572917500,0.000573,19
scalar_ready/scalar_transpose_00147_af1e72b7,SC,OK,PASS,224021000,0.000224,13
scalar_ready/scalar_transpose_00148_e52731db,SC,OK,PASS,253580500,0.000254,14
scalar_ready/scalar_transpose_00149_aa0be577,SC,OK,PASS,236843000,0.000237,13
scalar_ready/scalar_vecmat_00003_8bcab7d2,SC,OK,PASS,700400000,0.000700,21
scalar_ready/scalar_vecmat_00004_f675f793,SC,OK,PASS,20414615500,0.020415,209
scalar_ready/scalar_vecmat_00005_46bc0f10,SC,OK,PASS,1457319500,0.001457,35
scalar_ready/scalar_vecmat_00006_f947c8b6,SC,OK,PASS,9941716000,0.009942,169
scalar_ready/scalar_vecmat_00008_3f4f7d92,SC,OK,PASS,59297142500,0.059297,959
scalar_ready/scalar_vecmat_00010_7d39bb65,SC,OK,PASS,489223500,0.000489,17
scalar_ready/scalar_vecmat_00011_e6fa14fe,SC,OK,PASS,1641757500,0.001642,39
scalar_ready/scalar_vecmat_00014_aa8714c5,SC,OK,PASS,2009500500,0.002010,30
scalar_ready/scalar_vecmat_00015_c3a4aa9e,SC,OK,PASS,405210500,0.000405,15
scalar_ready/scalar_vecmat_00016_35b6ae7e,SC,OK,PASS,3059430000,0.003059,60
scalar_ready/scalar_vecmat_00017_de149cac,SC,OK,PASS,8758127000,0.008758,156
scalar_ready/scalar_vecmat_00018_030d35e0,SC,OK,PASS,1657717500,0.001658,28
scalar_ready/scalar_vecmat_00022_c89a6146,SC,OK,PASS,7066046500,0.007066,141
scalar_ready/scalar_vecmat_00023_62a8baa3,SC,OK,PASS,408051500,0.000408,15
scalar_ready/scalar_vecmat_00027_2b3befaf,SC,OK,PASS,252432500,0.000252,14
scalar_ready/scalar_vecmat_00031_7a702f87,SC,OK,PASS,287149500,0.000287,14
scalar_ready/scalar_vecmat_00032_556e28c3,SC,OK,PASS,1232225500,0.001232,31
scalar_ready/scalar_vecmat_00036_0088e8ea,SC,OK,PASS,1139238500,0.001139,29
scalar_ready/scalar_vecmat_00040_83dd70ed,SC,OK,PASS,76033394000,0.076033,737
scalar_ready/scalar_vecmat_00043_de208ca7,SC,OK,PASS,305279000,0.000305,15
scalar_ready/scalar_vecmat_00044_85445a70,SC,OK,PASS,8914025500,0.008914,176
scalar_ready/scalar_vecmat_00048_9d40fd2e,SC,OK,PASS,243803500,0.000244,14
scalar_ready/scalar_vecmat_00049_11629af2,SC,OK,PASS,604260500,0.000604,18
scalar_ready/scalar_vecmat_00050_5bbf36e8,SC,OK,PASS,318063000,0.000318,14
scalar_ready/scalar_vecmat_00055_5200e15f,SC,OK,PASS,13877223000,0.013877,259
scalar_ready/scalar_vecmat_00064_0c0c217a,SC,OK,PASS,308322000,0.000308,15
scalar_ready/scalar_vecmat_00074_7b358f83,SC,OK,PASS,249782500,0.000250,13
scalar_ready/scalar_vecmat_00082_6dc4baab,SC,OK,PASS,935582000,0.000936,26
scalar_ready/scalar_vecmat_00085_2ee2ff94,SC,OK,PASS,2546287500,0.002546,52
scalar_ready/scalar_vecmat_00086_67d13e5f,SC,OK,PASS,247785000,0.000248,14
scalar_ready/scalar_vecmat_00089_605f656d,SC,OK,PASS,330219000,0.000330,14
scalar_ready/scalar_vecmat_00090_4450d624,SC,OK,PASS,7865229000,0.007865,98
scalar_ready/scalar_vecmat_00093_0ec0b0f1,SC,OK,PASS,518446500,0.000518,16
scalar_ready/scalar_vecmat_00095_7bd6ee96,SC,OK,PASS,378946000,0.000379,15
scalar_ready/scalar_vecmat_00098_a95c5184,SC,OK,PASS,13143579500,0.013144,165
scalar_ready/scalar_vecmat_00099_9975141e,SC,OK,PASS,229384000,0.000229,13
scalar_ready/scalar_vecmat_00100_f38ac259,SC,OK,PASS,25565973000,0.025566,424
scalar_ready/scalar_vecmat_00109_9d8d3567,SC,OK,PASS,259977500,0.000260,14
scalar_ready/scalar_vecmat_00113_e059e061,SC,OK,PASS,23899219500,0.023899,237
scalar_ready/scalar_vecmat_00114_e756c756,SC,OK,PASS,16503737500,0.016504,287
scalar_ready/scalar_vecmat_00120_c63579b1,SC,OK,PASS,623046500,0.000623,20
scalar_ready/scalar_vecmat_00121_f099da00,SC,OK,PASS,1004553500,0.001005,27
scalar_ready/scalar_vecmat_00125_774067a6,SC,OK,PASS,1044200500,0.001044,21
scalar_ready/scalar_vecmat_00129_11910148,SC,OK,PASS,13466093000,0.013466,251
scalar_ready/scalar_vecmat_00130_3f638de4,SC,OK,PASS,569900500,0.000570,19
scalar_ready/scalar_vecmat_00131_bf70d001,SC,OK,PASS,506234500,0.000506,16
scalar_ready/scalar_vecmat_00134_eed63d7a,SC,OK,PASS,475942500,0.000476,17
scalar_ready/scalar_vecmat_00138_71bae459,SC,OK,PASS,858389500,0.000858,24
scalar_ready/scalar_vecmat_00145_996821fe,SC,OK,PASS,1611613500,0.001612,28
scalar_ready/scalar_vecmat_00148_b3c5d635,SC,OK,PASS,257791500,0.000258,14
scalar_ready/scalar_vecmat_00150_d9c411e0,SC,OK,PASS,362583000,0.000363,14
scalar_ready/scalar_vecmat_00151_33da9e10,SC,OK,PASS,346359500,0.000346,15
scalar_ready/scalar_vecmat_00153_e175ec33,SC,OK,PASS,228476000,0.000228,14
scalar_ready/scalar_vecmat_00154_4de9e2ea,SC,OK,PASS,252217000,0.000252,13
scalar_ready/scalar_vecmat_00159_3205f9a1,SC,OK,PASS,233902500,0.000234,13
scalar_ready/scalar_vecmat_00160_b5c7df99,SC,OK,PASS,1339315500,0.001339,33
scalar_ready/scalar_vecmat_00167_90d941bc,SC,OK,PASS,271513000,0.000272,14
scalar_ready/scalar_vecmat_00168_83e2b791,SC,OK,PASS,333176000,0.000333,16
scalar_ready/scalar_vecmat_00170_78ec4c28,SC,OK,PASS,301442000,0.000301,15
scalar_ready/scalar_vecmat_00181_8337a9c0,SC,OK,PASS,2391620000,0.002392,55
scalar_ready/scalar_vecmat_00182_04ac9ddc,SC,OK,PASS,6870588500,0.006871,135
scalar_ready/scalar_vecmat_00187_987d284a,SC,OK,PASS,250533000,0.000251,13
scalar_ready/scalar_vecmat_00191_a1d5c580,SC,OK,PASS,388783000,0.000389,16
scalar_ready/scalar_vecmat_00194_d7fce50f,SC,OK,PASS,736273500,0.000736,18
ve_ready/AI-Nordics_bert-large-swedish-cased_start18_end22_4__forward__op0__ve,VE,OK,PASS,58235339500,0.058235,676
ve_ready/AI-Nordics_bert-large-swedish-cased_start18_end22_4__forward__op1__ve,VE,OK,PASS,13124212000,0.013124,178
ve_ready/AI-Nordics_bert-large-swedish-cased_start18_end22_4__forward__op2__ve,VE,OK,PASS,27093628000,0.027094,346
ve_ready/AI-Nordics_bert-large-swedish-cased_start18_end22_4__forward__op4__ve,VE,OK,TIMEOUT,-,-,1800
ve_ready/AI-Nordics_bert-large-swedish-cased_start18_end22_4__forward__op5__ve,VE,OK,PASS,15475400000,0.015475,199
ve_ready/AI-Nordics_bert-large-swedish-cased_start18_end22_4__forward__op6__ve,VE,OK,PASS,13991258000,0.013991,189
ve_ready/AI-Nordics_bert-large-swedish-cased_start18_end22_4__forward__op7__ve,VE,OK,PASS,15874417000,0.015874,279
ve_ready/AI-Nordics_bert-large-swedish-cased_start1_end5_0__forward__op0__ve,VE,OK,PASS,245786500,0.000246,13
ve_ready/AI-Nordics_bert-large-swedish-cased_start1_end5_0__forward__op1__ve,VE,OK,PASS,236637000,0.000237,13
ve_ready/AI-Nordics_bert-large-swedish-cased_start1_end5_0__forward__op2__ve,VE,FAIL,-,-,-,-
ve_ready/AI-Nordics_bert-large-swedish-cased_start1_end5_0__forward__op3__ve,VE,FAIL,-,-,-,-
ve_ready/AI-Nordics_bert-large-swedish-cased_start300_end302_11__forward__op0__ve,VE,OK,PASS,17655229500,0.017655,248
ve_ready/AI-Nordics_bert-large-swedish-cased_start300_end302_11__forward__op10__ve,VE,FAIL,-,-,-,-
ve_ready/AI-Nordics_bert-large-swedish-cased_start300_end302_11__forward__op11__ve,VE,OK,PASS,7737613000,0.007738,131
ve_ready/AI-Nordics_bert-large-swedish-cased_start300_end302_11__forward__op12__ve,VE,OK,PASS,18104761000,0.018105,247
ve_ready/AI-Nordics_bert-large-swedish-cased_start300_end302_11__forward__op13__ve,VE,OK,PASS,15301014000,0.015301,199
ve_ready/AI-Nordics_bert-large-swedish-cased_start300_end302_11__forward__op3__ve,VE,FAIL,-,-,-,-
ve_ready/AI-Nordics_bert-large-swedish-cased_start300_end302_11__forward__op5__ve,VE,OK,PASS,17656874500,0.017657,245
ve_ready/AI-Nordics_bert-large-swedish-cased_start300_end302_11__forward__op6__ve,VE,OK,PASS,16076131500,0.016076,215
ve_ready/AI-Nordics_bert-large-swedish-cased_start300_end302_11__forward__op9__ve,VE,FAIL,-,-,-,-
ve_ready/AI-Nordics_bert-large-swedish-cased_start706_end709_13__forward__op15__ve,VE,OK,PASS,248103500,0.000248,13
ve_ready/AK_ak_nlp_start12_end19_2__forward__op0__ve,VE,OK,PASS,1503505000,0.001504,32
ve_ready/AK_ak_nlp_start12_end19_2__forward__op10__ve,VE,FAIL,-,-,-,-
ve_ready/AK_ak_nlp_start12_end19_2__forward__op13__ve,VE,OK,PASS,876371500,0.000876,23
ve_ready/AK_ak_nlp_start12_end19_2__forward__op14__ve,VE,OK,PASS,1545665000,0.001546,32
ve_ready/AK_ak_nlp_start12_end19_2__forward__op15__ve,VE,OK,PASS,1245008000,0.001245,30
ve_ready/AK_ak_nlp_start12_end19_2__forward__op16__ve,VE,OK,PASS,1260130500,0.001260,29
ve_ready/AK_ak_nlp_start12_end19_2__forward__op17__ve,VE,OK,PASS,306163500,0.000306,15
ve_ready/AK_ak_nlp_start12_end19_2__forward__op1__ve,VE,FAIL,-,-,-,-
ve_ready/AK_ak_nlp_start12_end19_2__forward__op7__ve,VE,OK,PASS,1505612000,0.001506,33
ve_ready/AK_ak_nlp_start12_end19_2__forward__op8__ve,VE,OK,PASS,1386739500,0.001387,33
ve_ready/albert_albert-xlarge-v1_start518_end521_7__forward__op0__ve,VE,OK,PASS,3676338000,0.003676,66
ve_ready/albert_albert-xlarge-v1_start518_end521_7__forward__op11__ve,VE,OK,PASS,1886380000,0.001886,41
ve_ready/albert_albert-xlarge-v1_start518_end521_7__forward__op12__ve,VE,OK,PASS,3757702000,0.003758,67
ve_ready/albert_albert-xlarge-v1_start518_end521_7__forward__op13__ve,VE,OK,PASS,2933555500,0.002934,54
ve_ready/albert_albert-xlarge-v1_start518_end521_7__forward__op14__ve,VE,OK,PASS,2905061000,0.002905,53
ve_ready/albert_albert-xlarge-v1_start518_end521_7__forward__op15__ve,VE,OK,PASS,262976500,0.000263,14
ve_ready/albert_albert-xlarge-v1_start518_end521_7__forward__op3__ve,VE,FAIL,-,-,-,-
ve_ready/albert_albert-xlarge-v1_start518_end521_7__forward__op5__ve,VE,OK,PASS,3676202000,0.003676,65
ve_ready/albert_albert-xlarge-v1_start518_end521_7__forward__op6__ve,VE,OK,PASS,3377547500,0.003378,60
ve_ready/Aleksandar_electra-srb-ner-setimes_start18_end22_4__forward__op0__ve,VE,OK,PASS,19638279000,0.019638,318
ve_ready/Aleksandar_electra-srb-ner-setimes_start18_end22_4__forward__op1__ve,VE,OK,PASS,1130241500,0.001130,28
ve_ready/Aleksandar_electra-srb-ner-setimes_start18_end22_4__forward__op2__ve,VE,OK,PASS,15172085000,0.015172,200
ve_ready/Aleksandar_electra-srb-ner-setimes_start18_end22_4__forward__op4__ve,VE,OK,TIMEOUT,-,-,1800
ve_ready/Aleksandar_electra-srb-ner-setimes_start18_end22_4__forward__op6__ve,VE,OK,PASS,1156555000,0.001157,28
ve_ready/Aleksandar_electra-srb-ner-setimes_start18_end22_4__forward__op7__ve,VE,OK,PASS,1368987000,0.001369,39
ve_ready/ALINEAR_albert-japanese_start266_end269_9__forward__op15__ve,VE,OK,PASS,241274500,0.000241,14
ve_ready/ALINEAR_albert-japanese_start5_end10_0__forward__op0__ve,VE,OK,PASS,441655500,0.000442,17
ve_ready/ALINEAR_albert-japanese_start5_end10_0__forward__op11__ve,VE,OK,PASS,340724000,0.000341,15
ve_ready/ALINEAR_albert-japanese_start5_end10_0__forward__op12__ve,VE,OK,PASS,447361000,0.000447,17
ve_ready/ALINEAR_albert-japanese_start5_end10_0__forward__op13__ve,VE,OK,PASS,408661500,0.000409,16
ve_ready/ALINEAR_albert-japanese_start5_end10_0__forward__op14__ve,VE,OK,PASS,409743500,0.000410,16
ve_ready/ALINEAR_albert-japanese_start5_end10_0__forward__op3__ve,VE,FAIL,-,-,-,-
ve_ready/ALINEAR_albert-japanese_start5_end10_0__forward__op5__ve,VE,OK,PASS,442150000,0.000442,17
ve_ready/ALINEAR_albert-japanese_start5_end10_0__forward__op6__ve,VE,OK,PASS,424740000,0.000425,16
ve_ready/bge-small-en_start7_end12_1__forward__op0__ve,VE,OK,PASS,871618000,0.000872,23
ve_ready/bge-small-en_start7_end12_1__forward__op11__ve,VE,OK,PASS,555428000,0.000555,18
ve_ready/bge-small-en_start7_end12_1__forward__op12__ve,VE,OK,PASS,888818500,0.000889,23
ve_ready/bge-small-en_start7_end12_1__forward__op13__ve,VE,OK,PASS,766410000,0.000766,22
ve_ready/bge-small-en_start7_end12_1__forward__op14__ve,VE,OK,PASS,760211500,0.000760,21
ve_ready/bge-small-en_start7_end12_1__forward__op3__ve,VE,FAIL,-,-,-,-
ve_ready/bge-small-en_start7_end12_1__forward__op5__ve,VE,OK,PASS,865804000,0.000866,23
ve_ready/bge-small-en_start7_end12_1__forward__op6__ve,VE,OK,PASS,808937000,0.000809,22
ve_ready/bge-small-zh_start7_end12_1__forward__op0__ve,VE,OK,PASS,1071507000,0.001072,26
ve_ready/bge-small-zh_start7_end12_1__forward__op11__ve,VE,OK,PASS,661730000,0.000662,21
ve_ready/bge-small-zh_start7_end12_1__forward__op12__ve,VE,OK,PASS,1078687000,0.001079,26
ve_ready/bge-small-zh_start7_end12_1__forward__op13__ve,VE,OK,PASS,903792000,0.000904,24
ve_ready/bge-small-zh_start7_end12_1__forward__op14__ve,VE,OK,PASS,913108000,0.000913,24
ve_ready/bge-small-zh_start7_end12_1__forward__op3__ve,VE,FAIL,-,-,-,-
ve_ready/bge-small-zh_start7_end12_1__forward__op5__ve,VE,OK,PASS,1070355500,0.001070,25
ve_ready/bge-small-zh_start7_end12_1__forward__op6__ve,VE,OK,PASS,1004308000,0.001004,24
ve_ready/ckiplab_albert-tiny-chinese-ner_start98_end101_7__forward__op0__ve,VE,OK,PASS,730917500,0.000731,21
ve_ready/ckiplab_albert-tiny-chinese-ner_start98_end101_7__forward__op11__ve,VE,OK,PASS,488387000,0.000488,17
ve_ready/ckiplab_albert-tiny-chinese-ner_start98_end101_7__forward__op12__ve,VE,OK,PASS,753777500,0.000754,21
ve_ready/ckiplab_albert-tiny-chinese-ner_start98_end101_7__forward__op13__ve,VE,OK,PASS,649283000,0.000649,20
ve_ready/ckiplab_albert-tiny-chinese-ner_start98_end101_7__forward__op14__ve,VE,OK,PASS,652546500,0.000653,19
ve_ready/ckiplab_albert-tiny-chinese-ner_start98_end101_7__forward__op15__ve,VE,OK,PASS,234908500,0.000235,13
ve_ready/ckiplab_albert-tiny-chinese-ner_start98_end101_7__forward__op3__ve,VE,FAIL,-,-,-,-
ve_ready/ckiplab_albert-tiny-chinese-ner_start98_end101_7__forward__op5__ve,VE,OK,PASS,730921000,0.000731,21
ve_ready/ckiplab_albert-tiny-chinese-ner_start98_end101_7__forward__op6__ve,VE,OK,PASS,699026500,0.000699,20
ve_ready/face-parsing_start0_end5_0__forward__op0__ve,VE,OK,PASS,19004529000,0.019005,265
ve_ready/face-parsing_start0_end5_0__forward__op10__ve,VE,FAIL,-,-,-,-
ve_ready/face-parsing_start0_end5_0__forward__op11__ve,VE,FAIL,-,-,-,-
ve_ready/face-parsing_start0_end5_0__forward__op12__ve,VE,FAIL,-,-,-,-
ve_ready/face-parsing_start0_end5_0__forward__op13__ve,VE,OK,PASS,19308437500,0.019308,272
ve_ready/face-parsing_start0_end5_0__forward__op14__ve,VE,OK,PANIC,-,-,283
ve_ready/face-parsing_start0_end5_0__forward__op15__ve,VE,OK,PASS,29875948500,0.029876,382
ve_ready/face-parsing_start0_end5_0__forward__op16__ve,VE,OK,PASS,27149963500,0.027150,420
ve_ready/face-parsing_start0_end5_0__forward__op20__ve,VE,OK,PANIC,-,-,282
ve_ready/face-parsing_start0_end5_0__forward__op21__ve,VE,OK,PANIC,-,-,259
ve_ready/face-parsing_start0_end5_0__forward__op2__ve,VE,OK,PASS,60959321000,0.060959,779
ve_ready/face-parsing_start128_end133_20__forward__op0__ve,VE,OK,PASS,7724672000,0.007725,134
ve_ready/face-parsing_start128_end133_20__forward__op10__ve,VE,FAIL,-,-,-,-
ve_ready/face-parsing_start128_end133_20__forward__op11__ve,VE,FAIL,-,-,-,-
ve_ready/face-parsing_start128_end133_20__forward__op12__ve,VE,FAIL,-,-,-,-
ve_ready/face-parsing_start128_end133_20__forward__op13__ve,VE,OK,PASS,7880084500,0.007880,132
ve_ready/face-parsing_start128_end133_20__forward__op14__ve,VE,OK,PASS,18510444000,0.018510,243
ve_ready/face-parsing_start128_end133_20__forward__op15__ve,VE,OK,PASS,15204487000,0.015204,197
ve_ready/face-parsing_start128_end133_20__forward__op16__ve,VE,OK,PASS,13723988000,0.013724,196
ve_ready/face-parsing_start128_end133_20__forward__op20__ve,VE,OK,PASS,18263056500,0.018263,249
ve_ready/face-parsing_start128_end133_20__forward__op21__ve,VE,OK,PASS,16165292000,0.016165,211
ve_ready/face-parsing_start128_end133_20__forward__op2__ve,VE,OK,PASS,18724111000,0.018724,308
ve_ready/face-parsing_start133_end138_21__forward__op0__ve,VE,OK,PASS,674249500,0.000674,21
ve_ready/face-parsing_start133_end138_21__forward__op1__ve,VE,OK,PASS,13712692500,0.013713,187
ve_ready/face-parsing_start133_end138_21__forward__op2__ve,VE,OK,PASS,535408500,0.000535,18
ve_ready/face-parsing_start133_end138_21__forward__op4__ve,VE,OK,TIMEOUT,-,-,1800
ve_ready/face-parsing_start133_end138_21__forward__op6__ve,VE,OK,PASS,13565347500,0.013565,189
ve_ready/face-parsing_start133_end138_21__forward__op7__ve,VE,OK,PASS,16698353500,0.016698,278
ve_ready/face-parsing_start159_end161_27__forward__op0__ve,VE,OK,PASS,18261338000,0.018261,242
ve_ready/face-parsing_start1984_end1989_60__forward__op0__ve,VE,OK,PASS,1981897000,0.001982,44
ve_ready/face-parsing_start1984_end1989_60__forward__op10__ve,VE,FAIL,-,-,-,-
ve_ready/face-parsing_start1984_end1989_60__forward__op11__ve,VE,FAIL,-,-,-,-
ve_ready/face-parsing_start1984_end1989_60__forward__op12__ve,VE,FAIL,-,-,-,-
ve_ready/face-parsing_start1984_end1989_60__forward__op13__ve,VE,OK,PASS,1887774500,0.001888,41
ve_ready/face-parsing_start1984_end1989_60__forward__op14__ve,VE,OK,PASS,3645211500,0.003645,76
ve_ready/face-parsing_start1984_end1989_60__forward__op15__ve,VE,OK,PASS,2888321000,0.002888,55
ve_ready/face-parsing_start1984_end1989_60__forward__op16__ve,VE,OK,PASS,2859254000,0.002859,54
ve_ready/face-parsing_start1984_end1989_60__forward__op20__ve,VE,OK,PASS,3586414500,0.003586,67
ve_ready/face-parsing_start1984_end1989_60__forward__op21__ve,VE,OK,PASS,3353545500,0.003354,59
ve_ready/face-parsing_start1984_end1989_60__forward__op2__ve,VE,OK,PASS,4046252000,0.004046,77
ve_ready/face-parsing_start1995_end1999_61__forward__op0__ve,VE,OK,PASS,7650842500,0.007651,149
ve_ready/face-parsing_start1995_end1999_61__forward__op1__ve,VE,OK,PASS,2573232500,0.002573,51
ve_ready/face-parsing_start1995_end1999_61__forward__op2__ve,VE,OK,PASS,5660768000,0.005661,94
ve_ready/face-parsing_start1995_end1999_61__forward__op4__ve,VE,OK,TIMEOUT,-,-,1800
ve_ready/face-parsing_start1995_end1999_61__forward__op6__ve,VE,OK,PASS,2825575000,0.002826,53
ve_ready/face-parsing_start1995_end1999_61__forward__op7__ve,VE,OK,PASS,3265313500,0.003265,75
ve_ready/face-parsing_start2009_end2011_64__forward__op0__ve,VE,OK,PASS,3586379000,0.003586,66
ve_ready/face-parsing_start2089_end2096_73__forward__op15__ve,VE,OK,PASS,3144754000,0.003145,76
ve_ready/face-parsing_start31_end33_7__forward__op0__ve,VE,OK,PANIC,-,-,282
ve_ready/face-parsing_start376_end381_40__forward__op0__ve,VE,OK,PASS,4610431000,0.004610,86
ve_ready/face-parsing_start376_end381_40__forward__op10__ve,VE,FAIL,-,-,-,-
ve_ready/face-parsing_start376_end381_40__forward__op11__ve,VE,FAIL,-,-,-,-
ve_ready/face-parsing_start376_end381_40__forward__op12__ve,VE,FAIL,-,-,-,-
ve_ready/face-parsing_start376_end381_40__forward__op13__ve,VE,OK,PASS,4485872000,0.004486,86
ve_ready/face-parsing_start376_end381_40__forward__op14__ve,VE,OK,PASS,10804081000,0.010804,164
ve_ready/face-parsing_start376_end381_40__forward__op15__ve,VE,OK,PASS,8529704500,0.008530,127
ve_ready/face-parsing_start376_end381_40__forward__op16__ve,VE,OK,PASS,8203334000,0.008203,123
ve_ready/face-parsing_start376_end381_40__forward__op20__ve,VE,OK,PASS,10577500000,0.010578,151
ve_ready/face-parsing_start376_end381_40__forward__op21__ve,VE,OK,PASS,9228539500,0.009229,134
ve_ready/face-parsing_start376_end381_40__forward__op2__ve,VE,OK,PASS,12392636500,0.012393,203
ve_ready/face-parsing_start381_end386_41__forward__op0__ve,VE,OK,PASS,3029277000,0.003029,72
ve_ready/face-parsing_start381_end386_41__forward__op1__ve,VE,OK,PASS,7529675000,0.007530,114
ve_ready/face-parsing_start381_end386_41__forward__op2__ve,VE,OK,PASS,2115103500,0.002115,44
ve_ready/face-parsing_start381_end386_41__forward__op4__ve,VE,OK,TIMEOUT,-,-,1801
ve_ready/face-parsing_start381_end386_41__forward__op6__ve,VE,OK,PASS,7723860500,0.007724,121
ve_ready/face-parsing_start381_end386_41__forward__op7__ve,VE,OK,PASS,11363350500,0.011363,182
ve_ready/face-parsing_start407_end409_47__forward__op0__ve,VE,OK,PASS,10589501500,0.010590,150
ve_ready/face-parsing_start46_end50_12__forward__op0__ve,VE,OK,PASS,26728202000,0.026728,374
ve_ready/face-parsing_start46_end50_12__forward__op1__ve,VE,OK,PASS,57167973000,0.057168,689
ve_ready/face-parsing_start5_end10_1__forward__op0__ve,VE,OK,PASS,341818500,0.000342,15
ve_ready/face-parsing_start5_end10_1__forward__op1__ve,VE,OK,PASS,26080944500,0.026081,345
ve_ready/face-parsing_start5_end10_1__forward__op2__ve,VE,OK,PASS,304204500,0.000304,15
ve_ready/face-parsing_start5_end10_1__forward__op4__ve,VE,OK,TIMEOUT,-,-,1800
ve_ready/nvidia_mit-b0_start0_end5_0__forward__op0__ve,VE,OK,PASS,7717217000,0.007717,138
ve_ready/nvidia_mit-b0_start0_end5_0__forward__op10__ve,VE,FAIL,-,-,-,-
ve_ready/nvidia_mit-b0_start0_end5_0__forward__op13__ve,VE,OK,PASS,8547343000,0.008547,136
ve_ready/nvidia_mit-b0_start0_end5_0__forward__op14__ve,VE,OK,PASS,17216068500,0.017216,241
ve_ready/nvidia_mit-b0_start0_end5_0__forward__op15__ve,VE,OK,PASS,14474896500,0.014475,198
ve_ready/nvidia_mit-b0_start0_end5_0__forward__op16__ve,VE,OK,PASS,14462820000,0.014463,196
ve_ready/nvidia_mit-b0_start0_end5_0__forward__op20__ve,VE,OK,PASS,17285137000,0.017285,242
ve_ready/nvidia_mit-b0_start0_end5_0__forward__op21__ve,VE,OK,PASS,16335150500,0.016335,239
ve_ready/nvidia_mit-b0_start0_end5_0__forward__op2__ve,VE,OK,PASS,24703026500,0.024703,362
ve_ready/nvidia_mit-b0_start134_end138_26__forward__op0__ve,VE,OK,PASS,5989361500,0.005989,98
ve_ready/nvidia_mit-b0_start134_end138_26__forward__op1__ve,VE,OK,PASS,7460188000,0.007460,141
ve_ready/nvidia_mit-b0_start176_end181_32__forward__op0__ve,VE,OK,PASS,2362159000,0.002362,51
ve_ready/nvidia_mit-b0_start176_end181_32__forward__op10__ve,VE,FAIL,-,-,-,-
ve_ready/nvidia_mit-b0_start176_end181_32__forward__op13__ve,VE,OK,PASS,2311106500,0.002311,48
ve_ready/nvidia_mit-b0_start176_end181_32__forward__op14__ve,VE,OK,PASS,4913189500,0.004913,81
ve_ready/nvidia_mit-b0_start176_end181_32__forward__op15__ve,VE,OK,PASS,3577479000,0.003577,65
ve_ready/nvidia_mit-b0_start176_end181_32__forward__op16__ve,VE,OK,PASS,3599556500,0.003600,65
ve_ready/nvidia_mit-b0_start176_end181_32__forward__op20__ve,VE,OK,PASS,4814354000,0.004814,79
ve_ready/nvidia_mit-b0_start176_end181_32__forward__op21__ve,VE,OK,PASS,4222601000,0.004223,71
ve_ready/nvidia_mit-b0_start176_end181_32__forward__op2__ve,VE,OK,PASS,5660985000,0.005661,106
ve_ready/nvidia_mit-b0_start181_end186_33__forward__op0__ve,VE,OK,PASS,930780000,0.000931,27
ve_ready/nvidia_mit-b0_start181_end186_33__forward__op1__ve,VE,OK,PASS,3218034000,0.003218,61
ve_ready/nvidia_mit-b0_start181_end186_33__forward__op2__ve,VE,OK,PASS,694582000,0.000695,20
ve_ready/nvidia_mit-b0_start181_end186_33__forward__op4__ve,VE,OK,TIMEOUT,-,-,1800
ve_ready/nvidia_mit-b0_start181_end186_33__forward__op6__ve,VE,OK,PASS,3540691000,0.003541,66
ve_ready/nvidia_mit-b0_start181_end186_33__forward__op7__ve,VE,OK,PASS,5428823000,0.005429,108
ve_ready/nvidia_mit-b0_start207_end209_39__forward__op0__ve,VE,OK,PASS,4820165000,0.004820,79
ve_ready/nvidia_mit-b0_start264_end269_50__forward__op0__ve,VE,OK,PASS,1108430000,0.001108,28
ve_ready/nvidia_mit-b0_start264_end269_50__forward__op10__ve,VE,FAIL,-,-,-,-
ve_ready/nvidia_mit-b0_start264_end269_50__forward__op13__ve,VE,OK,PASS,1056493000,0.001056,28
ve_ready/nvidia_mit-b0_start264_end269_50__forward__op14__ve,VE,OK,PASS,1923437500,0.001923,39
ve_ready/nvidia_mit-b0_start264_end269_50__forward__op15__ve,VE,OK,PASS,1726974000,0.001727,35
ve_ready/nvidia_mit-b0_start264_end269_50__forward__op16__ve,VE,OK,PASS,1721985000,0.001722,35
ve_ready/nvidia_mit-b0_start264_end269_50__forward__op20__ve,VE,OK,PASS,1910054000,0.001910,39
ve_ready/nvidia_mit-b0_start264_end269_50__forward__op21__ve,VE,OK,PASS,1764844000,0.001765,37
ve_ready/nvidia_mit-b0_start264_end269_50__forward__op2__ve,VE,OK,PASS,1812567000,0.001813,46
ve_ready/nvidia_mit-b0_start275_end279_53__forward__op0__ve,VE,OK,PASS,1990313000,0.001990,45
ve_ready/nvidia_mit-b0_start275_end279_53__forward__op2__ve,VE,OK,PASS,1415694000,0.001416,32
ve_ready/nvidia_mit-b0_start275_end279_53__forward__op4__ve,VE,OK,TIMEOUT,-,-,1800
ve_ready/nvidia_mit-b0_start275_end279_53__forward__op6__ve,VE,OK,PASS,1473971500,0.001474,39
ve_ready/nvidia_mit-b0_start275_end279_53__forward__op7__ve,VE,OK,PASS,1693643000,0.001694,45
ve_ready/nvidia_mit-b0_start289_end291_56__forward__op0__ve,VE,OK,PASS,1915170000,0.001915,38
ve_ready/nvidia_mit-b0_start31_end33_7__forward__op0__ve,VE,OK,PASS,17284630500,0.017285,248
ve_ready/nvidia_mit-b0_start46_end50_12__forward__op0__ve,VE,OK,PASS,13631843500,0.013632,194
ve_ready/nvidia_mit-b0_start46_end50_12__forward__op1__ve,VE,OK,PASS,16746558500,0.016747,298
ve_ready/nvidia_mit-b0_start5_end10_1__forward__op0__ve,VE,OK,PASS,249604000,0.000250,13
ve_ready/nvidia_mit-b0_start5_end10_1__forward__op1__ve,VE,OK,PASS,13538848500,0.013539,177
ve_ready/nvidia_mit-b0_start5_end10_1__forward__op2__ve,VE,OK,PASS,243699000,0.000244,14
ve_ready/nvidia_mit-b0_start5_end10_1__forward__op4__ve,VE,OK,TIMEOUT,-,-,1801
ve_ready/nvidia_mit-b0_start88_end93_18__forward__op0__ve,VE,OK,PASS,3593864500,0.003594,71
ve_ready/nvidia_mit-b0_start88_end93_18__forward__op10__ve,VE,FAIL,-,-,-,-
ve_ready/nvidia_mit-b0_start88_end93_18__forward__op13__ve,VE,OK,PASS,3617401000,0.003617,73
ve_ready/nvidia_mit-b0_start88_end93_18__forward__op14__ve,VE,OK,PASS,8145385500,0.008145,125
ve_ready/nvidia_mit-b0_start88_end93_18__forward__op15__ve,VE,OK,PASS,6306992500,0.006307,100
ve_ready/nvidia_mit-b0_start88_end93_18__forward__op16__ve,VE,OK,PASS,5846776000,0.005847,96
ve_ready/nvidia_mit-b0_start88_end93_18__forward__op20__ve,VE,OK,PASS,7921234000,0.007921,124
ve_ready/nvidia_mit-b0_start88_end93_18__forward__op21__ve,VE,OK,PASS,7414554000,0.007415,109
ve_ready/nvidia_mit-b0_start88_end93_18__forward__op2__ve,VE,OK,PASS,8177260500,0.008177,157
ve_ready/nvidia_mit-b0_start93_end98_19__forward__op1__ve,VE,OK,PASS,5793765000,0.005794,92
ve_ready/nvidia_mit-b0_start93_end98_19__forward__op4__ve,VE,OK,TIMEOUT,-,-,1800
ve_ready/ve_broadcast_00003_ef8d6c76,VE,OK,PANIC,-,-,320
ve_ready/ve_broadcast_00007_4b07da8e,VE,OK,PASS,252891500,0.000253,14
ve_ready/ve_broadcast_00009_68d7b8f2,VE,OK,PASS,273282500,0.000273,14
ve_ready/ve_broadcast_00010_40ed9456,VE,OK,PASS,66437507500,0.066438,816
ve_ready/ve_broadcast_00020_ea921d40,VE,OK,PASS,10071244000,0.010071,143
ve_ready/ve_broadcast_00022_7dbc3582,VE,OK,PASS,293128000,0.000293,14
ve_ready/ve_broadcast_00024_ff2e1dae,VE,OK,PASS,278805500,0.000279,14
ve_ready/ve_broadcast_00025_80960f52,VE,OK,PASS,1582581500,0.001583,36
ve_ready/ve_broadcast_00034_71743405,VE,OK,PASS,223945000,0.000224,14
ve_ready/ve_broadcast_00037_c4b1b4d7,VE,OK,PASS,234049000,0.000234,13
ve_ready/ve_broadcast_00041_bc8aeb46,VE,OK,PASS,459638000,0.000460,17
ve_ready/ve_broadcast_00043_98fda233,VE,OK,PASS,468361000,0.000468,18
ve_ready/ve_broadcast_00044_e05cc554,VE,OK,PASS,226596000,0.000227,13
ve_ready/ve_broadcast_00046_b580173b,VE,OK,PASS,5311683500,0.005312,76
ve_ready/ve_broadcast_00048_600629d3,VE,OK,PASS,219744500,0.000220,13
ve_ready/ve_broadcast_00056_883cb1fc,VE,OK,PASS,456696500,0.000457,18
ve_ready/ve_broadcast_00061_57f4bf27,VE,OK,PASS,221877500,0.000222,13
ve_ready/ve_broadcast_00062_188e2ab1,VE,OK,PASS,3605889500,0.003606,55
ve_ready/ve_broadcast_00065_9c81bb15,VE,OK,PASS,1166492500,0.001166,29
ve_ready/ve_broadcast_00067_edbf0d5e,VE,OK,PASS,358296000,0.000358,15
ve_ready/ve_broadcast_00073_c014f490,VE,OK,PASS,233860500,0.000234,13
ve_ready/ve_broadcast_00074_62da9951,VE,OK,PANIC,-,-,571
ve_ready/ve_broadcast_00076_133dd53a,VE,OK,PASS,269315000,0.000269,14
ve_ready/ve_broadcast_00078_836eabca,VE,OK,PASS,229418000,0.000229,14
ve_ready/ve_broadcast_00079_45fdba00,VE,OK,PASS,1972831500,0.001973,44
ve_ready/ve_broadcast_00080_e178e5d0,VE,OK,PASS,235208500,0.000235,14
ve_ready/ve_broadcast_00081_ea02e865,VE,OK,PASS,3896865500,0.003897,57
ve_ready/ve_broadcast_00082_ef4f09fb,VE,OK,PASS,892350000,0.000892,23
ve_ready/ve_broadcast_00083_373d038f,VE,OK,PASS,225121000,0.000225,13
ve_ready/ve_broadcast_00088_49d70d9b,VE,OK,PASS,232786500,0.000233,14
ve_ready/ve_broadcast_00090_fc61af84,VE,OK,PASS,249144000,0.000249,13
ve_ready/ve_broadcast_00094_f7121855,VE,OK,PASS,227946500,0.000228,13
ve_ready/ve_broadcast_00097_bb242a90,VE,OK,PASS,457315500,0.000457,17
ve_ready/ve_broadcast_00098_61e262c1,VE,OK,PASS,235275000,0.000235,14
ve_ready/ve_broadcast_00099_a866455c,VE,OK,PASS,5186709000,0.005187,100
ve_ready/ve_broadcast_00119_aebb3d55,VE,OK,PASS,226176500,0.000226,13
ve_ready/ve_broadcast_00130_a10c8a15,VE,OK,PASS,235249000,0.000235,13
ve_ready/ve_broadcast_00131_3ae06135,VE,OK,PASS,237242000,0.000237,14
ve_ready/ve_broadcast_00138_94dc2836,VE,OK,PASS,219070000,0.000219,13
ve_ready/ve_broadcast_00140_6c702101,VE,OK,PASS,25814190500,0.025814,375
ve_ready/ve_broadcast_00153_4b3eccbe,VE,OK,PASS,3300323500,0.003300,53
ve_ready/ve_broadcast_00159_f06b8f50,VE,OK,PASS,521370000,0.000521,17
ve_ready/ve_broadcast_00160_71ed5a77,VE,OK,PASS,2454990000,0.002455,50
ve_ready/ve_broadcast_00164_f4c37a63,VE,OK,PASS,6131829000,0.006132,109
ve_ready/ve_broadcast_00177_e4fe4e2f,VE,OK,PASS,220831500,0.000221,13
ve_ready/ve_broadcast_00178_1ddffcbd,VE,OK,PASS,51692154500,0.051692,585
ve_ready/ve_broadcast_00182_3df76693,VE,OK,PASS,537139500,0.000537,18
ve_ready/ve_broadcast_00191_8b0af085,VE,OK,PANIC,-,-,280
ve_ready/ve_broadcast_00194_58d79f9d,VE,OK,TIMEOUT,-,-,1800
ve_ready/ve_broadcast_00203_07bfe8e4,VE,OK,PASS,602423500,0.000602,18
ve_ready/ve_broadcast_00213_69b3efbb,VE,OK,PASS,219867500,0.000220,13
ve_ready/ve_broadcast_00221_31f38b7c,VE,OK,PASS,5589355000,0.005589,101
ve_ready/ve_broadcast_00225_0bb0cbb9,VE,OK,PASS,10609566500,0.010610,157
ve_ready/ve_broadcast_00226_2cb727d5,VE,OK,PASS,261021500,0.000261,14
ve_ready/ve_broadcast_00231_5302da65,VE,OK,PASS,292083000,0.000292,14
ve_ready/ve_broadcast_00233_4fc31885,VE,OK,PASS,495725000,0.000496,17
ve_ready/ve_broadcast_00236_982890b7,VE,OK,PASS,247737500,0.000248,14
ve_ready/ve_broadcast_00239_71473690,VE,OK,PASS,374045500,0.000374,15
ve_ready/ve_broadcast_00242_07c9f17f,VE,OK,PASS,844312500,0.000844,20
ve_ready/ve_broadcast_00250_9cb18037,VE,OK,PASS,245056000,0.000245,14
ve_ready/ve_broadcast_00251_1cf38df9,VE,OK,PASS,228493000,0.000228,13
ve_ready/ve_broadcast_00254_43db00ac,VE,OK,PASS,314584500,0.000315,15
ve_ready/ve_broadcast_00269_777faeab,VE,OK,PASS,218847000,0.000219,13
ve_ready/ve_broadcast_00270_77cfd0e3,VE,OK,PASS,296142000,0.000296,15
ve_ready/ve_broadcast_00276_430ff9c2,VE,OK,PASS,239622000,0.000240,13
ve_ready/ve_broadcast_00284_6c854be5,VE,OK,PASS,671124000,0.000671,20
ve_ready/ve_broadcast_00285_78006030,VE,OK,PASS,439382500,0.000439,17
ve_ready/ve_broadcast_00287_a60771b7,VE,OK,PASS,328012000,0.000328,15
ve_ready/ve_broadcast_00292_38a5a558,VE,OK,PASS,245666500,0.000246,13
ve_ready/ve_copy_00002_0fbe99a5,VE,OK,PASS,223385000,0.000223,13
ve_ready/ve_copy_00004_3b79a458,VE,OK,PASS,223175000,0.000223,13
ve_ready/ve_copy_00013_20c6d91e,VE,OK,PASS,214160000,0.000214,13
ve_ready/ve_copy_00015_e367eb95,VE,OK,PASS,221436500,0.000221,13
ve_ready/ve_copy_00017_dc56764d,VE,OK,PASS,268026000,0.000268,14
ve_ready/ve_copy_00021_d6f4f7a0,VE,OK,PASS,222228500,0.000222,14
ve_ready/ve_copy_00029_8ea07e4d,VE,OK,PASS,219926500,0.000220,13
ve_ready/ve_copy_00030_cfdc07d8,VE,OK,PASS,226039500,0.000226,13
ve_ready/ve_copy_00036_5fa1546d,VE,OK,PASS,589537500,0.000590,19
ve_ready/ve_copy_00042_a358699f,VE,OK,PASS,19368506500,0.019369,262
ve_ready/ve_copy_00047_a57a4050,VE,OK,PASS,305382500,0.000305,14
ve_ready/ve_copy_00054_2a6be88b,VE,OK,PASS,219715000,0.000220,12
ve_ready/ve_copy_00055_34f59666,VE,OK,PASS,224045500,0.000224,13
ve_ready/ve_copy_00060_3f448997,VE,OK,PANIC,-,-,532
ve_ready/ve_copy_00063_191bc724,VE,OK,PASS,219351000,0.000219,13
ve_ready/ve_copy_00066_c14d4b10,VE,OK,PASS,219468500,0.000219,13
ve_ready/ve_copy_00070_a99b2150,VE,OK,PASS,3667617500,0.003668,65
ve_ready/ve_copy_00072_7d543af5,VE,OK,PASS,1046875000,0.001047,29
ve_ready/ve_copy_00089_2b320961,VE,OK,PASS,233192000,0.000233,13
ve_ready/ve_copy_00091_b7a3d8c3,VE,OK,PASS,219660500,0.000220,13
ve_ready/ve_copy_00100_1b7ea099,VE,OK,PASS,219766000,0.000220,13
ve_ready/ve_copy_00105_8112b1a1,VE,OK,PASS,541401500,0.000541,20
ve_ready/ve_copy_00112_50b7e465,VE,OK,PASS,224016000,0.000224,13
ve_ready/ve_copy_00113_b67927cb,VE,OK,PASS,225586500,0.000226,13
ve_ready/ve_copy_00114_4ce3c616,VE,OK,PASS,232092500,0.000232,13
ve_ready/ve_copy_00121_4f98c375,VE,OK,PASS,223147000,0.000223,13
ve_ready/ve_copy_00123_18fcb3b4,VE,OK,PASS,285210500,0.000285,14
ve_ready/ve_copy_00124_c57bdc0a,VE,OK,PASS,2688536000,0.002689,51
ve_ready/ve_copy_00126_5ae9b35e,VE,OK,PASS,219712000,0.000220,13
ve_ready/ve_copy_00137_5814c498,VE,OK,PASS,221450500,0.000221,13
ve_ready/ve_copy_00142_7dc46330,VE,OK,PASS,224137000,0.000224,13
ve_ready/ve_copy_00145_650c87b2,VE,OK,PASS,3640390500,0.003640,79
ve_ready/ve_copy_00147_45026dd5,VE,OK,PASS,220337000,0.000220,13
ve_ready/ve_copy_00150_698e9c8a,VE,OK,PASS,248442000,0.000248,14
ve_ready/ve_copy_00155_896d0c13,VE,OK,PASS,339367000,0.000339,14
ve_ready/ve_copy_00158_52e7fc6f,VE,OK,PASS,220572500,0.000221,13
ve_ready/ve_copy_00162_c6ee8bf5,VE,OK,PASS,351220000,0.000351,14
ve_ready/ve_copy_00165_4fc31a07,VE,OK,PASS,822557500,0.000823,20
ve_ready/ve_copy_00167_38564abc,VE,OK,PASS,241231000,0.000241,14
ve_ready/ve_copy_00170_e7d583b9,VE,OK,PASS,2101494000,0.002101,49
ve_ready/ve_copy_00173_2971dcb9,VE,OK,PASS,332059500,0.000332,15
ve_ready/ve_copy_00174_42f46cb8,VE,OK,PASS,241730000,0.000242,14
ve_ready/ve_copy_00176_c33b88ad,VE,OK,PASS,221328000,0.000221,13
ve_ready/ve_copy_00180_61a6e096,VE,OK,PASS,25307302500,0.025307,417
ve_ready/ve_copy_00183_f55187bf,VE,OK,PASS,262972500,0.000263,14
ve_ready/ve_copy_00184_f329cc1c,VE,OK,PASS,224358000,0.000224,13
ve_ready/ve_copy_00185_c7667e12,VE,OK,PASS,227988000,0.000228,13
ve_ready/ve_copy_00197_9d6a5b8e,VE,OK,PASS,1050930000,0.001051,29
ve_ready/ve_copy_00198_bd0ca3d5,VE,OK,PASS,221635000,0.000222,13
ve_ready/ve_copy_00200_02c6213b,VE,OK,PASS,226562500,0.000227,13
ve_ready/ve_copy_00207_e50f7694,VE,OK,PASS,396416500,0.000396,16
ve_ready/ve_copy_00211_34c4d9c9,VE,OK,PASS,224775500,0.000225,13
ve_ready/ve_copy_00223_b670d4db,VE,OK,PASS,225279500,0.000225,13
ve_ready/ve_copy_00224_0227fdc0,VE,OK,PASS,1053980000,0.001054,29
ve_ready/ve_copy_00228_a8bbebb4,VE,OK,PASS,232043000,0.000232,13
ve_ready/ve_copy_00230_8f13a0a5,VE,OK,PASS,286795500,0.000287,15
ve_ready/ve_copy_00234_b7b9c833,VE,OK,PASS,382320500,0.000382,15
ve_ready/ve_copy_00244_86b23e87,VE,OK,PASS,219869000,0.000220,14
ve_ready/ve_copy_00245_8ba912d5,VE,OK,PASS,769056500,0.000769,20
ve_ready/ve_copy_00248_75d59bc0,VE,OK,PASS,239188500,0.000239,14
ve_ready/ve_copy_00252_eae56e73,VE,OK,PASS,220362500,0.000220,13
ve_ready/ve_copy_00255_f0408b86,VE,OK,PASS,226132000,0.000226,14
ve_ready/ve_copy_00275_6b708c43,VE,OK,PASS,219798500,0.000220,13
ve_ready/ve_copy_00280_4aa1a887,VE,OK,PASS,6589681000,0.006590,101
ve_ready/ve_copy_00281_a9bdef18,VE,OK,PASS,58351754000,0.058352,608
ve_ready/ve_copy_00282_9bf43c68,VE,OK,PASS,1346087000,0.001346,40
ve_ready/ve_copy_00288_51d73c08,VE,OK,PASS,244354000,0.000244,13
ve_ready/ve_copy_00289_751d6afc,VE,OK,PASS,246055500,0.000246,13
ve_ready/ve_copy_00296_b0036cff,VE,OK,PASS,1920091000,0.001920,52
ve_ready/ve_copy_00297_eea2e6f4,VE,OK,PASS,316689500,0.000317,14
ve_ready/ve_copy_00298_aceeff06,VE,OK,PASS,2793027000,0.002793,61
ve_ready/ve_elementwise_00005_0dcb3370,VE,OK,PASS,218883500,0.000219,13
ve_ready/ve_elementwise_00006_52799b6c,VE,OK,PASS,341086000,0.000341,15
ve_ready/ve_elementwise_00011_f5ced86e,VE,OK,PASS,542279000,0.000542,16
ve_ready/ve_elementwise_00012_8d17b7cf,VE,OK,PASS,288835000,0.000289,13
ve_ready/ve_elementwise_00014_f12089ac,VE,OK,PASS,230179000,0.000230,13
ve_ready/ve_elementwise_00018_a5a07f8c,VE,OK,PASS,274540000,0.000275,13
ve_ready/ve_elementwise_00019_1897a2b9,VE,OK,PASS,220732500,0.000221,13
ve_ready/ve_elementwise_00026_b215ae6e,VE,FAIL,-,-,-,-
ve_ready/ve_elementwise_00033_f19d5190,VE,OK,PASS,291228500,0.000291,13
ve_ready/ve_elementwise_00035_ce0bc04b,VE,OK,PASS,928988500,0.000929,23
ve_ready/ve_elementwise_00040_93d82459,VE,OK,PASS,973264500,0.000973,21
ve_ready/ve_elementwise_00045_d8cf4937,VE,OK,PASS,451375000,0.000451,15
ve_ready/ve_elementwise_00049_eda02f30,VE,OK,PASS,1438645000,0.001439,30
ve_ready/ve_elementwise_00051_4e8ffa09,VE,OK,PASS,221517500,0.000222,13
ve_ready/ve_elementwise_00052_5575381f,VE,FAIL,-,-,-,-
ve_ready/ve_elementwise_00053_6873000d,VE,OK,PASS,540667000,0.000541,16
ve_ready/ve_elementwise_00058_ed4c2c52,VE,OK,PASS,286096500,0.000286,13
ve_ready/ve_elementwise_00064_3201a764,VE,OK,PASS,302290000,0.000302,14
ve_ready/ve_elementwise_00071_d69921e2,VE,FAIL,-,-,-,-
ve_ready/ve_elementwise_00075_1e344c09,VE,OK,PASS,246117000,0.000246,13
ve_ready/ve_elementwise_00084_aa73fef7,VE,OK,PASS,260460000,0.000260,13
ve_ready/ve_elementwise_00087_66463082,VE,OK,PASS,3197563000,0.003198,44
ve_ready/ve_elementwise_00096_49d5f196,VE,FAIL,-,-,-,-
ve_ready/ve_elementwise_00101_abb12ef5,VE,OK,PASS,287062500,0.000287,13
ve_ready/ve_elementwise_00103_d0915a7b,VE,OK,PASS,215897000,0.000216,13
ve_ready/ve_elementwise_00104_8aeeedb4,VE,OK,PASS,232512500,0.000233,13
ve_ready/ve_elementwise_00108_18d17c0c,VE,OK,PASS,247301500,0.000247,13
ve_ready/ve_elementwise_00109_285bb83c,VE,FAIL,-,-,-,-
ve_ready/ve_elementwise_00110_684321fc,VE,OK,PASS,250871500,0.000251,13
ve_ready/ve_elementwise_00111_9cc9130e,VE,OK,PASS,444792000,0.000445,15
ve_ready/ve_elementwise_00115_91a4cc61,VE,OK,PASS,793428000,0.000793,17
ve_ready/ve_elementwise_00117_0f0ec8e9,VE,OK,PASS,434332500,0.000434,16
ve_ready/ve_elementwise_00122_35b4d5a3,VE,OK,PASS,243663000,0.000244,13
ve_ready/ve_elementwise_00128_d26f3439,VE,OK,PASS,236227000,0.000236,13
ve_ready/ve_elementwise_00129_328f9534,VE,OK,PASS,485844500,0.000486,15
ve_ready/ve_elementwise_00132_bd9c9bff,VE,OK,PASS,304267000,0.000304,14
ve_ready/ve_elementwise_00133_855a23cc,VE,OK,PASS,874914500,0.000875,19
ve_ready/ve_elementwise_00135_0727008a,VE,OK,PASS,221961500,0.000222,13
ve_ready/ve_elementwise_00139_da5a2444,VE,OK,PASS,277092000,0.000277,13
ve_ready/ve_elementwise_00143_c609a7f0,VE,OK,PASS,218596500,0.000219,13
ve_ready/ve_elementwise_00146_69f7e405,VE,OK,PASS,499003500,0.000499,15
ve_ready/ve_elementwise_00148_d0644570,VE,OK,PASS,565489000,0.000565,17
ve_ready/ve_elementwise_00149_5158ea80,VE,OK,PASS,937275000,0.000937,22
ve_ready/ve_elementwise_00157_436963f5,VE,OK,PASS,232595000,0.000233,13
ve_ready/ve_elementwise_00161_ef94fe7a,VE,OK,PASS,277768000,0.000278,14
ve_ready/ve_elementwise_00169_403ceee8,VE,OK,PASS,244929500,0.000245,14
ve_ready/ve_elementwise_00171_f908897d,VE,OK,PASS,1001793500,0.001002,22
ve_ready/ve_elementwise_00172_302a5d06,VE,OK,PASS,220981500,0.000221,13
ve_ready/ve_elementwise_00175_e05dfcf3,VE,OK,PASS,227511000,0.000228,13
ve_ready/ve_elementwise_00189_9fe20201,VE,FAIL,-,-,-,-
ve_ready/ve_elementwise_00192_f9373fd4,VE,OK,PASS,309252500,0.000309,14
ve_ready/ve_elementwise_00195_5b0e7989,VE,OK,PASS,223568000,0.000224,13
ve_ready/ve_elementwise_00196_c819d59f,VE,OK,PASS,270488500,0.000270,14
ve_ready/ve_elementwise_00201_671cd371,VE,OK,PASS,251767000,0.000252,14
ve_ready/ve_elementwise_00205_551652a5,VE,OK,PASS,333901500,0.000334,15
ve_ready/ve_elementwise_00209_ef5e7cc2,VE,OK,PASS,233487000,0.000233,13
ve_ready/ve_elementwise_00215_f3247a89,VE,OK,PASS,280248000,0.000280,13
ve_ready/ve_elementwise_00218_af1717f9,VE,OK,PASS,309900000,0.000310,14
ve_ready/ve_elementwise_00220_91297564,VE,FAIL,-,-,-,-
ve_ready/ve_elementwise_00222_7e622a06,VE,OK,PASS,261584500,0.000262,14
ve_ready/ve_elementwise_00227_6d5f7e23,VE,FAIL,-,-,-,-
ve_ready/ve_elementwise_00229_9708b51f,VE,OK,PASS,563145500,0.000563,17
ve_ready/ve_elementwise_00232_28ed7f37,VE,OK,PASS,2588616500,0.002589,31
ve_ready/ve_elementwise_00237_764cbc7f,VE,OK,PASS,396903000,0.000397,14
ve_ready/ve_elementwise_00238_a6095e49,VE,OK,PASS,285419000,0.000285,14
ve_ready/ve_elementwise_00240_d5dad8c3,VE,OK,PASS,400377000,0.000400,16
ve_ready/ve_elementwise_00243_bb0fa89b,VE,OK,PASS,386607500,0.000387,15
ve_ready/ve_elementwise_00247_29dbb0a7,VE,FAIL,-,-,-,-
ve_ready/ve_elementwise_00253_d9712979,VE,OK,PASS,275762500,0.000276,14
ve_ready/ve_elementwise_00257_4091d7c0,VE,OK,PASS,225087000,0.000225,13
ve_ready/ve_elementwise_00262_33f9b1e3,VE,OK,PASS,291222000,0.000291,14
ve_ready/ve_elementwise_00263_ef5ab006,VE,OK,PASS,354477000,0.000354,14
ve_ready/ve_elementwise_00265_61cf6130,VE,OK,PASS,254754000,0.000255,14
ve_ready/ve_elementwise_00266_cc7c8995,VE,OK,PASS,246689500,0.000247,14
ve_ready/ve_elementwise_00267_1ed63f51,VE,OK,PASS,262111500,0.000262,14
ve_ready/ve_elementwise_00268_f80169e8,VE,OK,PASS,274110000,0.000274,13
ve_ready/ve_elementwise_00271_19f0ff65,VE,OK,PASS,381100500,0.000381,15
ve_ready/ve_elementwise_00272_c0e5583e,VE,OK,PASS,2159961500,0.002160,42
ve_ready/ve_elementwise_00273_3916d3be,VE,OK,PASS,242639000,0.000243,13
ve_ready/ve_elementwise_00274_535133cc,VE,OK,PASS,299371000,0.000299,14
ve_ready/ve_elementwise_00278_2afc0a85,VE,OK,PASS,231450500,0.000231,14
ve_ready/ve_elementwise_00279_00a0302b,VE,OK,PASS,376078500,0.000376,15
ve_ready/ve_elementwise_00286_82302e13,VE,OK,PASS,221869000,0.000222,13
ve_ready/ve_elementwise_00293_9ff9a131,VE,OK,PASS,496315000,0.000496,16
ve_ready/ve_elementwise_00294_b88d4e61,VE,OK,PASS,309750500,0.000310,14
ve_ready/ve_elementwise_00295_79599d4c,VE,OK,PASS,223965500,0.000224,14
ve_ready/ve_generic_00000_c8370353,VE,OK,PASS,288578500,0.000289,14
ve_ready/ve_generic_00001_dde25a65,VE,FAIL,-,-,-,-
ve_ready/ve_generic_00002_6f535043,VE,OK,PASS,243466500,0.000243,14
ve_ready/ve_generic_00003_a6580190,VE,OK,PASS,221846500,0.000222,13
ve_ready/ve_generic_00004_372f6bad,VE,OK,PASS,467324000,0.000467,17
ve_ready/ve_generic_00005_2dbc4f25,VE,OK,PASS,225669500,0.000226,13
ve_ready/ve_generic_00006_1f3e4fdd,VE,OK,PASS,244478500,0.000244,14
ve_ready/ve_generic_00007_0e25c689,VE,OK,PASS,249111500,0.000249,14
ve_ready/ve_generic_00008_0f6b80ff,VE,OK,PASS,250818500,0.000251,14
ve_ready/ve_generic_00009_fea85ecd,VE,OK,PASS,231161000,0.000231,13
ve_ready/ve_generic_00010_d4536ad6,VE,OK,PASS,267889500,0.000268,13
ve_ready/ve_generic_00011_87d19d0f,VE,OK,PASS,316025500,0.000316,14
ve_ready/ve_generic_00012_177e491b,VE,OK,PASS,223929000,0.000224,13
ve_ready/ve_generic_00013_4c837f3d,VE,FAIL,-,-,-,-
ve_ready/ve_generic_00014_776c4746,VE,FAIL,-,-,-,-
ve_ready/ve_generic_00015_8b12d5de,VE,OK,PASS,229081500,0.000229,13
ve_ready/ve_generic_00016_cc58a59a,VE,FAIL,-,-,-,-
ve_ready/ve_generic_00017_367652db,VE,FAIL,-,-,-,-
ve_ready/ve_generic_00018_d7959e38,VE,FAIL,-,-,-,-
ve_ready/ve_generic_00019_d1b419b6,VE,OK,PASS,219066000,0.000219,13
ve_ready/ve_generic_00020_6fa67fa9,VE,OK,PASS,336519000,0.000337,15
ve_ready/ve_generic_00021_7f597829,VE,OK,PASS,234314500,0.000234,13
ve_ready/ve_generic_00022_3cf3a40e,VE,OK,PASS,436382500,0.000436,15
ve_ready/ve_generic_00023_2efb4c9b,VE,OK,PASS,284425500,0.000284,14
ve_ready/ve_generic_00024_659c0bd6,VE,FAIL,-,-,-,-
ve_ready/ve_generic_00025_0c08fe1e,VE,FAIL,-,-,-,-
ve_ready/ve_generic_00026_f329cd9e,VE,FAIL,-,-,-,-
ve_ready/ve_generic_00027_12dd4a82,VE,OK,PASS,265836000,0.000266,14
ve_ready/ve_generic_00028_f185484a,VE,OK,PASS,413557000,0.000414,16
ve_ready/ve_generic_00029_a5b32b51,VE,OK,PASS,223362000,0.000223,13
ve_ready/ve_generic_00030_a46a13b4,VE,FAIL,-,-,-,-
ve_ready/ve_generic_00031_5e9e6721,VE,FAIL,-,-,-,-
ve_ready/ve_generic_00032_8c5f0849,VE,OK,PASS,221468000,0.000221,13
ve_ready/ve_generic_00033_05c22f1b,VE,OK,PASS,421719000,0.000422,15
ve_ready/ve_generic_00034_0645dddd,VE,FAIL,-,-,-,-
ve_ready/ve_generic_00035_743888e9,VE,OK,PASS,223211500,0.000223,13
ve_ready/ve_generic_00036_b26da349,VE,OK,PASS,219795500,0.000220,13
ve_ready/ve_generic_00037_b0f52f20,VE,FAIL,-,-,-,-
ve_ready/ve_generic_00038_827739a9,VE,OK,PASS,1009874000,0.001010,18
ve_ready/ve_generic_00039_7bc717d3,VE,OK,PASS,382169500,0.000382,15
ve_ready/ve_generic_00040_8c07177b,VE,FAIL,-,-,-,-
ve_ready/ve_generic_00041_00718e23,VE,OK,PASS,222248000,0.000222,13
ve_ready/ve_generic_00042_f777422a,VE,OK,PASS,244673500,0.000245,13
ve_ready/ve_generic_00043_2deec12b,VE,OK,PASS,286938500,0.000287,14
ve_ready/ve_generic_00044_113087e6,VE,OK,PASS,225719000,0.000226,13
ve_ready/ve_generic_00045_0fd485eb,VE,OK,PASS,217478500,0.000217,13
ve_ready/ve_generic_00046_f343a01d,VE,OK,PASS,224423000,0.000224,13
ve_ready/ve_generic_00047_0f37af7d,VE,OK,PASS,233990500,0.000234,14
ve_ready/ve_generic_00048_d2694f71,VE,FAIL,-,-,-,-
ve_ready/ve_generic_00049_484bfc6e,VE,OK,PASS,233249500,0.000233,13
ve_ready/ve_generic_00050_c64066cb,VE,OK,PASS,282147000,0.000282,14
ve_ready/ve_generic_00051_bd1d0711,VE,OK,PASS,223798500,0.000224,14
ve_ready/ve_generic_00052_ded5c546,VE,OK,PASS,231537000,0.000232,13
ve_ready/ve_generic_00053_9bb69a64,VE,OK,PASS,239825500,0.000240,14
ve_ready/ve_generic_00054_fabe999d,VE,OK,PASS,1090030500,0.001090,21
ve_ready/ve_generic_00055_864c767d,VE,OK,PASS,355023500,0.000355,14
ve_ready/ve_generic_00056_3f612b62,VE,OK,PASS,320737500,0.000321,14
ve_ready/ve_generic_00057_aec1f917,VE,FAIL,-,-,-,-
ve_ready/ve_generic_00058_280a13df,VE,OK,PASS,257206000,0.000257,14
ve_ready/ve_generic_00059_ca401d84,VE,OK,PASS,230278500,0.000230,13
ve_ready/ve_generic_00060_3961db03,VE,OK,PASS,225384500,0.000225,13
ve_ready/ve_generic_00061_0ba5b19c,VE,FAIL,-,-,-,-
ve_ready/ve_generic_00062_60b0b054,VE,OK,PASS,318576500,0.000319,14
ve_ready/ve_generic_00063_284e2f7d,VE,FAIL,-,-,-,-
ve_ready/ve_generic_00064_90dfeab8,VE,FAIL,-,-,-,-
ve_ready/ve_generic_00065_7106d5d7,VE,OK,PASS,400192000,0.000400,16
ve_ready/ve_generic_00066_5fd6ccb5,VE,OK,PASS,367503000,0.000368,15
ve_ready/ve_generic_00067_198fe85d,VE,FAIL,-,-,-,-
ve_ready/ve_generic_00068_74d337ff,VE,FAIL,-,-,-,-
ve_ready/ve_generic_00069_5d974483,VE,FAIL,-,-,-,-
ve_ready/ve_generic_00070_d92332e8,VE,OK,PASS,306707500,0.000307,13
ve_ready/ve_generic_00071_0e6ff07b,VE,OK,PASS,220235000,0.000220,13
ve_ready/ve_generic_00072_cfe24cee,VE,OK,PASS,226031000,0.000226,13
ve_ready/ve_generic_00073_278b5bf7,VE,OK,PASS,221933500,0.000222,13
ve_ready/ve_generic_00074_7f0f2906,VE,OK,PASS,231702000,0.000232,13
ve_ready/ve_generic_00075_53399850,VE,OK,PASS,228296500,0.000228,13
ve_ready/ve_generic_00076_d4dfe756,VE,FAIL,-,-,-,-
ve_ready/ve_generic_00077_7e54bfc8,VE,OK,PASS,217653000,0.000218,14
ve_ready/ve_generic_00078_3ef95077,VE,FAIL,-,-,-,-
ve_ready/ve_generic_00079_219eff00,VE,OK,PASS,468364000,0.000468,17
ve_ready/ve_generic_00080_d6a90c99,VE,FAIL,-,-,-,-
ve_ready/ve_generic_00081_b27ac414,VE,FAIL,-,-,-,-
ve_ready/ve_generic_00082_9ab09609,VE,OK,PASS,240230000,0.000240,13
ve_ready/ve_generic_00083_910d0c4c,VE,OK,PASS,237751500,0.000238,13
ve_ready/ve_generic_00084_56620935,VE,FAIL,-,-,-,-
ve_ready/ve_generic_00085_699744ba,VE,OK,PASS,302686500,0.000303,14
ve_ready/ve_generic_00086_d96c2155,VE,FAIL,-,-,-,-
ve_ready/ve_generic_00087_f583a5ff,VE,OK,PASS,216430000,0.000216,13
ve_ready/ve_generic_00088_bebae294,VE,FAIL,-,-,-,-
ve_ready/ve_generic_00089_a1778463,VE,OK,PASS,231457000,0.000231,14
ve_ready/ve_generic_00090_a8eea925,VE,OK,PASS,241069000,0.000241,14
ve_ready/ve_generic_00091_2be5a0b7,VE,OK,PASS,1362615000,0.001363,21
ve_ready/ve_generic_00092_c3360048,VE,OK,PASS,596394500,0.000596,17
ve_ready/ve_generic_00093_5f0a071c,VE,OK,PASS,228645000,0.000229,13
ve_ready/ve_generic_00094_74a9d2ff,VE,FAIL,-,-,-,-
ve_ready/ve_generic_00095_cad95072,VE,OK,PASS,243510500,0.000244,13
ve_ready/ve_generic_00096_ce60bba3,VE,FAIL,-,-,-,-
ve_ready/ve_generic_00097_4100c37a,VE,FAIL,-,-,-,-
ve_ready/ve_generic_00098_59b9ceac,VE,FAIL,-,-,-,-
ve_ready/ve_generic_00099_af23e496,VE,OK,PASS,820616500,0.000821,17
ve_ready/ve_generic_00100_010d9669,VE,FAIL,-,-,-,-
ve_ready/ve_generic_00101_d6c51bbd,VE,OK,PASS,296706500,0.000297,14
ve_ready/ve_generic_00102_b4c6f681,VE,OK,PASS,257867500,0.000258,14
ve_ready/ve_generic_00103_72f04a71,VE,OK,PASS,679570500,0.000680,17
ve_ready/ve_generic_00104_4f244485,VE,OK,PASS,241984000,0.000242,13
ve_ready/ve_generic_00105_e195cacd,VE,OK,PASS,247725000,0.000248,14
ve_ready/ve_generic_00106_c63e1cd4,VE,FAIL,-,-,-,-
ve_ready/ve_generic_00107_06e56cfe,VE,FAIL,-,-,-,-
ve_ready/ve_generic_00108_63692878,VE,FAIL,-,-,-,-
ve_ready/ve_generic_00109_dfa328a5,VE,FAIL,-,-,-,-
ve_ready/ve_generic_00110_de0052a3,VE,OK,PASS,236582500,0.000237,14
ve_ready/ve_generic_00111_09d09538,VE,OK,PASS,256323500,0.000256,13
ve_ready/ve_generic_00112_fdd93590,VE,OK,PASS,243315000,0.000243,14
ve_ready/ve_generic_00113_30a165a9,VE,OK,PASS,231693000,0.000232,14
ve_ready/ve_generic_00114_507bc437,VE,OK,PASS,222703000,0.000223,14
ve_ready/ve_generic_00115_45945d2a,VE,OK,PASS,243954500,0.000244,14
ve_ready/ve_generic_00116_4fab1de9,VE,FAIL,-,-,-,-
ve_ready/ve_generic_00117_c9a43285,VE,OK,PASS,273668500,0.000274,14
ve_ready/ve_generic_00118_868cff05,VE,FAIL,-,-,-,-
ve_ready/ve_generic_00119_44309cbd,VE,OK,PASS,305711500,0.000306,15
ve_ready/ve_generic_00120_9d1b4540,VE,OK,PASS,360997000,0.000361,14
ve_ready/ve_generic_00121_0f5e661d,VE,OK,PASS,225081500,0.000225,13
ve_ready/ve_generic_00122_15760b9b,VE,OK,PASS,276913000,0.000277,14
ve_ready/ve_generic_00123_3cbc1ce6,VE,OK,PASS,231737500,0.000232,14
ve_ready/ve_generic_00124_e3c62983,VE,OK,PASS,240577000,0.000241,13
ve_ready/ve_generic_00125_c6c41115,VE,OK,PASS,228361500,0.000228,13
ve_ready/ve_generic_00126_838a9872,VE,FAIL,-,-,-,-
ve_ready/ve_generic_00127_67680876,VE,OK,PASS,279210000,0.000279,14
ve_ready/ve_generic_00128_6091c5ce,VE,OK,PASS,263126000,0.000263,13
ve_ready/ve_generic_00129_310dd2d8,VE,FAIL,-,-,-,-
ve_ready/ve_generic_00130_6c06d880,VE,FAIL,-,-,-,-
ve_ready/ve_generic_00131_384d2d99,VE,OK,PASS,228262500,0.000228,13
ve_ready/ve_generic_00132_85ce4a7f,VE,OK,PASS,286603500,0.000287,14
ve_ready/ve_generic_00133_2b2129c8,VE,OK,PASS,223902500,0.000224,13
ve_ready/ve_generic_00134_5ff82095,VE,FAIL,-,-,-,-
ve_ready/ve_generic_00135_f5c472e3,VE,FAIL,-,-,-,-
ve_ready/ve_generic_00136_f532e223,VE,FAIL,-,-,-,-
ve_ready/ve_generic_00137_ec7c3eca,VE,OK,PASS,222915000,0.000223,13
ve_ready/ve_generic_00138_38b71980,VE,OK,PASS,238835000,0.000239,14
ve_ready/ve_generic_00139_57524868,VE,FAIL,-,-,-,-
ve_ready/ve_generic_00140_4eba7011,VE,FAIL,-,-,-,-
ve_ready/ve_generic_00141_831c1909,VE,OK,PASS,225007000,0.000225,14
ve_ready/ve_generic_00142_334432cc,VE,OK,PASS,217115500,0.000217,14
ve_ready/ve_generic_00143_b58cefe8,VE,OK,PASS,228789000,0.000229,13
ve_ready/ve_generic_00144_39344896,VE,OK,PASS,226532500,0.000227,13
ve_ready/ve_generic_00145_417b802f,VE,FAIL,-,-,-,-
ve_ready/ve_generic_00146_29f0dce2,VE,OK,PASS,407313000,0.000407,15
ve_ready/ve_generic_00147_a039eb29,VE,FAIL,-,-,-,-
ve_ready/ve_generic_00148_b9e64230,VE,OK,PASS,365336000,0.000365,15
ve_ready/ve_generic_00149_c62c9a0a,VE,OK,PASS,236038500,0.000236,13
ve_ready/ve_generic_00150_d24ecd8a,VE,OK,PASS,383326000,0.000383,15
ve_ready/ve_generic_00151_b6a6eeb3,VE,FAIL,-,-,-,-
ve_ready/ve_generic_00152_08ba0b57,VE,OK,PASS,337964500,0.000338,15
ve_ready/ve_generic_00153_3401b5d3,VE,OK,PASS,219694000,0.000220,13
ve_ready/ve_generic_00154_2c6e283d,VE,FAIL,-,-,-,-
ve_ready/ve_generic_00155_3dae2b57,VE,OK,PASS,229220000,0.000229,13
ve_ready/ve_generic_00156_834cb08b,VE,FAIL,-,-,-,-
ve_ready/ve_generic_00157_09ff21eb,VE,OK,PASS,227925000,0.000228,13
ve_ready/ve_generic_00158_3abb048b,VE,FAIL,-,-,-,-
ve_ready/ve_generic_00159_c2beca66,VE,OK,PASS,227105000,0.000227,13
ve_ready/ve_generic_00160_4175d1f1,VE,OK,PASS,233363500,0.000233,13
ve_ready/ve_generic_00161_5ded725b,VE,OK,PASS,235149500,0.000235,14
ve_ready/ve_generic_00162_8570e0cd,VE,FAIL,-,-,-,-
ve_ready/ve_generic_00163_95158daf,VE,OK,PASS,235430000,0.000235,14
ve_ready/ve_generic_00164_01260227,VE,FAIL,-,-,-,-
ve_ready/ve_generic_00165_ab83716d,VE,OK,PASS,240442500,0.000240,13
ve_ready/ve_generic_00166_0b023511,VE,OK,PASS,221385000,0.000221,13
ve_ready/ve_generic_00167_7349c701,VE,OK,PASS,224486000,0.000224,13
ve_ready/ve_generic_00168_3b7275f5,VE,OK,PASS,299343500,0.000299,14
ve_ready/ve_generic_00169_07f98882,VE,OK,PASS,248202500,0.000248,14
ve_ready/ve_generic_00170_16a7a7b7,VE,OK,PASS,230637500,0.000231,13
ve_ready/ve_generic_00171_2eff0a43,VE,OK,PASS,481302500,0.000481,16
ve_ready/ve_generic_00172_354d30ec,VE,OK,PASS,320189000,0.000320,15
ve_ready/ve_generic_00173_86cdb336,VE,OK,PASS,256059000,0.000256,14
ve_ready/ve_generic_00174_ad88cbdf,VE,FAIL,-,-,-,-
ve_ready/ve_generic_00175_ddcb7bfd,VE,FAIL,-,-,-,-
ve_ready/ve_generic_00176_20711dab,VE,FAIL,-,-,-,-
ve_ready/ve_generic_00177_a0df1cc9,VE,OK,PASS,239871500,0.000240,13
ve_ready/ve_generic_00178_f7f7d2aa,VE,OK,PASS,469290500,0.000469,15
ve_ready/ve_generic_00179_39b29206,VE,FAIL,-,-,-,-
ve_ready/ve_generic_00180_92aaf7a1,VE,OK,PASS,233249500,0.000233,13
ve_ready/ve_generic_00181_23b212e9,VE,FAIL,-,-,-,-
ve_ready/ve_generic_00182_cf26abfa,VE,OK,PASS,303687000,0.000304,14
ve_ready/ve_generic_00183_cbe688b1,VE,OK,PASS,292917500,0.000293,15
ve_ready/ve_generic_00184_5feea5d0,VE,FAIL,-,-,-,-
ve_ready/ve_generic_00185_3732964c,VE,FAIL,-,-,-,-
ve_ready/ve_generic_00186_dba9520a,VE,OK,PASS,226251500,0.000226,13
ve_ready/ve_generic_00187_5ec6801d,VE,OK,PASS,611239000,0.000611,15
ve_ready/ve_generic_00188_4b3f4446,VE,FAIL,-,-,-,-
ve_ready/ve_generic_00189_f54d70ed,VE,OK,PASS,224744000,0.000225,13
ve_ready/ve_generic_00190_cba95e88,VE,FAIL,-,-,-,-
ve_ready/ve_generic_00191_e993950b,VE,FAIL,-,-,-,-
ve_ready/ve_generic_00192_cfd26142,VE,OK,PASS,232085000,0.000232,14
ve_ready/ve_generic_00193_f3dc491b,VE,FAIL,-,-,-,-
ve_ready/ve_generic_00194_3014b5ac,VE,FAIL,-,-,-,-
ve_ready/ve_generic_00195_a2c4a4c4,VE,FAIL,-,-,-,-
ve_ready/ve_generic_00196_bbeade76,VE,OK,PASS,256384000,0.000256,13
ve_ready/ve_generic_00197_1677a029,VE,OK,PASS,220075500,0.000220,13
ve_ready/ve_generic_00198_5e6d98e0,VE,OK,PASS,1034583000,0.001035,19
ve_ready/ve_generic_00199_2796758c,VE,FAIL,-,-,-,-
ve_ready/ve_generic_00200_57a1a137,VE,FAIL,-,-,-,-
ve_ready/ve_generic_00201_5b812e1f,VE,FAIL,-,-,-,-
ve_ready/ve_generic_00202_d5d70c54,VE,OK,PASS,232832000,0.000233,13
ve_ready/ve_generic_00203_4626472c,VE,FAIL,-,-,-,-
ve_ready/ve_generic_00204_6d0adc0f,VE,FAIL,-,-,-,-
ve_ready/ve_generic_00205_adbad5b2,VE,OK,PASS,705048000,0.000705,16
ve_ready/ve_generic_00206_336d6d6b,VE,FAIL,-,-,-,-
ve_ready/ve_generic_00207_75cfb811,VE,OK,PASS,702863000,0.000703,16
ve_ready/ve_generic_00208_77ed9dc3,VE,OK,PASS,221840500,0.000222,14
ve_ready/ve_generic_00209_e44db20d,VE,OK,PASS,967614500,0.000968,20
ve_ready/ve_generic_00210_e8469c47,VE,OK,PASS,355931500,0.000356,16
ve_ready/ve_generic_00211_2c2738c6,VE,FAIL,-,-,-,-
ve_ready/ve_generic_00212_263f345f,VE,OK,PASS,229717000,0.000230,14
ve_ready/ve_generic_00213_b34de393,VE,FAIL,-,-,-,-
ve_ready/ve_generic_00214_4c29af46,VE,FAIL,-,-,-,-
ve_ready/ve_generic_00215_e5dc500d,VE,FAIL,-,-,-,-
ve_ready/ve_generic_00216_a07d7815,VE,OK,PASS,485319500,0.000485,17
ve_ready/ve_generic_00217_26b662c9,VE,FAIL,-,-,-,-
ve_ready/ve_generic_00218_4a542654,VE,FAIL,-,-,-,-
ve_ready/ve_generic_00219_20c874a3,VE,OK,PASS,245116000,0.000245,14
ve_ready/ve_generic_00220_f23acc32,VE,FAIL,-,-,-,-
ve_ready/ve_generic_00221_eaaaefa6,VE,OK,PASS,223626000,0.000224,13
ve_ready/ve_generic_00222_ae701b6c,VE,OK,PASS,223701000,0.000224,14
ve_ready/ve_generic_00223_05ec610a,VE,OK,PASS,231090500,0.000231,13
ve_ready/ve_generic_00224_436e382b,VE,FAIL,-,-,-,-
ve_ready/ve_generic_00225_48b76e49,VE,OK,PASS,335238500,0.000335,15
ve_ready/ve_generic_00226_d80db367,VE,FAIL,-,-,-,-
ve_ready/ve_generic_00227_b5ad55ab,VE,OK,PASS,228043000,0.000228,13
ve_ready/ve_generic_00228_75b607c9,VE,OK,PASS,251425500,0.000251,13
ve_ready/ve_generic_00229_3e6072d5,VE,FAIL,-,-,-,-
ve_ready/ve_generic_00230_5eb17cde,VE,OK,PASS,222337500,0.000222,14
ve_ready/ve_generic_00231_de09c04a,VE,FAIL,-,-,-,-
ve_ready/ve_generic_00232_bb789394,VE,FAIL,-,-,-,-
ve_ready/ve_generic_00233_75bb1d37,VE,OK,PASS,235242000,0.000235,14
ve_ready/ve_generic_00234_7d33f08e,VE,OK,PASS,298705000,0.000299,15
ve_ready/ve_generic_00235_5793cd1b,VE,FAIL,-,-,-,-
ve_ready/ve_generic_00236_76164064,VE,OK,PASS,342735000,0.000343,15
ve_ready/ve_generic_00237_2f4381ab,VE,OK,PASS,222214500,0.000222,13
ve_ready/ve_generic_00238_9467bf34,VE,OK,PASS,224095000,0.000224,13
ve_ready/ve_generic_00239_8d1c099f,VE,FAIL,-,-,-,-
ve_ready/ve_generic_00240_158979dd,VE,OK,PASS,333519500,0.000334,15
ve_ready/ve_generic_00241_eacc0245,VE,OK,PASS,277480000,0.000277,14
ve_ready/ve_generic_00242_373bccab,VE,FAIL,-,-,-,-
ve_ready/ve_generic_00243_0ab5ae91,VE,FAIL,-,-,-,-
ve_ready/ve_generic_00244_e76cfb69,VE,FAIL,-,-,-,-
ve_ready/ve_generic_00245_72f609ad,VE,OK,PASS,227322000,0.000227,13
ve_ready/ve_generic_00246_86a2d820,VE,FAIL,-,-,-,-
ve_ready/ve_generic_00247_8fa34bc3,VE,OK,PASS,552310000,0.000552,17
ve_ready/ve_generic_00248_c39a896c,VE,OK,PASS,219874000,0.000220,13
ve_ready/ve_generic_00249_d3e6c456,VE,FAIL,-,-,-,-
ve_ready/ve_generic_00250_2d2945f1,VE,OK,PASS,227158000,0.000227,14
ve_ready/ve_generic_00251_6e19db06,VE,FAIL,-,-,-,-
ve_ready/ve_generic_00252_9bd7c8a3,VE,OK,PASS,1431700500,0.001432,20
ve_ready/ve_generic_00253_8e6e3019,VE,FAIL,-,-,-,-
ve_ready/ve_generic_00254_1603086c,VE,OK,PASS,252464000,0.000252,14
ve_ready/ve_generic_00255_4996b2af,VE,OK,PASS,242274000,0.000242,14
ve_ready/ve_generic_00256_ea685e16,VE,OK,PASS,243894000,0.000244,14
ve_ready/ve_generic_00257_ffc65285,VE,FAIL,-,-,-,-
ve_ready/ve_generic_00258_2d2e6396,VE,OK,PASS,267615000,0.000268,13
ve_ready/ve_generic_00259_cdc8a578,VE,OK,PASS,216928500,0.000217,13
ve_ready/ve_generic_00260_ce846a27,VE,FAIL,-,-,-,-
ve_ready/ve_generic_00261_d3bc3f40,VE,FAIL,-,-,-,-
ve_ready/ve_generic_00262_5facb65b,VE,OK,PASS,217916000,0.000218,14
ve_ready/ve_generic_00263_c23caeaa,VE,OK,PASS,476267000,0.000476,16
ve_ready/ve_generic_00264_8e434bf5,VE,FAIL,-,-,-,-
ve_ready/ve_generic_00265_5a3d9a25,VE,OK,PASS,498248500,0.000498,17
ve_ready/ve_generic_00266_11c6aa33,VE,OK,PASS,296218000,0.000296,14
ve_ready/ve_generic_00267_5c70bdd2,VE,OK,PASS,282879000,0.000283,14
ve_ready/ve_generic_00268_165013e8,VE,OK,PASS,1332085500,0.001332,22
ve_ready/ve_generic_00269_b33b7626,VE,OK,PASS,291890000,0.000292,14
ve_ready/ve_generic_00270_963b4e68,VE,FAIL,-,-,-,-
ve_ready/ve_generic_00271_a6bbfe40,VE,OK,PASS,411287500,0.000411,15
ve_ready/ve_generic_00272_0c5c5d72,VE,OK,PASS,220486000,0.000220,13
ve_ready/ve_generic_00273_99697c36,VE,OK,PASS,223883500,0.000224,13
ve_ready/ve_generic_00274_7f6e73e5,VE,OK,PASS,223353000,0.000223,13
ve_ready/ve_generic_00275_b1581422,VE,OK,PASS,306136500,0.000306,14
ve_ready/ve_generic_00276_6e7f55d7,VE,OK,PASS,227824500,0.000228,13
ve_ready/ve_generic_00277_f66ed932,VE,OK,PASS,647636000,0.000648,17
ve_ready/ve_generic_00278_458dd662,VE,FAIL,-,-,-,-
ve_ready/ve_generic_00279_040e5aa3,VE,OK,PASS,220927500,0.000221,14
ve_ready/ve_generic_00280_00ed20ea,VE,OK,PASS,250632500,0.000251,13
ve_ready/ve_generic_00281_632e3fba,VE,OK,PASS,331204000,0.000331,15
ve_ready/ve_generic_00282_4770fa16,VE,OK,PASS,251213500,0.000251,14
ve_ready/ve_generic_00283_63682ed4,VE,OK,PASS,230379000,0.000230,14
ve_ready/ve_generic_00284_e5df00e3,VE,OK,PASS,220456000,0.000220,13
ve_ready/ve_generic_00285_2e4fe0d5,VE,OK,PASS,221995000,0.000222,13
ve_ready/ve_generic_00286_b6a34381,VE,FAIL,-,-,-,-
ve_ready/ve_generic_00287_fc1a5325,VE,OK,PASS,361218000,0.000361,15
ve_ready/ve_generic_00288_9212aa18,VE,OK,PASS,672109500,0.000672,16
ve_ready/ve_generic_00289_bc9613d1,VE,FAIL,-,-,-,-
ve_ready/ve_generic_00290_55e5515b,VE,FAIL,-,-,-,-
ve_ready/ve_generic_00291_ee9e6eef,VE,OK,PASS,296793500,0.000297,15
ve_ready/ve_generic_00292_d58bff66,VE,OK,PASS,862937000,0.000863,17
ve_ready/ve_generic_00293_956227b7,VE,OK,PASS,232950000,0.000233,13
ve_ready/ve_generic_00294_825679a2,VE,FAIL,-,-,-,-
ve_ready/ve_generic_00295_bbe7949b,VE,OK,PASS,234979000,0.000235,14
ve_ready/ve_generic_00296_e9275540,VE,FAIL,-,-,-,-
ve_ready/ve_generic_00297_70efa3f1,VE,FAIL,-,-,-,-
ve_ready/ve_generic_00298_62659ae5,VE,FAIL,-,-,-,-
ve_ready/ve_generic_00299_5ff7e6b7,VE,FAIL,-,-,-,-
ve_ready/ve_generic_00300_c79fde42,VE,FAIL,-,-,-,-
ve_ready/ve_generic_00301_37016258,VE,OK,PASS,642554000,0.000643,16
ve_ready/ve_generic_00302_11c9a74b,VE,OK,PASS,219951500,0.000220,13
ve_ready/ve_generic_00303_b8090e2d,VE,OK,PASS,373199000,0.000373,15
ve_ready/ve_generic_00304_61b40d4f,VE,FAIL,-,-,-,-
ve_ready/ve_generic_00305_5cc7dc47,VE,OK,PASS,255009000,0.000255,14
ve_ready/ve_generic_00306_27db2545,VE,FAIL,-,-,-,-
ve_ready/ve_generic_00307_52577cfb,VE,OK,PASS,283341000,0.000283,14
ve_ready/ve_generic_00308_6f93800d,VE,FAIL,-,-,-,-
ve_ready/ve_generic_00309_549890b7,VE,OK,PASS,223968500,0.000224,13
ve_ready/ve_generic_00310_493397b8,VE,OK,PASS,1561994000,0.001562,22
ve_ready/ve_generic_00311_5bb61cab,VE,OK,PASS,357434500,0.000357,15
ve_ready/ve_generic_00312_9fed8ea5,VE,FAIL,-,-,-,-
ve_ready/ve_generic_00313_ef78ab14,VE,OK,PASS,226370500,0.000226,13
ve_ready/ve_generic_00314_bc01d5f8,VE,OK,PASS,227850000,0.000228,14
ve_ready/ve_generic_00315_ac2563d0,VE,FAIL,-,-,-,-
ve_ready/ve_generic_00316_24b1ce76,VE,FAIL,-,-,-,-
ve_ready/ve_generic_00317_f50d4e02,VE,FAIL,-,-,-,-
ve_ready/ve_generic_00318_8f2b3292,VE,FAIL,-,-,-,-
ve_ready/ve_generic_00319_eabd00e3,VE,OK,PASS,224062500,0.000224,13
ve_ready/ve_generic_00320_1e0433a4,VE,OK,PASS,246948000,0.000247,13
ve_ready/ve_generic_00321_99d30577,VE,FAIL,-,-,-,-
ve_ready/ve_generic_00322_be95caf1,VE,OK,PASS,351773500,0.000352,14
ve_ready/ve_generic_00323_5ced1b3a,VE,OK,PASS,850682500,0.000851,19
ve_ready/ve_generic_00324_d0b2f3cb,VE,OK,PASS,220131000,0.000220,13
ve_ready/ve_generic_00325_be35965a,VE,OK,PASS,239528000,0.000240,13
ve_ready/ve_generic_00326_93d068a1,VE,FAIL,-,-,-,-
ve_ready/ve_generic_00327_88292579,VE,FAIL,-,-,-,-
ve_ready/ve_generic_00328_ac738a66,VE,FAIL,-,-,-,-
ve_ready/ve_generic_00329_7d6cbf65,VE,OK,PASS,689154500,0.000689,19
ve_ready/ve_generic_00330_89c62e8e,VE,OK,PASS,232134500,0.000232,13
ve_ready/ve_generic_00331_d8b2acae,VE,OK,PASS,284717000,0.000285,13
ve_ready/ve_generic_00332_44d82427,VE,FAIL,-,-,-,-
ve_ready/ve_generic_00333_5db8d2ad,VE,OK,PASS,255978500,0.000256,13
ve_ready/ve_generic_00334_9989c57e,VE,OK,PASS,462992000,0.000463,15
ve_ready/ve_generic_00335_c4a110e6,VE,OK,PASS,454927000,0.000455,15
ve_ready/ve_generic_00336_6afd3a75,VE,OK,PASS,331554000,0.000332,14
ve_ready/ve_generic_00337_dd569158,VE,FAIL,-,-,-,-
ve_ready/ve_generic_00338_313da5b4,VE,OK,PASS,235265500,0.000235,13
ve_ready/ve_generic_00339_1ad36dfa,VE,OK,PASS,276306500,0.000276,14
ve_ready/ve_generic_00340_5f608856,VE,FAIL,-,-,-,-
ve_ready/ve_generic_00341_96f362c5,VE,FAIL,-,-,-,-
ve_ready/ve_generic_00342_1560cada,VE,OK,PASS,245081500,0.000245,14
ve_ready/ve_generic_00343_7f932333,VE,FAIL,-,-,-,-
ve_ready/ve_generic_00344_bad88078,VE,OK,PASS,220577500,0.000221,13
ve_ready/ve_generic_00345_9927554e,VE,FAIL,-,-,-,-
ve_ready/ve_generic_00346_78eac33f,VE,OK,PASS,256028000,0.000256,13
ve_ready/ve_generic_00347_5e8615b4,VE,FAIL,-,-,-,-
ve_ready/ve_generic_00348_435b06c4,VE,OK,PASS,221142500,0.000221,14
ve_ready/ve_generic_00349_f3bab57c,VE,FAIL,-,-,-,-
ve_ready/ve_generic_00350_8e75ff87,VE,FAIL,-,-,-,-
ve_ready/ve_generic_00351_f95708cf,VE,FAIL,-,-,-,-
ve_ready/ve_generic_00352_583881dd,VE,OK,PASS,223183000,0.000223,13
ve_ready/ve_generic_00353_1ecef9ba,VE,OK,PASS,226848500,0.000227,13
ve_ready/ve_generic_00354_9c16b0f6,VE,OK,PASS,228237500,0.000228,14
ve_ready/ve_generic_00355_819a073b,VE,OK,PASS,269090500,0.000269,14
ve_ready/ve_generic_00356_d894fe9c,VE,OK,PASS,237119000,0.000237,14
ve_ready/ve_generic_00357_b1d05cb4,VE,OK,PASS,237035500,0.000237,14
ve_ready/ve_generic_00358_5dc16681,VE,FAIL,-,-,-,-
ve_ready/ve_generic_00359_fcea4900,VE,FAIL,-,-,-,-
ve_ready/ve_generic_00360_b78bc549,VE,FAIL,-,-,-,-
ve_ready/ve_generic_00361_bdca78a3,VE,OK,PASS,249700000,0.000250,13
ve_ready/ve_generic_00362_da57f1bd,VE,OK,PASS,296246000,0.000296,14
ve_ready/ve_generic_00363_3254baa5,VE,OK,PASS,237469000,0.000237,14
ve_ready/ve_generic_00364_801344b8,VE,OK,PASS,276139000,0.000276,14
ve_ready/ve_generic_00365_b1304ee9,VE,OK,PASS,1095521500,0.001096,21
ve_ready/ve_generic_00366_75729279,VE,OK,PASS,239618000,0.000240,14
ve_ready/ve_generic_00367_90c037f1,VE,OK,PASS,221327500,0.000221,14
ve_ready/ve_generic_00368_acfc0ccc,VE,OK,PASS,399267000,0.000399,14
ve_ready/ve_generic_00369_48e0899c,VE,OK,PASS,230505500,0.000231,13
ve_ready/ve_generic_00370_7c4084b3,VE,OK,PASS,332084000,0.000332,14
ve_ready/ve_generic_00371_b15788a5,VE,OK,PASS,710155500,0.000710,18
ve_ready/ve_generic_00372_a9087a18,VE,FAIL,-,-,-,-
ve_ready/ve_generic_00373_05012f3b,VE,FAIL,-,-,-,-
ve_ready/ve_generic_00374_a0451ad5,VE,FAIL,-,-,-,-
ve_ready/ve_generic_00375_6eaeffde,VE,OK,PASS,257398500,0.000257,14
ve_ready/ve_generic_00376_2c52a9f5,VE,OK,PASS,646495000,0.000646,16
ve_ready/ve_generic_00377_8b18890f,VE,FAIL,-,-,-,-
ve_ready/ve_generic_00378_0c216641,VE,OK,PASS,228701000,0.000229,13
ve_ready/ve_generic_00379_f83a90ea,VE,OK,PASS,220081000,0.000220,13
ve_ready/ve_generic_00380_ab2e8354,VE,OK,PASS,397851500,0.000398,16
ve_ready/ve_generic_00381_f11b703b,VE,FAIL,-,-,-,-
ve_ready/ve_generic_00382_9f7ef843,VE,FAIL,-,-,-,-
ve_ready/ve_generic_00383_175bc559,VE,OK,PASS,769841000,0.000770,17
ve_ready/ve_generic_00384_73bacf9a,VE,OK,PASS,283399000,0.000283,14
ve_ready/ve_generic_00385_3a2ffbee,VE,FAIL,-,-,-,-
ve_ready/ve_generic_00386_de05b100,VE,FAIL,-,-,-,-
ve_ready/ve_generic_00387_1ee5a350,VE,OK,PASS,473252000,0.000473,15
ve_ready/ve_generic_00388_f36d733f,VE,FAIL,-,-,-,-
ve_ready/ve_generic_00389_4d1276c3,VE,FAIL,-,-,-,-
ve_ready/ve_generic_00390_701a2181,VE,OK,PASS,222709500,0.000223,13
ve_ready/ve_generic_00391_ade5ce44,VE,OK,PASS,251209500,0.000251,14
ve_ready/ve_generic_00392_90e91b4c,VE,FAIL,-,-,-,-
ve_ready/ve_generic_00393_1546f97f,VE,OK,PASS,248392500,0.000248,13
ve_ready/ve_generic_00394_234c02fa,VE,OK,PASS,361508000,0.000362,15
ve_ready/ve_generic_00395_f956d5a2,VE,OK,PASS,509803000,0.000510,17
ve_ready/ve_generic_00396_3a9bd997,VE,OK,PASS,222301000,0.000222,13
ve_ready/ve_generic_00397_e21f4b02,VE,OK,PASS,230355000,0.000230,13
ve_ready/ve_generic_00398_ac996946,VE,OK,PASS,3763412000,0.003763,33
ve_ready/ve_generic_00399_2e071ba6,VE,OK,PASS,352798500,0.000353,15
ve_ready/ve_generic_00400_8ec21642,VE,OK,PASS,220272500,0.000220,13
ve_ready/ve_generic_00401_dc177d1d,VE,OK,PASS,2129748000,0.002130,26
ve_ready/ve_generic_00402_edee2e09,VE,FAIL,-,-,-,-
ve_ready/ve_generic_00403_b640421e,VE,OK,PASS,386348000,0.000386,15
ve_ready/ve_generic_00404_8f99b83a,VE,OK,PASS,682670500,0.000683,17
ve_ready/ve_generic_00405_528fc238,VE,OK,PASS,222455500,0.000222,14
ve_ready/ve_generic_00406_644fa397,VE,OK,PASS,221037500,0.000221,13
ve_ready/ve_generic_00407_098b89d3,VE,OK,PASS,234201500,0.000234,14
ve_ready/ve_generic_00408_f7734a6f,VE,OK,PASS,236573500,0.000237,14
ve_ready/ve_generic_00409_7d925307,VE,OK,PASS,254789500,0.000255,14
ve_ready/ve_generic_00410_51dea2f5,VE,FAIL,-,-,-,-
ve_ready/ve_generic_00411_724b4cc2,VE,OK,PASS,241891500,0.000242,13
ve_ready/ve_generic_00412_25aee007,VE,OK,PASS,323962500,0.000324,14
ve_ready/ve_generic_00413_8441ab33,VE,OK,PASS,246732500,0.000247,13
ve_ready/ve_generic_00414_b6ab60a4,VE,FAIL,-,-,-,-
ve_ready/ve_generic_00415_7a56edcd,VE,FAIL,-,-,-,-
ve_ready/ve_generic_00416_ea6a9482,VE,OK,PASS,269955500,0.000270,14
ve_ready/ve_generic_00417_418dcd54,VE,OK,PASS,446192500,0.000446,17
ve_ready/ve_generic_00418_b14c6f5c,VE,OK,PASS,227905000,0.000228,13
ve_ready/ve_generic_00419_9b559c52,VE,OK,PASS,660631000,0.000661,17
ve_ready/ve_generic_00420_ce132acb,VE,FAIL,-,-,-,-
ve_ready/ve_generic_00421_0f095d8a,VE,OK,PASS,242763000,0.000243,13
ve_ready/ve_generic_00422_ba2b30d3,VE,OK,PASS,296763500,0.000297,14
ve_ready/ve_generic_00423_f08d7499,VE,OK,PASS,254466500,0.000254,13
ve_ready/ve_generic_00424_4bd7cc74,VE,OK,PASS,235818000,0.000236,13
ve_ready/ve_generic_00425_52734373,VE,OK,PASS,252987500,0.000253,14
ve_ready/ve_generic_00426_240830ca,VE,OK,PASS,238649500,0.000239,13
ve_ready/ve_generic_00427_e274f6c6,VE,OK,PASS,241003000,0.000241,14
ve_ready/ve_generic_00428_df1cae19,VE,FAIL,-,-,-,-
ve_ready/ve_generic_00429_6cf38e6a,VE,FAIL,-,-,-,-
ve_ready/ve_generic_00430_89321385,VE,FAIL,-,-,-,-
ve_ready/ve_generic_00431_6b8825a3,VE,FAIL,-,-,-,-
ve_ready/ve_generic_00432_44b18e35,VE,OK,PASS,343275500,0.000343,15
ve_ready/ve_generic_00433_eb488d23,VE,FAIL,-,-,-,-
ve_ready/ve_generic_00434_a3355285,VE,OK,PASS,384194500,0.000384,15
ve_ready/ve_generic_00435_0a8a3cfe,VE,FAIL,-,-,-,-
ve_ready/ve_generic_00436_d107dadc,VE,OK,PASS,226235500,0.000226,13
ve_ready/ve_generic_00437_c67fa012,VE,OK,PASS,227402000,0.000227,13
ve_ready/ve_generic_00438_a174c46f,VE,FAIL,-,-,-,-
ve_ready/ve_generic_00439_6e626f54,VE,OK,PASS,221125000,0.000221,14
ve_ready/ve_generic_00440_d3321ca8,VE,OK,PASS,241051500,0.000241,14
ve_ready/ve_generic_00441_a3a218f3,VE,FAIL,-,-,-,-
ve_ready/ve_generic_00442_83eea46e,VE,OK,PASS,350061000,0.000350,16
ve_ready/ve_generic_00443_a0605dad,VE,OK,PASS,398674000,0.000399,16
ve_ready/ve_generic_00444_1f9e6e69,VE,OK,PASS,410478500,0.000410,16
ve_ready/ve_generic_00445_47f2bc51,VE,OK,PASS,236650000,0.000237,13
ve_ready/ve_generic_00446_12902be4,VE,OK,PASS,239881000,0.000240,13
ve_ready/ve_generic_00447_6d64cafc,VE,OK,PASS,233981500,0.000234,13
ve_ready/ve_generic_00448_78edcc04,VE,OK,PASS,1425541000,0.001426,20
ve_ready/ve_generic_00449_7ba6514b,VE,OK,PASS,238044000,0.000238,14
ve_ready/ve_generic_00450_4aad03c4,VE,OK,PASS,306276000,0.000306,14
ve_ready/ve_generic_00451_d9d664d4,VE,OK,PASS,252127000,0.000252,13
ve_ready/ve_generic_00452_25e9874e,VE,OK,PASS,272476000,0.000272,14
ve_ready/ve_generic_00453_77b9f948,VE,OK,PASS,221144500,0.000221,14
ve_ready/ve_generic_00454_790bc922,VE,FAIL,-,-,-,-
ve_ready/ve_generic_00455_8c0f1f97,VE,OK,PASS,280327500,0.000280,14
ve_ready/ve_generic_00456_4bd4baf4,VE,OK,PASS,225011000,0.000225,13
ve_ready/ve_generic_00457_2d866abe,VE,OK,PASS,244924500,0.000245,13
ve_ready/ve_generic_00458_b522f485,VE,FAIL,-,-,-,-
ve_ready/ve_generic_00459_f40f18dc,VE,OK,PASS,448679000,0.000449,17
ve_ready/ve_generic_00460_8542cc08,VE,FAIL,-,-,-,-
ve_ready/ve_generic_00461_363da1f0,VE,FAIL,-,-,-,-
ve_ready/ve_generic_00462_e557ca93,VE,OK,PASS,409323500,0.000409,15
ve_ready/ve_generic_00463_d1e8d1c2,VE,OK,PASS,285125000,0.000285,14
ve_ready/ve_generic_00464_e16dcee1,VE,FAIL,-,-,-,-
ve_ready/ve_generic_00465_358a17f5,VE,OK,PASS,241860000,0.000242,13
ve_ready/ve_generic_00466_69ea0941,VE,OK,PASS,228791000,0.000229,13
ve_ready/ve_generic_00467_bbd63aa5,VE,OK,PASS,245812000,0.000246,13
ve_ready/ve_generic_00468_33ce57f2,VE,OK,PASS,219980000,0.000220,13
ve_ready/ve_generic_00469_34773a2d,VE,OK,PASS,223211500,0.000223,13
ve_ready/ve_generic_00470_488e6f45,VE,OK,PASS,394594500,0.000395,15
ve_ready/ve_generic_00471_275b0b49,VE,OK,PASS,391174000,0.000391,16
ve_ready/ve_generic_00472_7d3b0819,VE,FAIL,-,-,-,-
ve_ready/ve_generic_00473_9a512f13,VE,OK,PASS,491019000,0.000491,18
ve_ready/ve_generic_00474_ebdaac7e,VE,FAIL,-,-,-,-
ve_ready/ve_generic_00475_cbb92fe1,VE,FAIL,-,-,-,-
ve_ready/ve_generic_00476_50a37e44,VE,OK,PASS,225085500,0.000225,13
ve_ready/ve_generic_00477_3ac5c4e6,VE,FAIL,-,-,-,-
ve_ready/ve_generic_00478_83389463,VE,OK,PASS,220342500,0.000220,13
ve_ready/ve_generic_00479_4243205e,VE,OK,PASS,254240500,0.000254,14
ve_ready/ve_generic_00480_8638ff1c,VE,FAIL,-,-,-,-
ve_ready/ve_generic_00481_3a14d0ce,VE,OK,PASS,260841500,0.000261,13
ve_ready/ve_generic_00482_35cb0cb9,VE,FAIL,-,-,-,-
ve_ready/ve_generic_00483_c1faca08,VE,OK,PASS,230747000,0.000231,13
ve_ready/ve_generic_00484_305bc793,VE,OK,PASS,222471500,0.000222,13
ve_ready/ve_generic_00485_4a570540,VE,OK,PASS,217889500,0.000218,14
ve_ready/ve_generic_00486_8daeb110,VE,OK,PASS,269612500,0.000270,14
ve_ready/ve_generic_00487_63a980a9,VE,OK,PASS,238631000,0.000239,14
ve_ready/ve_generic_00488_a4efda3e,VE,OK,PASS,241578500,0.000242,14
ve_ready/ve_generic_00489_4ff275fa,VE,OK,PASS,1376825500,0.001377,20
ve_ready/ve_generic_00490_5058e560,VE,OK,PASS,939379000,0.000939,18
ve_ready/ve_generic_00491_a3e0d465,VE,FAIL,-,-,-,-
ve_ready/ve_generic_00492_db07feeb,VE,OK,PASS,239965000,0.000240,14
ve_ready/ve_generic_00493_8e9557d8,VE,OK,PASS,230243000,0.000230,14
ve_ready/ve_generic_00494_f7a98c45,VE,OK,PASS,228380500,0.000228,14
ve_ready/ve_generic_00495_4283f754,VE,FAIL,-,-,-,-
ve_ready/ve_generic_00496_1d32fb6a,VE,FAIL,-,-,-,-
ve_ready/ve_generic_00497_1f09b50b,VE,OK,PASS,539382500,0.000539,15
ve_ready/ve_generic_00498_4b5ea9f8,VE,FAIL,-,-,-,-
ve_ready/ve_generic_00499_f2bdc324,VE,OK,PASS,240580000,0.000241,14
ve_ready/ve_generic_00500_ed4a12d4,VE,OK,PASS,223163500,0.000223,14
ve_ready/ve_generic_00501_4a7a2b95,VE,OK,PASS,557175000,0.000557,15
ve_ready/ve_generic_00502_0ba1bdd9,VE,FAIL,-,-,-,-
ve_ready/ve_generic_00503_057581d6,VE,OK,PASS,235791500,0.000236,13
ve_ready/ve_generic_00504_47a6ae4e,VE,OK,PASS,402337500,0.000402,15
ve_ready/ve_generic_00505_896e1b34,VE,OK,PASS,630301000,0.000630,16
ve_ready/ve_generic_00506_eae221cb,VE,OK,PASS,235614000,0.000236,13
ve_ready/ve_generic_00507_992ca37d,VE,FAIL,-,-,-,-
ve_ready/ve_generic_00508_96407d33,VE,OK,PASS,394389500,0.000394,15
ve_ready/ve_generic_00509_c57a94ad,VE,OK,PASS,380054000,0.000380,17
ve_ready/ve_generic_00510_f0b07826,VE,OK,PASS,274196500,0.000274,14
ve_ready/ve_generic_00511_af9b1642,VE,OK,PASS,762529500,0.000763,17
ve_ready/ve_generic_00512_6d8f6719,VE,OK,PASS,255557500,0.000256,13
ve_ready/ve_generic_00513_bf00b408,VE,FAIL,-,-,-,-
ve_ready/ve_generic_00514_710391e0,VE,OK,PASS,226768000,0.000227,14
ve_ready/ve_generic_00515_ed22c47b,VE,OK,PASS,217645000,0.000218,13
ve_ready/ve_generic_00516_875c93fc,VE,OK,PASS,278741000,0.000279,13
ve_ready/ve_generic_00517_ecbf4931,VE,OK,PASS,240132500,0.000240,13
ve_ready/ve_generic_00518_f5a08456,VE,OK,PASS,223902500,0.000224,13
ve_ready/ve_generic_00519_6d5907e5,VE,FAIL,-,-,-,-
ve_ready/ve_generic_00520_4ccf2337,VE,FAIL,-,-,-,-
ve_ready/ve_generic_00521_cf4510db,VE,FAIL,-,-,-,-
ve_ready/ve_generic_00522_c247a2ac,VE,OK,PASS,292095000,0.000292,15
ve_ready/ve_generic_00523_a4a155cf,VE,OK,PASS,219126500,0.000219,13
ve_ready/ve_generic_00524_3edaae64,VE,OK,PASS,284205500,0.000284,14
ve_ready/ve_generic_00525_71dcfba9,VE,OK,PASS,443305000,0.000443,15
ve_ready/ve_generic_00526_7c77ca19,VE,OK,PASS,274089500,0.000274,13
ve_ready/ve_generic_00527_a0b82add,VE,OK,PASS,255422000,0.000255,14
ve_ready/ve_generic_00528_3f2da850,VE,OK,PASS,379032000,0.000379,15
ve_ready/ve_generic_00529_d0641a01,VE,FAIL,-,-,-,-
ve_ready/ve_generic_00530_8bd38658,VE,OK,PASS,240511000,0.000241,13
ve_ready/ve_generic_00531_40fee087,VE,OK,PASS,224089000,0.000224,13
ve_ready/ve_generic_00532_3cd077eb,VE,OK,PASS,1110736000,0.001111,21
ve_ready/ve_generic_00533_b2f0f53c,VE,OK,PASS,227148500,0.000227,14
ve_ready/ve_generic_00534_2bfabdaa,VE,OK,PASS,353451000,0.000353,14
ve_ready/ve_generic_00535_54f6cabc,VE,OK,PASS,222978000,0.000223,13
ve_ready/ve_generic_00536_18e8064c,VE,OK,PASS,228111000,0.000228,14
ve_ready/ve_generic_00537_f2333697,VE,OK,PASS,336925000,0.000337,14
ve_ready/ve_generic_00538_4f1c4188,VE,OK,PASS,236619000,0.000237,14
ve_ready/ve_generic_00539_bb94872a,VE,OK,PASS,364290500,0.000364,15
ve_ready/ve_generic_00540_4ab20c15,VE,FAIL,-,-,-,-
ve_ready/ve_generic_00541_99fba8db,VE,OK,PASS,327245000,0.000327,15
ve_ready/ve_generic_00542_9188ca27,VE,FAIL,-,-,-,-
ve_ready/ve_generic_00543_7773929d,VE,OK,PASS,220622500,0.000221,13
ve_ready/ve_generic_00544_e3d45e70,VE,FAIL,-,-,-,-
ve_ready/ve_generic_00545_ab8e68e9,VE,FAIL,-,-,-,-
ve_ready/ve_generic_00546_bd89267f,VE,OK,PASS,318956000,0.000319,14
ve_ready/ve_generic_00547_06c8e50b,VE,OK,PASS,248910500,0.000249,13
ve_ready/ve_generic_00548_e2244baf,VE,FAIL,-,-,-,-
ve_ready/ve_generic_00549_d7235ad7,VE,FAIL,-,-,-,-
ve_ready/ve_generic_00550_c6284d0e,VE,OK,PASS,246648500,0.000247,14
ve_ready/ve_generic_00551_e6e95b72,VE,FAIL,-,-,-,-
ve_ready/ve_generic_00552_bb21a71a,VE,FAIL,-,-,-,-
ve_ready/ve_generic_00553_442a18bf,VE,OK,PASS,233942000,0.000234,14
ve_ready/ve_generic_00554_df013983,VE,OK,PASS,311465000,0.000311,14
ve_ready/ve_generic_00555_561e15a9,VE,OK,PASS,219212500,0.000219,14
ve_ready/ve_generic_00556_a73ed3cc,VE,FAIL,-,-,-,-
ve_ready/ve_generic_00557_56cf5df7,VE,OK,PASS,233864500,0.000234,13
ve_ready/ve_generic_00558_dfff9610,VE,OK,PASS,224416500,0.000224,13
ve_ready/ve_generic_00559_328ecb77,VE,OK,PASS,314962500,0.000315,14
ve_ready/ve_generic_00560_e47f4ee3,VE,OK,PASS,288575000,0.000289,14
ve_ready/ve_generic_00561_f708fafd,VE,OK,PASS,260269000,0.000260,13
ve_ready/ve_generic_00562_c7179c85,VE,OK,PASS,235433000,0.000235,14
ve_ready/ve_generic_00563_e5ae452c,VE,OK,PASS,283512500,0.000284,13
ve_ready/ve_generic_00564_54926fb3,VE,OK,PASS,558950000,0.000559,16
ve_ready/ve_generic_00565_f5e218c7,VE,FAIL,-,-,-,-
ve_ready/ve_generic_00566_45b58325,VE,OK,PASS,454699000,0.000455,17
ve_ready/ve_generic_00567_15919e61,VE,FAIL,-,-,-,-
ve_ready/ve_generic_00568_16d7a1e4,VE,FAIL,-,-,-,-
ve_ready/ve_generic_00569_99c642cb,VE,OK,PASS,374669000,0.000375,15
ve_ready/ve_generic_00570_c16afac5,VE,OK,PASS,225181000,0.000225,13
ve_ready/ve_generic_00571_5d796acc,VE,OK,PASS,246463000,0.000246,13
ve_ready/ve_generic_00572_90d06551,VE,OK,PASS,1760943500,0.001761,24
ve_ready/ve_generic_00573_fb3b4cc8,VE,FAIL,-,-,-,-
ve_ready/ve_generic_00574_db63df43,VE,OK,PASS,343031500,0.000343,14
ve_ready/ve_generic_00575_e8e169ae,VE,FAIL,-,-,-,-
ve_ready/ve_generic_00576_64afef92,VE,FAIL,-,-,-,-
ve_ready/ve_generic_00577_3a896386,VE,OK,PASS,223496500,0.000223,13
ve_ready/ve_generic_00578_d96034d8,VE,FAIL,-,-,-,-
ve_ready/ve_generic_00579_ca292265,VE,OK,PASS,302754500,0.000303,14
ve_ready/ve_generic_00580_2ae198b5,VE,OK,PASS,219855500,0.000220,14
ve_ready/ve_generic_00581_c218a473,VE,FAIL,-,-,-,-
ve_ready/ve_generic_00582_1d0ba620,VE,OK,PASS,231228000,0.000231,13
ve_ready/ve_generic_00583_69ae67e6,VE,OK,PASS,225699000,0.000226,13
ve_ready/ve_generic_00584_0023bce6,VE,OK,PASS,230762500,0.000231,14
ve_ready/ve_generic_00585_35fd5694,VE,OK,PASS,426845500,0.000427,16
ve_ready/ve_generic_00586_95066bcd,VE,OK,PASS,220144000,0.000220,13
ve_ready/ve_generic_00587_4630597d,VE,OK,PASS,233963500,0.000234,14
ve_ready/ve_generic_00588_4ae5e19a,VE,OK,PASS,307275500,0.000307,14
ve_ready/ve_generic_00589_41c929e2,VE,OK,PASS,225610500,0.000226,13
ve_ready/ve_generic_00590_f5b2bc35,VE,OK,PASS,250064000,0.000250,13
ve_ready/ve_generic_00591_8a47006d,VE,FAIL,-,-,-,-
ve_ready/ve_generic_00592_62278f80,VE,OK,PASS,250006500,0.000250,14
ve_ready/ve_generic_00593_27fd7c3b,VE,OK,PASS,254660000,0.000255,13
ve_ready/ve_generic_00594_21b60565,VE,OK,PASS,231360500,0.000231,14
ve_ready/ve_generic_00595_a76a0e7f,VE,FAIL,-,-,-,-
ve_ready/ve_generic_00596_25538481,VE,FAIL,-,-,-,-
ve_ready/ve_generic_00597_23f00b68,VE,FAIL,-,-,-,-
ve_ready/ve_generic_00598_e89c2f53,VE,FAIL,-,-,-,-
ve_ready/ve_generic_00599_5954ab8b,VE,FAIL,-,-,-,-
ve_ready/ve_generic_00600_6cb92d8e,VE,OK,PASS,224281000,0.000224,13
ve_ready/ve_generic_00601_64e96f17,VE,OK,PASS,1695970000,0.001696,26
ve_ready/ve_generic_00602_e9d5725d,VE,OK,PASS,217233500,0.000217,13
ve_ready/ve_generic_00603_a768303c,VE,OK,PASS,234195000,0.000234,13
ve_ready/ve_generic_00604_b51e3833,VE,FAIL,-,-,-,-
ve_ready/ve_generic_00605_603cf965,VE,OK,PASS,281285000,0.000281,14
ve_ready/ve_generic_00606_8dedd392,VE,FAIL,-,-,-,-
ve_ready/ve_generic_00607_495ec934,VE,OK,PASS,701062000,0.000701,16
ve_ready/ve_generic_00608_be34ec5d,VE,OK,PASS,255674000,0.000256,13
ve_ready/ve_generic_00609_5a9969ce,VE,FAIL,-,-,-,-
ve_ready/ve_generic_00610_29cbc316,VE,FAIL,-,-,-,-
ve_ready/ve_generic_00611_45e22b91,VE,OK,PASS,236954000,0.000237,13
ve_ready/ve_generic_00612_09c32611,VE,FAIL,-,-,-,-
ve_ready/ve_generic_00613_fa098c16,VE,OK,PASS,236546000,0.000237,14
ve_ready/ve_generic_00614_45d2b737,VE,OK,PASS,235776500,0.000236,14
ve_ready/ve_generic_00615_ff43707b,VE,OK,PASS,222118500,0.000222,14
ve_ready/ve_generic_00616_8f330dde,VE,OK,PASS,263743500,0.000264,13
ve_ready/ve_generic_00617_0b68099d,VE,OK,PASS,400156500,0.000400,15
ve_ready/ve_generic_00618_c59afe21,VE,OK,PASS,297067000,0.000297,14
ve_ready/ve_generic_00619_e10b2b38,VE,OK,PASS,226714500,0.000227,14
ve_ready/ve_generic_00620_e90ed7af,VE,OK,PASS,2065614000,0.002066,25
ve_ready/ve_generic_00621_bd2614c3,VE,OK,PASS,825837000,0.000826,18
ve_ready/ve_generic_00622_f9f4feb8,VE,OK,PASS,233226500,0.000233,13
ve_ready/ve_generic_00623_1f7814f0,VE,FAIL,-,-,-,-
ve_ready/ve_generic_00624_a9a62a94,VE,OK,PASS,235986500,0.000236,13
ve_ready/ve_generic_00625_c5280e13,VE,FAIL,-,-,-,-
ve_ready/ve_generic_00626_07189d1e,VE,OK,PASS,232735500,0.000233,13
ve_ready/ve_generic_00627_b9a8c94c,VE,FAIL,-,-,-,-
ve_ready/ve_generic_00628_4e525110,VE,FAIL,-,-,-,-
ve_ready/ve_generic_00629_7da052a0,VE,OK,PASS,568691000,0.000569,17
ve_ready/ve_generic_00630_102002a8,VE,OK,PASS,231583500,0.000232,14
ve_ready/ve_generic_00631_d74f0198,VE,OK,PASS,242411500,0.000242,13
ve_ready/ve_generic_00632_59fca190,VE,FAIL,-,-,-,-
ve_ready/ve_generic_00633_57514e58,VE,FAIL,-,-,-,-
ve_ready/ve_generic_00634_30151801,VE,OK,PASS,260559000,0.000261,13
ve_ready/ve_generic_00635_5246c37a,VE,FAIL,-,-,-,-
ve_ready/ve_generic_00636_10255ae4,VE,OK,PASS,222100500,0.000222,13
ve_ready/ve_generic_00637_d078e06a,VE,OK,PASS,259160500,0.000259,13
ve_ready/ve_generic_00638_3f60d6a9,VE,OK,PASS,225159500,0.000225,14
ve_ready/ve_generic_00639_7d792afd,VE,FAIL,-,-,-,-
ve_ready/ve_generic_00640_09c83598,VE,OK,PASS,241287500,0.000241,14
ve_ready/ve_generic_00641_76cdc501,VE,OK,PASS,351877500,0.000352,15
ve_ready/ve_generic_00642_c78db245,VE,OK,PASS,226265000,0.000226,13
ve_ready/ve_generic_00643_80bb7224,VE,FAIL,-,-,-,-
ve_ready/ve_generic_00644_d50c7ce9,VE,FAIL,-,-,-,-
ve_ready/ve_generic_00645_f2dd940a,VE,OK,PASS,281764500,0.000282,14
ve_ready/ve_generic_00646_69d6a508,VE,OK,PASS,247158500,0.000247,14
ve_ready/ve_generic_00647_8605d261,VE,OK,PASS,239645500,0.000240,13
ve_ready/ve_generic_00648_792d065d,VE,OK,PASS,896759500,0.000897,18
ve_ready/ve_generic_00649_0ffbabd0,VE,OK,PASS,234615000,0.000235,13
ve_ready/ve_generic_00650_ac681b8f,VE,OK,PASS,322630500,0.000323,15
ve_ready/ve_generic_00651_0bac0488,VE,FAIL,-,-,-,-
ve_ready/ve_generic_00652_fb6a85a7,VE,OK,PASS,223416000,0.000223,13
ve_ready/ve_generic_00653_00b17ed3,VE,FAIL,-,-,-,-
ve_ready/ve_generic_00654_360b0277,VE,OK,PASS,474143000,0.000474,15
ve_ready/ve_generic_00655_a7ad3a6d,VE,OK,PASS,227220500,0.000227,13
ve_ready/ve_generic_00656_6883f136,VE,OK,PASS,229518500,0.000230,13
ve_ready/ve_generic_00657_40f849b0,VE,OK,PASS,231882000,0.000232,13
ve_ready/ve_generic_00658_a8591e45,VE,OK,PASS,382340000,0.000382,15
ve_ready/ve_generic_00659_858ebadc,VE,OK,PASS,224501500,0.000225,13
ve_ready/ve_generic_00660_dc841d4a,VE,OK,PASS,236040500,0.000236,14
ve_ready/ve_generic_00661_044a6564,VE,OK,PASS,228217000,0.000228,13
ve_ready/ve_generic_00662_80e8604f,VE,FAIL,-,-,-,-
ve_ready/ve_generic_00663_9028cb39,VE,OK,PASS,252060000,0.000252,13
ve_ready/ve_generic_00664_7b7b2e3b,VE,OK,PASS,467610000,0.000468,17
ve_ready/ve_generic_00665_b78a504b,VE,OK,PASS,227592000,0.000228,14
ve_ready/ve_generic_00666_8ed6b3e1,VE,OK,PASS,283765500,0.000284,13
ve_ready/ve_generic_00667_b43f1b24,VE,FAIL,-,-,-,-
ve_ready/ve_generic_00668_c18af8ff,VE,OK,PASS,219343000,0.000219,14
ve_ready/ve_generic_00669_9e196abc,VE,OK,PASS,249558000,0.000250,13
ve_ready/ve_generic_00670_42af4d18,VE,FAIL,-,-,-,-
ve_ready/ve_generic_00671_80189ad4,VE,OK,PASS,225446000,0.000225,14
ve_ready/ve_generic_00672_689292ee,VE,OK,PASS,236569500,0.000237,13
ve_ready/ve_generic_00673_a07ecd86,VE,OK,PASS,228414000,0.000228,13
ve_ready/ve_generic_00674_11d9c88b,VE,FAIL,-,-,-,-
ve_ready/ve_generic_00675_72531a42,VE,OK,PASS,265739500,0.000266,14
ve_ready/ve_generic_00676_2080ddcd,VE,FAIL,-,-,-,-
ve_ready/ve_generic_00677_b5d8db7e,VE,OK,PASS,453060000,0.000453,16
ve_ready/ve_generic_00678_a4dde065,VE,OK,PASS,239500500,0.000240,13
ve_ready/ve_generic_00679_300ddbca,VE,OK,PASS,222089500,0.000222,13
ve_ready/ve_generic_00680_368e50be,VE,OK,PASS,237405500,0.000237,14
ve_ready/ve_generic_00681_815c113a,VE,FAIL,-,-,-,-
ve_ready/ve_generic_00682_d68df2c4,VE,OK,PASS,237614500,0.000238,13
ve_ready/ve_generic_00683_d0d4a97b,VE,OK,PASS,231740000,0.000232,13
ve_ready/ve_generic_00684_d0538feb,VE,FAIL,-,-,-,-
ve_ready/ve_generic_00685_b46ae2bb,VE,OK,PASS,221452000,0.000221,13
ve_ready/ve_generic_00686_76519857,VE,OK,PASS,319871500,0.000320,14
ve_ready/ve_generic_00687_e6f3364e,VE,OK,PASS,263794500,0.000264,14
ve_ready/ve_generic_00688_b1d63369,VE,FAIL,-,-,-,-
ve_ready/ve_generic_00689_09cca45b,VE,OK,PASS,230292000,0.000230,14
ve_ready/ve_generic_00690_bb52c37b,VE,OK,PASS,1145650500,0.001146,18
ve_ready/ve_generic_00691_6866b639,VE,FAIL,-,-,-,-
ve_ready/ve_generic_00692_59231896,VE,FAIL,-,-,-,-
ve_ready/ve_generic_00693_f1ad6b78,VE,OK,PASS,238010500,0.000238,13
ve_ready/ve_generic_00694_fc620598,VE,OK,PASS,380049500,0.000380,16
ve_ready/ve_generic_00695_9f37415c,VE,OK,PASS,233342500,0.000233,13
ve_ready/ve_generic_00696_4ce502e0,VE,OK,PASS,233193500,0.000233,13
ve_ready/ve_generic_00697_6e85db9f,VE,OK,PASS,223426500,0.000223,13
ve_ready/ve_generic_00698_add25fbd,VE,OK,PASS,278783000,0.000279,14
ve_ready/ve_generic_00699_783daf2e,VE,OK,PASS,226376000,0.000226,13
ve_ready/ve_generic_00700_a9c1b7c6,VE,OK,PASS,340592500,0.000341,14
ve_ready/ve_generic_00701_e33bb425,VE,OK,PASS,227244000,0.000227,14
ve_ready/ve_generic_00702_d0bd42dc,VE,FAIL,-,-,-,-
ve_ready/ve_generic_00703_a0b5fb73,VE,OK,PASS,418170000,0.000418,15
ve_ready/ve_generic_00704_8dc4cb7f,VE,OK,PASS,222253000,0.000222,14
ve_ready/ve_generic_00705_a4e3544b,VE,OK,PASS,238438000,0.000238,13
ve_ready/ve_generic_00706_ea9dfcbd,VE,OK,PASS,292534000,0.000293,13
ve_ready/ve_generic_00707_e7fb1072,VE,OK,PASS,350710500,0.000351,14
ve_ready/ve_generic_00708_fea97d67,VE,FAIL,-,-,-,-
ve_ready/ve_generic_00709_53d3adc8,VE,OK,PASS,225041500,0.000225,14
ve_ready/ve_generic_00710_149f0e88,VE,OK,PASS,221388500,0.000221,13
ve_ready/ve_generic_00711_c6551012,VE,OK,PASS,316740000,0.000317,14
ve_ready/ve_generic_00712_a848df53,VE,OK,PASS,262067500,0.000262,14
ve_ready/ve_generic_00713_d7d727ce,VE,FAIL,-,-,-,-
ve_ready/ve_generic_00714_e753cb45,VE,OK,PASS,261448000,0.000261,14
ve_ready/ve_generic_00715_f6af94aa,VE,FAIL,-,-,-,-
ve_ready/ve_generic_00716_2e77ec34,VE,FAIL,-,-,-,-
ve_ready/ve_generic_00717_33101cb2,VE,OK,PASS,229594500,0.000230,13
ve_ready/ve_generic_00718_f370e94d,VE,OK,PASS,338946500,0.000339,15
ve_ready/ve_generic_00719_6a619554,VE,OK,PASS,238188000,0.000238,13
ve_ready/ve_generic_00720_ab24d340,VE,OK,PASS,231357000,0.000231,13
ve_ready/ve_generic_00721_77895dbc,VE,OK,PASS,253911500,0.000254,14
ve_ready/ve_generic_00722_7e89ca8b,VE,OK,PASS,397963000,0.000398,16
ve_ready/ve_generic_00723_2c88c722,VE,OK,PASS,398469500,0.000398,15
ve_ready/ve_generic_00724_20be4b43,VE,OK,PASS,221037000,0.000221,13
ve_ready/ve_generic_00725_13464428,VE,FAIL,-,-,-,-
ve_ready/ve_generic_00726_65af1217,VE,OK,PASS,217676500,0.000218,14
ve_ready/ve_generic_00727_cb38d6f6,VE,OK,PASS,299487000,0.000299,13
ve_ready/ve_generic_00728_1859270b,VE,OK,PASS,433346000,0.000433,14
ve_ready/ve_generic_00729_66caebac,VE,OK,PASS,346081500,0.000346,14
ve_ready/ve_generic_00730_20e51873,VE,OK,PASS,358811500,0.000359,15
ve_ready/ve_generic_00731_1b4bbbb6,VE,FAIL,-,-,-,-
ve_ready/ve_generic_00732_02b3f319,VE,OK,PASS,216952000,0.000217,14
ve_ready/ve_generic_00733_f53ef187,VE,OK,PASS,234127500,0.000234,14
ve_ready/ve_generic_00734_37ec4d97,VE,OK,PASS,941004000,0.000941,18
ve_ready/ve_generic_00735_3ebbca37,VE,FAIL,-,-,-,-
ve_ready/ve_generic_00736_3f35c559,VE,OK,PASS,236566500,0.000237,14
ve_ready/ve_generic_00737_e7bcf46e,VE,FAIL,-,-,-,-
ve_ready/ve_generic_00738_96cff01b,VE,OK,PASS,248412000,0.000248,13
ve_ready/ve_generic_00739_be892a79,VE,OK,PASS,222298500,0.000222,13
ve_ready/ve_generic_00740_4dd65ae0,VE,OK,PASS,225502500,0.000226,13
ve_ready/ve_generic_00741_52887a24,VE,OK,PASS,233477000,0.000233,14
ve_ready/ve_generic_00742_b1926b9f,VE,OK,PASS,237890000,0.000238,13
ve_ready/ve_generic_00743_b032853d,VE,OK,PASS,260346500,0.000260,14
ve_ready/ve_generic_00744_cd6cdc87,VE,OK,PASS,339662000,0.000340,15
ve_ready/ve_generic_00745_d9b03727,VE,OK,PASS,238359000,0.000238,14
ve_ready/ve_generic_00746_3c68753d,VE,FAIL,-,-,-,-
ve_ready/ve_generic_00747_45bfce61,VE,OK,PASS,231219500,0.000231,13
ve_ready/ve_generic_00748_551c288a,VE,OK,PASS,323913500,0.000324,14
ve_ready/ve_generic_00749_768dc38b,VE,OK,PASS,254106500,0.000254,13
ve_ready/ve_generic_00750_64a71043,VE,OK,PASS,224400500,0.000224,13
ve_ready/ve_generic_00751_5b5443d8,VE,OK,PASS,232523000,0.000233,13
ve_ready/ve_generic_00752_fc21bed0,VE,OK,PASS,226462500,0.000226,13
ve_ready/ve_generic_00753_45e99e23,VE,FAIL,-,-,-,-
ve_ready/ve_generic_00754_80486609,VE,FAIL,-,-,-,-
ve_ready/ve_generic_00755_e8ad0cad,VE,FAIL,-,-,-,-
ve_ready/ve_generic_00756_72222c87,VE,FAIL,-,-,-,-
ve_ready/ve_generic_00757_a3c55c8d,VE,OK,PASS,242673000,0.000243,13
ve_ready/ve_generic_00758_0cd4e946,VE,OK,PASS,250011500,0.000250,13
ve_ready/ve_generic_00759_38a24fa4,VE,OK,PASS,238776000,0.000239,13
ve_ready/ve_generic_00760_16b329b1,VE,OK,PASS,225800500,0.000226,13
ve_ready/ve_generic_00761_82df5dad,VE,OK,PASS,249690000,0.000250,13
ve_ready/ve_generic_00762_e1097641,VE,FAIL,-,-,-,-
ve_ready/ve_generic_00763_97380924,VE,OK,PASS,244316000,0.000244,14
ve_ready/ve_generic_00764_ca9ac426,VE,OK,PASS,250577000,0.000251,14
ve_ready/ve_generic_00765_49ded738,VE,FAIL,-,-,-,-
ve_ready/ve_generic_00766_1fd9b56f,VE,OK,PASS,1243134000,0.001243,20
ve_ready/ve_generic_00767_3e4f6c52,VE,OK,PASS,229459000,0.000229,14
ve_ready/ve_generic_00768_87011e5e,VE,FAIL,-,-,-,-
ve_ready/ve_generic_00769_cdde4e24,VE,OK,PASS,265445000,0.000265,13
ve_ready/ve_generic_00770_720fb169,VE,OK,PASS,320185000,0.000320,15
ve_ready/ve_generic_00771_6aa03198,VE,FAIL,-,-,-,-
ve_ready/ve_generic_00772_42c56f4e,VE,OK,PASS,220393000,0.000220,14
ve_ready/ve_generic_00773_b64a86f3,VE,OK,PASS,235024000,0.000235,13
ve_ready/ve_generic_00774_75b2fc5f,VE,OK,PASS,264874500,0.000265,13
ve_ready/ve_generic_00775_e8a87cd9,VE,FAIL,-,-,-,-
ve_ready/ve_generic_00776_601906b2,VE,OK,PASS,281685500,0.000282,14
ve_ready/ve_generic_00777_7b737a04,VE,OK,PASS,225838000,0.000226,14
ve_ready/ve_generic_00778_81f64380,VE,OK,PASS,235732000,0.000236,13
ve_ready/ve_generic_00779_e661e580,VE,OK,PASS,237483000,0.000237,13
ve_ready/ve_generic_00780_125eabc8,VE,OK,PASS,229034500,0.000229,14
ve_ready/ve_generic_00781_98550627,VE,OK,PASS,224191500,0.000224,13
ve_ready/ve_generic_00782_f159f8c2,VE,FAIL,-,-,-,-
ve_ready/ve_generic_00783_e944f692,VE,FAIL,-,-,-,-
ve_ready/ve_generic_00784_428c837c,VE,OK,PASS,239299500,0.000239,13
ve_ready/ve_generic_00785_54af15bf,VE,OK,PASS,1204677500,0.001205,19
ve_ready/ve_generic_00786_4bc7a929,VE,FAIL,-,-,-,-
ve_ready/ve_generic_00787_ac6e5271,VE,FAIL,-,-,-,-
ve_ready/ve_generic_00788_6711f13a,VE,FAIL,-,-,-,-
ve_ready/ve_generic_00789_5ef558aa,VE,OK,PASS,244692500,0.000245,14
ve_ready/ve_generic_00790_ee31ba45,VE,FAIL,-,-,-,-
ve_ready/ve_generic_00791_c6850a83,VE,OK,PASS,435963000,0.000436,16
ve_ready/ve_generic_00792_b1189a6c,VE,OK,PASS,247496500,0.000247,14
ve_ready/ve_generic_00793_3dca693e,VE,FAIL,-,-,-,-
ve_ready/ve_generic_00794_15ff5e5d,VE,OK,PASS,252612000,0.000253,14
ve_ready/ve_generic_00795_a58b4503,VE,FAIL,-,-,-,-
ve_ready/ve_generic_00796_e9962cbf,VE,OK,PASS,435876500,0.000436,18
ve_ready/ve_generic_00797_903bcd15,VE,FAIL,-,-,-,-
ve_ready/ve_generic_00798_40788177,VE,OK,PASS,226766500,0.000227,13
ve_ready/ve_generic_00799_bb9a70e9,VE,OK,PASS,227684000,0.000228,13
ve_ready/ve_generic_00800_1faa196e,VE,OK,PASS,298720500,0.000299,13
ve_ready/ve_generic_00801_0e8b1b92,VE,OK,PASS,232869000,0.000233,14
ve_ready/ve_generic_00802_aa3524ed,VE,FAIL,-,-,-,-
ve_ready/ve_generic_00803_ea6d891d,VE,OK,PASS,227684500,0.000228,14
ve_ready/ve_generic_00804_03a2c0b9,VE,FAIL,-,-,-,-
ve_ready/ve_generic_00805_f2e96d2f,VE,FAIL,-,-,-,-
ve_ready/ve_generic_00806_0debc163,VE,OK,PASS,267652000,0.000268,14
ve_ready/ve_generic_00807_8e8ec964,VE,OK,PASS,269540000,0.000270,14
ve_ready/ve_generic_00808_776cb4e5,VE,OK,PASS,237154000,0.000237,13
ve_ready/ve_generic_00809_a38fc177,VE,FAIL,-,-,-,-
ve_ready/ve_generic_00810_7157c363,VE,OK,PASS,245824000,0.000246,13
ve_ready/ve_generic_00811_8bddee2c,VE,OK,PASS,257031500,0.000257,13
ve_ready/ve_generic_00812_cf53570a,VE,OK,PASS,265956500,0.000266,14
ve_ready/ve_generic_00813_c0d2c89a,VE,OK,PASS,223510000,0.000224,13
ve_ready/ve_generic_00814_688157d7,VE,FAIL,-,-,-,-
ve_ready/ve_generic_00815_57b52ccd,VE,OK,PASS,343686000,0.000344,15
ve_ready/ve_generic_00816_10a35eb6,VE,OK,PASS,219469000,0.000219,14
ve_ready/ve_generic_00817_74c9c6cd,VE,FAIL,-,-,-,-
ve_ready/ve_generic_00818_8a43012b,VE,FAIL,-,-,-,-
ve_ready/ve_generic_00819_7722f1cc,VE,OK,PASS,324597000,0.000325,14
ve_ready/ve_generic_00820_e4181b4f,VE,OK,PASS,222852000,0.000223,13
ve_ready/ve_generic_00821_ac6071a8,VE,OK,PASS,242204500,0.000242,13
ve_ready/ve_generic_00822_86e2e24b,VE,FAIL,-,-,-,-
ve_ready/ve_generic_00823_db43ba46,VE,OK,PASS,272622500,0.000273,14
ve_ready/ve_generic_00824_80bef692,VE,OK,PASS,323219500,0.000323,15
ve_ready/ve_generic_00825_5c5a7f7a,VE,OK,PASS,363921500,0.000364,14
ve_ready/ve_generic_00826_55ad8cac,VE,FAIL,-,-,-,-
ve_ready/ve_generic_00827_b722b933,VE,OK,PASS,228058500,0.000228,14
ve_ready/ve_generic_00828_b6fb165e,VE,OK,PASS,229091500,0.000229,14
ve_ready/ve_generic_00829_09a06a4a,VE,OK,PASS,231474000,0.000231,13
ve_ready/ve_generic_00830_edb8fe23,VE,FAIL,-,-,-,-
ve_ready/ve_generic_00831_b3ee118b,VE,OK,PASS,242150000,0.000242,13
ve_ready/ve_generic_00832_2893dda6,VE,FAIL,-,-,-,-
ve_ready/ve_generic_00833_85451bd6,VE,OK,PASS,332361500,0.000332,14
ve_ready/ve_generic_00834_7916549e,VE,OK,PASS,255019500,0.000255,13
ve_ready/ve_generic_00835_0fd21a10,VE,OK,PASS,1261249500,0.001261,20
ve_ready/ve_generic_00836_f1be1b28,VE,OK,PASS,276474000,0.000276,13
ve_ready/ve_generic_00837_5f6467b1,VE,OK,PASS,235850000,0.000236,13
ve_ready/ve_generic_00838_45da5ebe,VE,OK,PASS,264270500,0.000264,15
ve_ready/ve_generic_00839_394906a0,VE,FAIL,-,-,-,-
ve_ready/ve_generic_00840_2f686655,VE,FAIL,-,-,-,-
ve_ready/ve_generic_00841_cfb7e259,VE,FAIL,-,-,-,-
ve_ready/ve_generic_00842_88d661ea,VE,FAIL,-,-,-,-
ve_ready/ve_generic_00843_7f6a5f3e,VE,OK,PASS,226221000,0.000226,14
ve_ready/ve_generic_00844_699aa438,VE,OK,PASS,234003000,0.000234,13
ve_ready/ve_generic_00845_45ea0fd8,VE,OK,PASS,226367500,0.000226,13
ve_ready/ve_generic_00846_4ee69169,VE,OK,PASS,360177500,0.000360,15
ve_ready/ve_generic_00847_32bf0913,VE,OK,PASS,359253500,0.000359,15
ve_ready/ve_generic_00848_9c6d8ebf,VE,OK,PASS,300537500,0.000301,14
ve_ready/ve_generic_00849_418cb617,VE,FAIL,-,-,-,-
ve_ready/ve_generic_00850_49d6e5dd,VE,OK,PASS,219790000,0.000220,13
ve_ready/ve_generic_00851_72445cf5,VE,OK,PASS,307891000,0.000308,15
ve_ready/ve_generic_00852_3b90b742,VE,OK,PASS,250684500,0.000251,13
ve_ready/ve_generic_00853_07d8945e,VE,FAIL,-,-,-,-
ve_ready/ve_generic_00854_800547eb,VE,OK,PASS,332556000,0.000333,15
ve_ready/ve_generic_00855_f6c60924,VE,OK,PASS,232269000,0.000232,13
ve_ready/ve_generic_00856_4430f0b0,VE,FAIL,-,-,-,-
ve_ready/ve_generic_00857_0948c94b,VE,OK,PASS,406785000,0.000407,15
ve_ready/ve_generic_00858_2a51cdb6,VE,OK,PASS,223028000,0.000223,14
ve_ready/ve_generic_00859_4d752e98,VE,FAIL,-,-,-,-
ve_ready/ve_generic_00860_188854d4,VE,OK,PASS,220768000,0.000221,13
ve_ready/ve_generic_00861_128e4770,VE,OK,PASS,652026000,0.000652,17
ve_ready/ve_generic_00862_72ed6f38,VE,OK,PASS,381892000,0.000382,15
ve_ready/ve_generic_00863_37f89cc7,VE,OK,PASS,224668000,0.000225,13
ve_ready/ve_generic_00864_6fa1b451,VE,FAIL,-,-,-,-
ve_ready/ve_generic_00865_3e5b22d6,VE,FAIL,-,-,-,-
ve_ready/ve_generic_00866_fe7a3e9d,VE,OK,PASS,323764500,0.000324,14
ve_ready/ve_generic_00867_6dddac53,VE,OK,PASS,429193000,0.000429,17
ve_ready/ve_generic_00868_2218520a,VE,OK,PASS,251317000,0.000251,13
ve_ready/ve_generic_00869_0cffdec1,VE,OK,PASS,225967500,0.000226,13
ve_ready/ve_generic_00870_d9d883d5,VE,OK,PASS,256444500,0.000256,13
ve_ready/ve_generic_00871_0d5bb973,VE,OK,PASS,256592500,0.000257,13
ve_ready/ve_generic_00872_ae92b40a,VE,OK,PASS,314144000,0.000314,14
ve_ready/ve_generic_00873_956a9d73,VE,OK,PASS,300512500,0.000301,14
ve_ready/ve_generic_00874_9189fd16,VE,OK,PASS,229006000,0.000229,14
ve_ready/ve_generic_00875_28e8d3c5,VE,OK,PASS,265335500,0.000265,13
ve_ready/ve_generic_00876_07fe404d,VE,OK,PASS,296472000,0.000296,14
ve_ready/ve_generic_00877_eb2ab976,VE,OK,PASS,265442500,0.000265,13
ve_ready/ve_generic_00878_a8850a1c,VE,FAIL,-,-,-,-
ve_ready/ve_generic_00879_387e3895,VE,FAIL,-,-,-,-
ve_ready/ve_generic_00880_af971cc2,VE,FAIL,-,-,-,-
ve_ready/ve_generic_00881_6f1fdae7,VE,FAIL,-,-,-,-
ve_ready/ve_generic_00882_86609b20,VE,OK,PASS,645009000,0.000645,15
ve_ready/ve_generic_00883_c7343631,VE,OK,PASS,248207500,0.000248,13
ve_ready/ve_generic_00884_a195b0fe,VE,OK,PASS,230676500,0.000231,13
ve_ready/ve_generic_00885_45a69a20,VE,FAIL,-,-,-,-
ve_ready/ve_generic_00886_5eddaea0,VE,OK,PASS,265315500,0.000265,13
ve_ready/ve_generic_00887_8a2669b2,VE,OK,PASS,597807500,0.000598,16
ve_ready/ve_generic_00888_158d74c2,VE,FAIL,-,-,-,-
ve_ready/ve_generic_00889_e10c026a,VE,OK,PASS,241755000,0.000242,13
ve_ready/ve_generic_00890_f9ffa9fc,VE,OK,PASS,1005967000,0.001006,18
ve_ready/ve_generic_00891_93834551,VE,FAIL,-,-,-,-
ve_ready/ve_generic_00892_1ef1c768,VE,FAIL,-,-,-,-
ve_ready/ve_generic_00893_ab4956ec,VE,OK,PASS,239673500,0.000240,13
ve_ready/ve_generic_00894_05dbe385,VE,OK,PASS,1389250000,0.001389,19
ve_ready/ve_generic_00895_a56faa80,VE,OK,PASS,224316000,0.000224,13
ve_ready/ve_generic_00896_faa613ac,VE,FAIL,-,-,-,-
ve_ready/ve_generic_00897_12dbb54c,VE,OK,PASS,245210000,0.000245,13
ve_ready/ve_generic_00898_cc41f474,VE,OK,PASS,241823000,0.000242,13
ve_ready/ve_generic_00899_dba65007,VE,OK,PASS,232649500,0.000233,13
ve_ready/ve_matmul_00000_317f6d2a,VE,OK,TIMEOUT,-,-,1800
ve_ready/ve_matmul_00001_6e606da8,VE,OK,TIMEOUT,-,-,1801
ve_ready/ve_matmul_00002_9e92d98f,VE,FAIL,-,-,-,-
ve_ready/ve_matmul_00003_fde1360c,VE,OK,PANIC,-,-,335
ve_ready/ve_matmul_00004_dcdfb717,VE,FAIL,-,-,-,-
ve_ready/ve_matmul_00005_b0e13121,VE,OK,PASS,76747846000,0.076748,992
ve_ready/ve_matmul_00006_e9b965e9,VE,FAIL,-,-,-,-
ve_ready/ve_matmul_00007_8e6478c6,VE,FAIL,-,-,-,-
ve_ready/ve_matmul_00008_22b1f23f,VE,FAIL,-,-,-,-
ve_ready/ve_matmul_00009_9f4fee99,VE,FAIL,-,-,-,-
ve_ready/ve_matmul_00010_22bf2a40,VE,OK,PASS,5072368500,0.005072,81
ve_ready/ve_matmul_00011_9e2e5bbc,VE,FAIL,-,-,-,-
ve_ready/ve_matmul_00012_51e5debd,VE,OK,PANIC,-,-,248
ve_ready/ve_matmul_00013_d3d9d0fa,VE,FAIL,-,-,-,-
ve_ready/ve_matmul_00014_6d1773ce,VE,FAIL,-,-,-,-
ve_ready/ve_matmul_00015_694c5907,VE,FAIL,-,-,-,-
ve_ready/ve_matmul_00016_b93ae3aa,VE,FAIL,-,-,-,-
ve_ready/ve_matmul_00017_0801578f,VE,OK,TIMEOUT,-,-,1800
ve_ready/ve_matmul_00018_634f6842,VE,OK,TIMEOUT,-,-,1800
ve_ready/ve_matmul_00019_f7a712f9,VE,FAIL,-,-,-,-
ve_ready/ve_matmul_00020_8d9d1c05,VE,OK,TIMEOUT,-,-,1800
ve_ready/ve_matmul_00021_e8e25c92,VE,FAIL,-,-,-,-
ve_ready/ve_matmul_00022_ccfd046d,VE,FAIL,-,-,-,-
ve_ready/ve_matmul_00023_b7e5104a,VE,OK,PASS,24616465000,0.024616,385
ve_ready/ve_matmul_00024_83004ebb,VE,FAIL,-,-,-,-
ve_ready/ve_matmul_00025_3b6f8549,VE,FAIL,-,-,-,-
ve_ready/ve_matmul_00026_34948020,VE,FAIL,-,-,-,-
ve_ready/ve_matmul_00027_80272211,VE,FAIL,-,-,-,-
ve_ready/ve_matmul_00028_7c7a4229,VE,OK,TIMEOUT,-,-,1800
ve_ready/ve_matmul_00029_eae6db0c,VE,FAIL,-,-,-,-
ve_ready/ve_matmul_00030_0ba3890c,VE,FAIL,-,-,-,-
ve_ready/ve_matmul_00031_2840171f,VE,FAIL,-,-,-,-
ve_ready/ve_matmul_00032_cd106782,VE,FAIL,-,-,-,-
ve_ready/ve_matmul_00033_8f6c12cb,VE,FAIL,-,-,-,-
ve_ready/ve_matmul_00034_ffe13d22,VE,FAIL,-,-,-,-
ve_ready/ve_matmul_00035_c2de016b,VE,FAIL,-,-,-,-
ve_ready/ve_matmul_00036_a54a37d9,VE,OK,PASS,6524781000,0.006525,109
ve_ready/ve_matmul_00037_94fd0645,VE,OK,TIMEOUT,-,-,1800
ve_ready/ve_matmul_00038_8830bd65,VE,OK,TIMEOUT,-,-,1800
ve_ready/ve_matmul_00039_9ff1c3b6,VE,FAIL,-,-,-,-
ve_ready/ve_matmul_00040_8ea9374a,VE,OK,PANIC,-,-,303
ve_ready/ve_matmul_00041_7c37b4a1,VE,FAIL,-,-,-,-
ve_ready/ve_matmul_00042_a1299a88,VE,FAIL,-,-,-,-
ve_ready/ve_matmul_00043_efef4ffc,VE,FAIL,-,-,-,-
ve_ready/ve_matmul_00044_bbd53831,VE,FAIL,-,-,-,-
ve_ready/ve_matmul_00045_bcbc1411,VE,FAIL,-,-,-,-
ve_ready/ve_matmul_00046_d566580c,VE,OK,PANIC,-,-,304
ve_ready/ve_matmul_00047_dd16e10c,VE,FAIL,-,-,-,-
ve_ready/ve_matmul_00048_7a6d0371,VE,FAIL,-,-,-,-
ve_ready/ve_matmul_00049_b207e2c7,VE,FAIL,-,-,-,-
ve_ready/ve_matmul_00050_b6c023b9,VE,FAIL,-,-,-,-
ve_ready/ve_matmul_00051_013ea734,VE,FAIL,-,-,-,-
ve_ready/ve_matmul_00052_a2d69ee6,VE,OK,PANIC,-,-,357
ve_ready/ve_matmul_00053_573d1e1e,VE,FAIL,-,-,-,-
ve_ready/ve_matmul_00054_1dd66660,VE,OK,TIMEOUT,-,-,1800
ve_ready/ve_matmul_00055_6efe7395,VE,FAIL,-,-,-,-
ve_ready/ve_matmul_00056_3c0a18f7,VE,OK,TIMEOUT,-,-,1800
ve_ready/ve_matmul_00057_c026541f,VE,OK,PASS,88732440000,0.088732,1218
ve_ready/ve_matmul_00058_993e8714,VE,FAIL,-,-,-,-
ve_ready/ve_matmul_00059_d1748844,VE,FAIL,-,-,-,-
ve_ready/ve_matmul_00060_971615cc,VE,FAIL,-,-,-,-
ve_ready/ve_matmul_00061_5305dffe,VE,FAIL,-,-,-,-
ve_ready/ve_matmul_00062_8cc55189,VE,FAIL,-,-,-,-
ve_ready/ve_matmul_00063_5da61303,VE,FAIL,-,-,-,-
ve_ready/ve_matmul_00064_9e911299,VE,FAIL,-,-,-,-
ve_ready/ve_matmul_00065_8b820e52,VE,OK,PASS,58980411000,0.058980,834
ve_ready/ve_matmul_00066_385b73c7,VE,FAIL,-,-,-,-
ve_ready/ve_matmul_00067_72575f07,VE,FAIL,-,-,-,-
ve_ready/ve_matmul_00068_fb39d04a,VE,OK,TIMEOUT,-,-,1800
ve_ready/ve_matmul_00069_bea148e9,VE,FAIL,-,-,-,-
ve_ready/ve_matmul_00070_9ff7c1cd,VE,FAIL,-,-,-,-
ve_ready/ve_matmul_00071_0464fc53,VE,FAIL,-,-,-,-
ve_ready/ve_matmul_00072_8cd45d3c,VE,FAIL,-,-,-,-
ve_ready/ve_matmul_00073_aaddd3f8,VE,OK,PASS,98082588500,0.098083,1479
ve_ready/ve_matmul_00074_8939896e,VE,FAIL,-,-,-,-
ve_ready/ve_matmul_00075_588e48a9,VE,OK,PASS,22585807500,0.022586,338
ve_ready/ve_matmul_00076_c09bafb3,VE,FAIL,-,-,-,-
ve_ready/ve_matmul_00077_308f0e53,VE,FAIL,-,-,-,-
ve_ready/ve_matmul_00078_c6e9db87,VE,OK,TIMEOUT,-,-,1800
ve_ready/ve_matmul_00079_5b3de8f2,VE,FAIL,-,-,-,-
ve_ready/ve_matmul_00080_51fd997d,VE,FAIL,-,-,-,-
ve_ready/ve_matmul_00081_a01b9185,VE,FAIL,-,-,-,-
ve_ready/ve_matmul_00082_1f4455d1,VE,OK,TIMEOUT,-,-,1800
ve_ready/ve_matmul_00083_2c434527,VE,FAIL,-,-,-,-
ve_ready/ve_matmul_00084_6f689b18,VE,FAIL,-,-,-,-
ve_ready/ve_matmul_00085_39ff1fdb,VE,FAIL,-,-,-,-
ve_ready/ve_matmul_00086_3f7dc91a,VE,FAIL,-,-,-,-
ve_ready/ve_matmul_00087_4e56b765,VE,FAIL,-,-,-,-
ve_ready/ve_matmul_00088_5753be1d,VE,OK,PASS,6559944500,0.006560,107
ve_ready/ve_matmul_00089_e5ff9a93,VE,FAIL,-,-,-,-
ve_ready/ve_matmul_00090_19bf68ec,VE,OK,PASS,50661207500,0.050661,771
ve_ready/ve_matmul_00091_9bacf831,VE,OK,TIMEOUT,-,-,1800
ve_ready/ve_matmul_00092_09ffa18c,VE,FAIL,-,-,-,-
ve_ready/ve_matmul_00093_1c7d0e58,VE,FAIL,-,-,-,-
ve_ready/ve_matmul_00094_76f1ac10,VE,FAIL,-,-,-,-
ve_ready/ve_matmul_00095_d34bfb02,VE,FAIL,-,-,-,-
ve_ready/ve_matmul_00096_171bca61,VE,FAIL,-,-,-,-
ve_ready/ve_matmul_00097_f330d909,VE,OK,TIMEOUT,-,-,1800
ve_ready/ve_matmul_00098_35a7f0d6,VE,FAIL,-,-,-,-
ve_ready/ve_matmul_00099_f5f066fa,VE,FAIL,-,-,-,-
ve_ready/ve_matmul_00100_6d405dc9,VE,FAIL,-,-,-,-
ve_ready/ve_matmul_00101_8727c573,VE,FAIL,-,-,-,-
ve_ready/ve_matmul_00102_bb0a670e,VE,FAIL,-,-,-,-
ve_ready/ve_matmul_00103_e2b7b9e1,VE,FAIL,-,-,-,-
ve_ready/ve_matmul_00104_5babeee9,VE,FAIL,-,-,-,-
ve_ready/ve_matmul_00105_841fd14e,VE,FAIL,-,-,-,-
ve_ready/ve_matmul_00106_86ff4199,VE,FAIL,-,-,-,-
ve_ready/ve_matmul_00107_c4888f87,VE,OK,TIMEOUT,-,-,1801
ve_ready/ve_matmul_00108_12e9db83,VE,FAIL,-,-,-,-
ve_ready/ve_matmul_00109_70e540a4,VE,OK,TIMEOUT,-,-,1800
ve_ready/ve_matmul_00110_acf7e921,VE,FAIL,-,-,-,-
ve_ready/ve_matmul_00111_257e06cd,VE,FAIL,-,-,-,-
ve_ready/ve_matmul_00112_5543d507,VE,FAIL,-,-,-,-
ve_ready/ve_matmul_00113_4b1a6654,VE,FAIL,-,-,-,-
ve_ready/ve_matmul_00114_0afe041d,VE,FAIL,-,-,-,-
ve_ready/ve_matmul_00115_0b7be3b6,VE,FAIL,-,-,-,-
ve_ready/ve_matmul_00116_7281fb17,VE,FAIL,-,-,-,-
ve_ready/ve_matmul_00117_86321d9c,VE,FAIL,-,-,-,-
ve_ready/ve_matmul_00118_b26572a0,VE,FAIL,-,-,-,-
ve_ready/ve_matmul_00119_006896e3,VE,FAIL,-,-,-,-
ve_ready/ve_matmul_00120_7cccfe1f,VE,OK,TIMEOUT,-,-,1800
ve_ready/ve_matmul_00121_49876e0e,VE,FAIL,-,-,-,-
ve_ready/ve_matmul_00122_200e475b,VE,FAIL,-,-,-,-
ve_ready/ve_matmul_00123_b2bff10a,VE,FAIL,-,-,-,-
ve_ready/ve_matmul_00124_5c2fa82e,VE,FAIL,-,-,-,-
ve_ready/ve_matmul_00125_44921ff8,VE,FAIL,-,-,-,-
ve_ready/ve_matmul_00126_dcb05552,VE,FAIL,-,-,-,-
ve_ready/ve_matmul_00127_103e72c6,VE,FAIL,-,-,-,-
ve_ready/ve_matmul_00128_96f02fb3,VE,OK,TIMEOUT,-,-,1800
ve_ready/ve_matmul_00129_6c7d91c8,VE,FAIL,-,-,-,-
ve_ready/ve_matmul_00130_01f20f73,VE,FAIL,-,-,-,-
ve_ready/ve_matmul_00131_49779698,VE,FAIL,-,-,-,-
ve_ready/ve_matmul_00132_c133e1d1,VE,FAIL,-,-,-,-
ve_ready/ve_matmul_00133_e2e3e5ea,VE,FAIL,-,-,-,-
ve_ready/ve_matmul_00134_5e7d38e4,VE,FAIL,-,-,-,-
ve_ready/ve_matmul_00135_19d63053,VE,FAIL,-,-,-,-
ve_ready/ve_matmul_00136_f481e592,VE,FAIL,-,-,-,-
ve_ready/ve_matmul_00137_ae1b686a,VE,FAIL,-,-,-,-
ve_ready/ve_matmul_00138_1d70f755,VE,FAIL,-,-,-,-
ve_ready/ve_matmul_00139_4d800ae3,VE,FAIL,-,-,-,-
ve_ready/ve_matmul_00140_f19ad275,VE,FAIL,-,-,-,-
ve_ready/ve_matmul_00141_cf4cd51b,VE,FAIL,-,-,-,-
ve_ready/ve_matmul_00142_e1dc707b,VE,FAIL,-,-,-,-
ve_ready/ve_matmul_00143_1cf47e23,VE,OK,PASS,61734851000,0.061735,924
ve_ready/ve_matmul_00144_1fa50bfd,VE,OK,RUN-FAIL,-,-,1042
ve_ready/ve_matmul_00145_3deb444c,VE,FAIL,-,-,-,-
ve_ready/ve_matmul_00146_db011709,VE,FAIL,-,-,-,-
ve_ready/ve_matmul_00147_78262aa9,VE,FAIL,-,-,-,-
ve_ready/ve_matmul_00148_d30ca56c,VE,FAIL,-,-,-,-
ve_ready/ve_matmul_00149_e9c2ed4d,VE,FAIL,-,-,-,-
ve_ready/ve_matmul_00150_5c8c402e,VE,OK,PASS,76411037000,0.076411,1119
ve_ready/ve_matmul_00151_b6b90901,VE,FAIL,-,-,-,-
ve_ready/ve_matmul_00152_b8201544,VE,FAIL,-,-,-,-
ve_ready/ve_matmul_00153_31ab4b6b,VE,FAIL,-,-,-,-
ve_ready/ve_matmul_00154_e279e439,VE,FAIL,-,-,-,-
ve_ready/ve_matmul_00155_c666e809,VE,FAIL,-,-,-,-
ve_ready/ve_matmul_00156_c57d46d3,VE,OK,PASS,41440213000,0.041440,683
ve_ready/ve_matmul_00157_270fce4a,VE,FAIL,-,-,-,-
ve_ready/ve_matmul_00158_af393d8a,VE,FAIL,-,-,-,-
ve_ready/ve_matmul_00159_3ae854bc,VE,FAIL,-,-,-,-
ve_ready/ve_matmul_00160_87d9fe5f,VE,OK,TIMEOUT,-,-,1800
ve_ready/ve_matmul_00161_9cff486b,VE,FAIL,-,-,-,-
ve_ready/ve_matmul_00162_8f913172,VE,OK,TIMEOUT,-,-,1800
ve_ready/ve_matmul_00163_42c99b4d,VE,FAIL,-,-,-,-
ve_ready/ve_matmul_00164_0c74bc66,VE,OK,TIMEOUT,-,-,1800
ve_ready/ve_matmul_00165_e99af727,VE,FAIL,-,-,-,-
ve_ready/ve_matmul_00166_40b5befa,VE,FAIL,-,-,-,-
ve_ready/ve_matmul_00167_abd8bdc4,VE,OK,PASS,24593536000,0.024594,380
ve_ready/ve_matmul_00168_3283bc03,VE,FAIL,-,-,-,-
ve_ready/ve_matmul_00169_71fa6b32,VE,OK,TIMEOUT,-,-,1800
ve_ready/ve_matmul_00170_4cfb9fa2,VE,FAIL,-,-,-,-
ve_ready/ve_matmul_00171_f8e56063,VE,FAIL,-,-,-,-
ve_ready/ve_matmul_00172_7baa93c1,VE,FAIL,-,-,-,-
ve_ready/ve_matmul_00173_54d92b83,VE,FAIL,-,-,-,-
ve_ready/ve_matmul_00174_11770185,VE,FAIL,-,-,-,-
ve_ready/ve_matmul_00175_d46a8488,VE,FAIL,-,-,-,-
ve_ready/ve_matmul_00176_4081f3f4,VE,OK,TIMEOUT,-,-,1800
ve_ready/ve_matmul_00177_fbd5a802,VE,FAIL,-,-,-,-
ve_ready/ve_matmul_00178_588db214,VE,FAIL,-,-,-,-
ve_ready/ve_matmul_00179_0c946d17,VE,FAIL,-,-,-,-
ve_ready/ve_matmul_00180_da6df08a,VE,FAIL,-,-,-,-
ve_ready/ve_matmul_00181_7ddb1f11,VE,FAIL,-,-,-,-
ve_ready/ve_matmul_00182_1049ff00,VE,OK,TIMEOUT,-,-,1800
ve_ready/ve_matmul_00183_de808017,VE,FAIL,-,-,-,-
ve_ready/ve_matmul_00184_1f8928de,VE,FAIL,-,-,-,-
ve_ready/ve_matmul_00185_e4fe0e0e,VE,FAIL,-,-,-,-
ve_ready/ve_matmul_00186_9dbd9b48,VE,FAIL,-,-,-,-
ve_ready/ve_matmul_00187_3f0052dc,VE,FAIL,-,-,-,-
ve_ready/ve_matmul_00188_de08dc6a,VE,FAIL,-,-,-,-
ve_ready/ve_matmul_00189_72146f34,VE,FAIL,-,-,-,-
ve_ready/ve_matmul_00190_68ed4912,VE,FAIL,-,-,-,-
ve_ready/ve_matmul_00191_e8029444,VE,OK,TIMEOUT,-,-,1800
ve_ready/ve_matmul_00192_e1bcab07,VE,OK,RUN-FAIL,-,-,1182
ve_ready/ve_matmul_00193_2355f28b,VE,OK,TIMEOUT,-,-,1800
ve_ready/ve_matmul_00194_5e497c0d,VE,FAIL,-,-,-,-
ve_ready/ve_matmul_00195_c93412d7,VE,FAIL,-,-,-,-
ve_ready/ve_matmul_00196_8fccc68c,VE,OK,PASS,6629793500,0.006630,95
ve_ready/ve_matmul_00197_984c694a,VE,FAIL,-,-,-,-
ve_ready/ve_matmul_00198_5970166d,VE,OK,TIMEOUT,-,-,1800
ve_ready/ve_matmul_00199_c331643e,VE,OK,TIMEOUT,-,-,1800
ve_ready/ve_matmul_00200_f931de20,VE,OK,TIMEOUT,-,-,1800
ve_ready/ve_matmul_00201_d910dc11,VE,FAIL,-,-,-,-
ve_ready/ve_matmul_00202_64004595,VE,OK,TIMEOUT,-,-,1801
ve_ready/ve_matmul_00203_e608c745,VE,OK,TIMEOUT,-,-,1800
ve_ready/ve_matmul_00204_38d9c6d8,VE,FAIL,-,-,-,-
ve_ready/ve_matmul_00205_afc16f14,VE,OK,TIMEOUT,-,-,1800
ve_ready/ve_matmul_00206_a834deee,VE,FAIL,-,-,-,-
ve_ready/ve_matmul_00207_e2e737ca,VE,FAIL,-,-,-,-
ve_ready/ve_matmul_00208_a181028c,VE,FAIL,-,-,-,-
ve_ready/ve_matmul_00209_0b08191d,VE,FAIL,-,-,-,-
ve_ready/ve_matmul_00210_6666d770,VE,OK,TIMEOUT,-,-,1800
ve_ready/ve_matmul_00211_62dfc38e,VE,FAIL,-,-,-,-
ve_ready/ve_matmul_00212_b2ea71ee,VE,FAIL,-,-,-,-
ve_ready/ve_matmul_00213_525b85bf,VE,OK,TIMEOUT,-,-,1800
ve_ready/ve_matmul_00214_beeda5f5,VE,FAIL,-,-,-,-
ve_ready/ve_matmul_00215_96d727d3,VE,OK,PASS,65960629000,0.065961,1096
ve_ready/ve_matmul_00216_35f9314b,VE,OK,PASS,32815427500,0.032815,493
ve_ready/ve_matmul_00217_8a51d2b2,VE,FAIL,-,-,-,-
ve_ready/ve_matmul_00218_38e80112,VE,FAIL,-,-,-,-
ve_ready/ve_matmul_00219_73b04ec4,VE,FAIL,-,-,-,-
ve_ready/ve_matmul_00220_a92c5434,VE,FAIL,-,-,-,-
ve_ready/ve_matmul_00221_cdbb1fc6,VE,OK,TIMEOUT,-,-,1800
ve_ready/ve_matmul_00222_f07cdc5a,VE,OK,TIMEOUT,-,-,1800
ve_ready/ve_matmul_00223_5b062b2e,VE,FAIL,-,-,-,-
ve_ready/ve_matmul_00224_81d6c4d3,VE,FAIL,-,-,-,-
ve_ready/ve_matmul_00225_5645fb8b,VE,FAIL,-,-,-,-
ve_ready/ve_matmul_00226_7be2586f,VE,FAIL,-,-,-,-
ve_ready/ve_matmul_00227_04cbd69b,VE,FAIL,-,-,-,-
ve_ready/ve_matmul_00228_4a9d912d,VE,FAIL,-,-,-,-
ve_ready/ve_matmul_00229_e9261122,VE,FAIL,-,-,-,-
ve_ready/ve_matmul_00230_ee0c7666,VE,FAIL,-,-,-,-
ve_ready/ve_matmul_00231_aac17e52,VE,FAIL,-,-,-,-
ve_ready/ve_matmul_00232_be493460,VE,OK,TIMEOUT,-,-,1800
ve_ready/ve_matmul_00233_a2f9e729,VE,FAIL,-,-,-,-
ve_ready/ve_matmul_00234_2081006e,VE,FAIL,-,-,-,-
ve_ready/ve_matmul_00235_937a0e0b,VE,FAIL,-,-,-,-
ve_ready/ve_matmul_00236_b89bb079,VE,FAIL,-,-,-,-
ve_ready/ve_matmul_00237_36e75e0e,VE,FAIL,-,-,-,-
ve_ready/ve_matmul_00238_f53fb7c6,VE,FAIL,-,-,-,-
ve_ready/ve_matmul_00239_2fb9a422,VE,FAIL,-,-,-,-
ve_ready/ve_matmul_00240_3eebfcfd,VE,FAIL,-,-,-,-
ve_ready/ve_matmul_00241_0c6d7b68,VE,FAIL,-,-,-,-
ve_ready/ve_matmul_00242_b9e0592c,VE,FAIL,-,-,-,-
ve_ready/ve_matmul_00243_0c3e2ce3,VE,OK,TIMEOUT,-,-,1800
ve_ready/ve_matmul_00244_fc6dd9cc,VE,FAIL,-,-,-,-
ve_ready/ve_matmul_00245_85183248,VE,FAIL,-,-,-,-
ve_ready/ve_matmul_00246_78350099,VE,OK,TIMEOUT,-,-,1800
ve_ready/ve_matmul_00247_2d36fafc,VE,FAIL,-,-,-,-
ve_ready/ve_matmul_00248_3838f3ae,VE,FAIL,-,-,-,-
ve_ready/ve_matmul_00249_68b05a93,VE,FAIL,-,-,-,-
ve_ready/ve_matmul_00250_f6889ccd,VE,FAIL,-,-,-,-
ve_ready/ve_matmul_00251_aa572d88,VE,OK,PASS,47927985500,0.047928,638
ve_ready/ve_matmul_00252_51bef259,VE,FAIL,-,-,-,-
ve_ready/ve_matmul_00253_9b275fe1,VE,FAIL,-,-,-,-
ve_ready/ve_matmul_00254_0ddda9cf,VE,FAIL,-,-,-,-
ve_ready/ve_matmul_00255_8f5f0ba0,VE,FAIL,-,-,-,-
ve_ready/ve_matmul_00256_140f4a1e,VE,FAIL,-,-,-,-
ve_ready/ve_matmul_00257_0432fbe7,VE,OK,PANIC,-,-,297
ve_ready/ve_matmul_00258_fe1e81a6,VE,OK,PASS,73537773500,0.073538,1158
ve_ready/ve_matmul_00259_cdcb620d,VE,FAIL,-,-,-,-
ve_ready/ve_matmul_00260_7c2b9a02,VE,FAIL,-,-,-,-
ve_ready/ve_matmul_00261_06023bbe,VE,FAIL,-,-,-,-
ve_ready/ve_matmul_00262_e411cd3c,VE,OK,TIMEOUT,-,-,1800
ve_ready/ve_matmul_00263_e45be801,VE,FAIL,-,-,-,-
ve_ready/ve_matmul_00264_b6c50739,VE,FAIL,-,-,-,-
ve_ready/ve_matmul_00265_9ba90f42,VE,FAIL,-,-,-,-
ve_ready/ve_matmul_00266_b708d1ee,VE,FAIL,-,-,-,-
ve_ready/ve_matmul_00267_f64eaf05,VE,FAIL,-,-,-,-
ve_ready/ve_matmul_00268_4db54c1e,VE,FAIL,-,-,-,-
ve_ready/ve_matmul_00269_87fd2531,VE,OK,RUN-FAIL,-,-,1272
ve_ready/ve_matmul_00270_cf371658,VE,OK,PANIC,-,-,608
ve_ready/ve_matmul_00271_00d27edf,VE,FAIL,-,-,-,-
ve_ready/ve_matmul_00272_96924298,VE,FAIL,-,-,-,-
ve_ready/ve_matmul_00273_4abae349,VE,OK,PASS,17236127000,0.017236,269
ve_ready/ve_matmul_00274_51edfd24,VE,FAIL,-,-,-,-
ve_ready/ve_matmul_00275_7704a555,VE,FAIL,-,-,-,-
ve_ready/ve_matmul_00276_384d1cfb,VE,FAIL,-,-,-,-
ve_ready/ve_matmul_00277_c525fd57,VE,FAIL,-,-,-,-
ve_ready/ve_matmul_00278_dd8a3f36,VE,OK,TIMEOUT,-,-,1800
ve_ready/ve_matmul_00279_4e96461c,VE,OK,TIMEOUT,-,-,1800
ve_ready/ve_matmul_00280_3aed5351,VE,FAIL,-,-,-,-
ve_ready/ve_matmul_00281_fcfd73bb,VE,FAIL,-,-,-,-
ve_ready/ve_matmul_00282_8384c57e,VE,FAIL,-,-,-,-
ve_ready/ve_matmul_00283_a6e8e86f,VE,OK,PASS,25538017000,0.025538,358
ve_ready/ve_matmul_00284_636d7c4f,VE,FAIL,-,-,-,-
ve_ready/ve_matmul_00285_b1c3cb9a,VE,FAIL,-,-,-,-
ve_ready/ve_matmul_00286_a8c31410,VE,FAIL,-,-,-,-
ve_ready/ve_matmul_00287_bb221de6,VE,FAIL,-,-,-,-
ve_ready/ve_matmul_00288_6a00ee3d,VE,FAIL,-,-,-,-
ve_ready/ve_matmul_00289_4b0f6918,VE,FAIL,-,-,-,-
ve_ready/ve_matmul_00290_b7e79919,VE,FAIL,-,-,-,-
ve_ready/ve_matmul_00291_d246204d,VE,FAIL,-,-,-,-
ve_ready/ve_matmul_00292_cce6983c,VE,FAIL,-,-,-,-
ve_ready/ve_matmul_00293_bced76a8,VE,OK,PANIC,-,-,502
ve_ready/ve_matmul_00294_94629f7c,VE,FAIL,-,-,-,-
ve_ready/ve_matmul_00295_fea4759d,VE,FAIL,-,-,-,-
ve_ready/ve_matmul_00296_941d9f63,VE,FAIL,-,-,-,-
ve_ready/ve_matmul_00297_94f84205,VE,FAIL,-,-,-,-
ve_ready/ve_matmul_00298_f2e94665,VE,OK,PASS,24295460000,0.024295,336
ve_ready/ve_matmul_00299_7ddd3c0f,VE,OK,PASS,99242535000,0.099243,1509
ve_ready/ve_matmul_00300_7aa5d60c,VE,FAIL,-,-,-,-
ve_ready/ve_matmul_00301_fc188ba9,VE,OK,TIMEOUT,-,-,1800
ve_ready/ve_matmul_00302_05d8c09e,VE,FAIL,-,-,-,-
ve_ready/ve_matmul_00303_8bf8a1dc,VE,FAIL,-,-,-,-
ve_ready/ve_matmul_00304_0c7a1a00,VE,FAIL,-,-,-,-
ve_ready/ve_matmul_00305_b28f9c0a,VE,FAIL,-,-,-,-
ve_ready/ve_matmul_00306_aacca17a,VE,FAIL,-,-,-,-
ve_ready/ve_matmul_00307_6c7fa574,VE,FAIL,-,-,-,-
ve_ready/ve_matmul_00308_6f4bf02e,VE,OK,TIMEOUT,-,-,1800
ve_ready/ve_matmul_00309_a4cab866,VE,FAIL,-,-,-,-
ve_ready/ve_matmul_00310_e0b64885,VE,FAIL,-,-,-,-
ve_ready/ve_matmul_00311_0cb2b047,VE,FAIL,-,-,-,-
ve_ready/ve_matmul_00312_09ff626f,VE,FAIL,-,-,-,-
ve_ready/ve_matmul_00313_e1a27164,VE,FAIL,-,-,-,-
ve_ready/ve_matmul_00314_9f51a76a,VE,FAIL,-,-,-,-
ve_ready/ve_matmul_00315_f27f63c6,VE,FAIL,-,-,-,-
ve_ready/ve_matmul_00316_b05182f4,VE,FAIL,-,-,-,-
ve_ready/ve_matmul_00317_74c1bde1,VE,OK,TIMEOUT,-,-,1800
ve_ready/ve_matmul_00318_c3d3a1da,VE,OK,TIMEOUT,-,-,1801
ve_ready/ve_matmul_00319_1f446e80,VE,OK,TIMEOUT,-,-,1800
ve_ready/ve_matmul_00320_74037ec4,VE,OK,TIMEOUT,-,-,1800
ve_ready/ve_matmul_00321_469927ec,VE,FAIL,-,-,-,-
ve_ready/ve_matmul_00322_11d21ba8,VE,FAIL,-,-,-,-
ve_ready/ve_matmul_00323_53aef8ed,VE,FAIL,-,-,-,-
ve_ready/ve_matmul_00324_a386c732,VE,OK,PASS,26087078000,0.026087,433
ve_ready/ve_matmul_00325_73d8d73c,VE,FAIL,-,-,-,-
ve_ready/ve_matmul_00326_c8b1f0b6,VE,FAIL,-,-,-,-
ve_ready/ve_matmul_00327_74f013a1,VE,OK,PASS,22414317500,0.022414,344
ve_ready/ve_matmul_00328_f1dba40b,VE,FAIL,-,-,-,-
ve_ready/ve_matmul_00329_d1a5901f,VE,FAIL,-,-,-,-
ve_ready/ve_matmul_00330_8c434ad3,VE,FAIL,-,-,-,-
ve_ready/ve_matmul_00331_3934f6d2,VE,FAIL,-,-,-,-
ve_ready/ve_matmul_00332_508dafe9,VE,FAIL,-,-,-,-
ve_ready/ve_matmul_00333_073cf926,VE,FAIL,-,-,-,-
ve_ready/ve_matmul_00334_59efaf01,VE,OK,TIMEOUT,-,-,1800
ve_ready/ve_matmul_00335_0b1f6af8,VE,FAIL,-,-,-,-
ve_ready/ve_matmul_00336_6a64f1c6,VE,FAIL,-,-,-,-
ve_ready/ve_matmul_00337_3e7ff3bd,VE,FAIL,-,-,-,-
ve_ready/ve_matmul_00338_87e636bd,VE,FAIL,-,-,-,-
ve_ready/ve_matmul_00339_f95c09de,VE,FAIL,-,-,-,-
ve_ready/ve_matmul_00340_5ffd45a3,VE,OK,TIMEOUT,-,-,1801
ve_ready/ve_matmul_00341_04616624,VE,FAIL,-,-,-,-
ve_ready/ve_matmul_00342_bb66802c,VE,FAIL,-,-,-,-
ve_ready/ve_matmul_00343_274e69c2,VE,FAIL,-,-,-,-
ve_ready/ve_matmul_00344_4b05116c,VE,OK,TIMEOUT,-,-,1800
ve_ready/ve_matmul_00345_dc7f6522,VE,FAIL,-,-,-,-
ve_ready/ve_matmul_00346_7ea9e6e4,VE,FAIL,-,-,-,-
ve_ready/ve_matmul_00347_1305d2aa,VE,FAIL,-,-,-,-
ve_ready/ve_matmul_00348_859b34f1,VE,FAIL,-,-,-,-
ve_ready/ve_matmul_00349_483f0bfc,VE,FAIL,-,-,-,-
ve_ready/ve_matmul_00350_a1da42cf,VE,FAIL,-,-,-,-
ve_ready/ve_matmul_00351_bb1f75e3,VE,FAIL,-,-,-,-
ve_ready/ve_matmul_00352_acd80729,VE,FAIL,-,-,-,-
ve_ready/ve_matmul_00353_4a326ed7,VE,FAIL,-,-,-,-
ve_ready/ve_matmul_00354_9bce1782,VE,FAIL,-,-,-,-
ve_ready/ve_matmul_00355_483940f6,VE,OK,PANIC,-,-,296
ve_ready/ve_matmul_00356_84d9d5d3,VE,FAIL,-,-,-,-
ve_ready/ve_matmul_00357_72f4d292,VE,OK,PANIC,-,-,410
ve_ready/ve_matmul_00358_f9f169c4,VE,FAIL,-,-,-,-
ve_ready/ve_matmul_00359_6ffb7019,VE,OK,PASS,15069828000,0.015070,242
ve_ready/ve_matmul_00360_45b66d27,VE,FAIL,-,-,-,-
ve_ready/ve_matmul_00361_211f0018,VE,FAIL,-,-,-,-
ve_ready/ve_matmul_00362_a48bad7d,VE,FAIL,-,-,-,-
ve_ready/ve_matmul_00363_b0ea40b6,VE,FAIL,-,-,-,-
ve_ready/ve_matmul_00364_3cd278d6,VE,FAIL,-,-,-,-
ve_ready/ve_matmul_00365_1fc6db07,VE,OK,RUN-FAIL,-,-,1277
ve_ready/ve_matmul_00366_63cf5293,VE,FAIL,-,-,-,-
ve_ready/ve_matmul_00367_a07193af,VE,FAIL,-,-,-,-
ve_ready/ve_matmul_00368_760b4f30,VE,FAIL,-,-,-,-
ve_ready/ve_matmul_00369_8233f0f0,VE,FAIL,-,-,-,-
ve_ready/ve_matmul_00370_e20834e7,VE,OK,PANIC,-,-,276
ve_ready/ve_matmul_00371_c3dc2096,VE,FAIL,-,-,-,-
ve_ready/ve_matmul_00372_85c30d67,VE,FAIL,-,-,-,-
ve_ready/ve_matmul_00373_5ef1a9a4,VE,FAIL,-,-,-,-
ve_ready/ve_matmul_00374_99141475,VE,FAIL,-,-,-,-
ve_ready/ve_matmul_00375_998077f2,VE,FAIL,-,-,-,-
ve_ready/ve_matmul_00376_e5484fea,VE,FAIL,-,-,-,-
ve_ready/ve_matmul_00377_796f81c6,VE,FAIL,-,-,-,-
ve_ready/ve_matmul_00378_61d18f5f,VE,OK,TIMEOUT,-,-,1800
ve_ready/ve_matmul_00379_35c77981,VE,FAIL,-,-,-,-
ve_ready/ve_matmul_00380_b47db571,VE,OK,TIMEOUT,-,-,1800
ve_ready/ve_matmul_00381_10dae869,VE,FAIL,-,-,-,-
ve_ready/ve_matmul_00382_5fad3157,VE,OK,TIMEOUT,-,-,1800
ve_ready/ve_matmul_00383_5d809139,VE,FAIL,-,-,-,-
ve_ready/ve_matmul_00384_fa8cc65d,VE,FAIL,-,-,-,-
ve_ready/ve_matmul_00385_674b97d8,VE,OK,TIMEOUT,-,-,1800
ve_ready/ve_matmul_00386_83344153,VE,FAIL,-,-,-,-
ve_ready/ve_matmul_00387_f73a01cb,VE,OK,TIMEOUT,-,-,1800
ve_ready/ve_matmul_00388_365791b7,VE,FAIL,-,-,-,-
ve_ready/ve_matmul_00389_56661c6a,VE,FAIL,-,-,-,-
ve_ready/ve_matmul_00390_522b4886,VE,OK,TIMEOUT,-,-,1800
ve_ready/ve_matmul_00391_deca8aa1,VE,OK,TIMEOUT,-,-,1800
ve_ready/ve_matmul_00392_2c49ad83,VE,FAIL,-,-,-,-
ve_ready/ve_matmul_00393_f60ec81d,VE,FAIL,-,-,-,-
ve_ready/ve_matmul_00394_c96ca832,VE,FAIL,-,-,-,-
ve_ready/ve_matmul_00395_981a8892,VE,FAIL,-,-,-,-
ve_ready/ve_matmul_00396_bc0d94df,VE,FAIL,-,-,-,-
ve_ready/ve_matmul_00397_070c1454,VE,FAIL,-,-,-,-
ve_ready/ve_matmul_00398_eb42b443,VE,OK,TIMEOUT,-,-,1800
ve_ready/ve_matmul_00399_fa8f0e3f,VE,FAIL,-,-,-,-
ve_ready/ve_matmul_00400_3f3bac37,VE,FAIL,-,-,-,-
ve_ready/ve_matmul_00401_78c09126,VE,FAIL,-,-,-,-
ve_ready/ve_matmul_00402_a9af5ccd,VE,FAIL,-,-,-,-
ve_ready/ve_matmul_00403_7386e543,VE,OK,TIMEOUT,-,-,1800
ve_ready/ve_matmul_00404_58f9e2af,VE,OK,TIMEOUT,-,-,1800
ve_ready/ve_matmul_00405_627ca9bb,VE,FAIL,-,-,-,-
ve_ready/ve_matmul_00406_e3ef95d1,VE,OK,TIMEOUT,-,-,1800
ve_ready/ve_matmul_00407_008cbbe3,VE,FAIL,-,-,-,-
ve_ready/ve_matmul_00408_1bcc84fc,VE,FAIL,-,-,-,-
ve_ready/ve_matmul_00409_68c162ba,VE,FAIL,-,-,-,-
ve_ready/ve_select_00000_5ae8f4be,VE,OK,PASS,216832000,0.000217,13
ve_ready/ve_select_00001_b236d0ff,VE,OK,PASS,406261500,0.000406,17
ve_ready/ve_select_00008_62456d35,VE,OK,PASS,225317500,0.000225,13
ve_ready/ve_select_00016_9287106c,VE,OK,PASS,245825500,0.000246,13
ve_ready/ve_select_00023_34b48e92,VE,OK,PASS,266489500,0.000266,13
ve_ready/ve_select_00027_166c35ba,VE,OK,PASS,225888500,0.000226,12
ve_ready/ve_select_00028_dfe40380,VE,OK,PASS,302724500,0.000303,14
ve_ready/ve_select_00031_3a949d0f,VE,OK,PASS,219807000,0.000220,13
ve_ready/ve_select_00032_45aa8bc4,VE,OK,PASS,300729000,0.000301,14
ve_ready/ve_select_00038_35ff9d85,VE,OK,PASS,248499500,0.000248,13
ve_ready/ve_select_00039_9a136bde,VE,OK,PASS,222057500,0.000222,13
ve_ready/ve_select_00050_2906231d,VE,OK,PASS,220718500,0.000221,13
ve_ready/ve_select_00057_e021bda9,VE,OK,PASS,2532825500,0.002533,50
ve_ready/ve_select_00059_fdea060a,VE,OK,PASS,284041500,0.000284,14
ve_ready/ve_select_00068_1bc9390a,VE,OK,PASS,293036000,0.000293,14
ve_ready/ve_select_00069_f1d6ae85,VE,OK,PASS,1179718500,0.001180,28
ve_ready/ve_select_00077_9c40ede8,VE,OK,PASS,225467000,0.000225,13
ve_ready/ve_select_00085_10ac689d,VE,OK,PASS,224736000,0.000225,13
ve_ready/ve_select_00086_71bde758,VE,OK,PASS,1548925000,0.001549,32
ve_ready/ve_select_00092_dc412842,VE,OK,PASS,323985000,0.000324,15
ve_ready/ve_select_00093_20fe6fe0,VE,OK,PASS,222697000,0.000223,13
ve_ready/ve_select_00095_109fa06a,VE,OK,PASS,225249000,0.000225,13
ve_ready/ve_select_00102_0ac9bc9f,VE,OK,PASS,3595705500,0.003596,70
ve_ready/ve_select_00106_3db962b6,VE,OK,PASS,219564000,0.000220,13
ve_ready/ve_select_00107_09fb5043,VE,OK,PASS,220477500,0.000220,13
ve_ready/ve_select_00116_50bbb377,VE,OK,PASS,226533000,0.000227,14
ve_ready/ve_select_00118_ef0612a1,VE,OK,PASS,412681000,0.000413,16
ve_ready/ve_select_00120_dde7769d,VE,OK,PASS,388583500,0.000389,15
ve_ready/ve_select_00125_c9f5b51d,VE,OK,PASS,274811500,0.000275,14
ve_ready/ve_select_00127_f541d052,VE,OK,PASS,236813500,0.000237,13
ve_ready/ve_select_00134_828c51ec,VE,OK,PASS,303263500,0.000303,14
ve_ready/ve_select_00136_f1be7e03,VE,OK,PASS,231422500,0.000231,13
ve_ready/ve_select_00141_f6a77aeb,VE,OK,PASS,394275500,0.000394,15
ve_ready/ve_select_00144_2c37ef9a,VE,OK,PASS,242351500,0.000242,13
ve_ready/ve_select_00151_81bfc114,VE,OK,PASS,242552500,0.000243,14
ve_ready/ve_select_00152_dd69ea05,VE,OK,PASS,228200500,0.000228,13
ve_ready/ve_select_00154_f2ccb8bd,VE,OK,PASS,214164500,0.000214,13
ve_ready/ve_select_00156_83ffdc6e,VE,OK,PASS,641426500,0.000641,18
ve_ready/ve_select_00163_5ca43a98,VE,OK,PASS,217034000,0.000217,13
ve_ready/ve_select_00166_9b268f66,VE,OK,PASS,225138000,0.000225,13
ve_ready/ve_select_00168_5ed3c6f9,VE,OK,PASS,222392500,0.000222,13
ve_ready/ve_select_00179_aae7e240,VE,OK,PASS,222588000,0.000223,12
ve_ready/ve_select_00181_ff3d58d5,VE,OK,PASS,431595000,0.000432,16
ve_ready/ve_select_00186_22ece277,VE,OK,PASS,233172500,0.000233,14
ve_ready/ve_select_00187_ed3bae05,VE,OK,PASS,219001500,0.000219,13
ve_ready/ve_select_00188_a26806e2,VE,OK,PASS,217890000,0.000218,13
ve_ready/ve_select_00190_a9b688ff,VE,OK,PASS,1869795500,0.001870,40
ve_ready/ve_select_00193_9247e96a,VE,OK,PASS,221933500,0.000222,13
ve_ready/ve_select_00199_86b38200,VE,OK,PASS,265322500,0.000265,14
ve_ready/ve_select_00202_49b37b8e,VE,OK,PASS,227635500,0.000228,14
ve_ready/ve_select_00204_1ef26c45,VE,OK,PASS,233539000,0.000234,13
ve_ready/ve_select_00206_b7f66d78,VE,OK,PASS,222895500,0.000223,13
ve_ready/ve_select_00208_4121f31b,VE,OK,PASS,240316500,0.000240,14
ve_ready/ve_select_00210_71e6a61d,VE,OK,PASS,218521500,0.000219,13
ve_ready/ve_select_00212_43568d5a,VE,OK,PASS,260659000,0.000261,14
ve_ready/ve_select_00214_60d36dc1,VE,OK,PASS,340338500,0.000340,15
ve_ready/ve_select_00216_c7128f2c,VE,OK,PASS,228676500,0.000229,13
ve_ready/ve_select_00217_c8e6376d,VE,OK,PASS,223927500,0.000224,13
ve_ready/ve_select_00219_1c9d4572,VE,OK,PASS,227033500,0.000227,13
ve_ready/ve_select_00235_4d4ff3ee,VE,OK,PASS,222043000,0.000222,13
ve_ready/ve_select_00241_962c237b,VE,OK,PASS,224207000,0.000224,14
ve_ready/ve_select_00246_831af989,VE,OK,PASS,218650000,0.000219,13
ve_ready/ve_select_00249_c546d17b,VE,OK,PASS,226861500,0.000227,13
ve_ready/ve_select_00256_1fd8a376,VE,OK,PASS,225316000,0.000225,13
ve_ready/ve_select_00258_9886664a,VE,OK,PASS,226164500,0.000226,13
ve_ready/ve_select_00259_c77ca0f5,VE,OK,PASS,217590500,0.000218,13
ve_ready/ve_select_00260_29a6fb45,VE,OK,PASS,2076636000,0.002077,32
ve_ready/ve_select_00261_db185989,VE,OK,PASS,235101500,0.000235,14
ve_ready/ve_select_00264_ad058245,VE,OK,PASS,224585500,0.000225,13
ve_ready/ve_select_00277_78c048ca,VE,OK,PASS,222482500,0.000222,13
ve_ready/ve_select_00283_4857e755,VE,OK,PASS,858446000,0.000858,21
ve_ready/ve_select_00290_9220eadb,VE,OK,PASS,251408500,0.000251,14
ve_ready/ve_select_00291_cf058b9f,VE,OK,PASS,408593000,0.000409,16
ve_ready/ve_select_00299_73aa957e,VE,OK,PASS,225213500,0.000225,13
ve_ready/ve_transpose_00000_6518981d,VE,OK,PASS,572650500,0.000573,19
ve_ready/ve_transpose_00001_2c37983e,VE,OK,PASS,397514500,0.000398,15
ve_ready/ve_transpose_00002_0996e1a8,VE,OK,PASS,4075119500,0.004075,77
ve_ready/ve_transpose_00003_41dc6609,VE,OK,PASS,243003000,0.000243,14
ve_ready/ve_transpose_00004_9d736fea,VE,OK,PASS,239333500,0.000239,14
ve_ready/ve_transpose_00005_8fefa8c2,VE,OK,PASS,674488000,0.000674,18
ve_ready/ve_transpose_00006_543cd5a5,VE,OK,PASS,5379959000,0.005380,78
ve_ready/ve_transpose_00007_32850a14,VE,OK,PASS,535306500,0.000535,17
ve_ready/ve_transpose_00008_183bac68,VE,OK,PASS,338213000,0.000338,15
ve_ready/ve_transpose_00009_61a89884,VE,OK,PASS,1014742500,0.001015,25
ve_ready/ve_transpose_00010_0a9c8e32,VE,OK,PASS,459213500,0.000459,17
ve_ready/ve_transpose_00011_70e9bf6b,VE,OK,PASS,264178000,0.000264,14
ve_ready/ve_transpose_00012_443a7746,VE,OK,PASS,258640500,0.000259,14
ve_ready/ve_transpose_00013_5a7fcd68,VE,OK,PASS,1325664500,0.001326,30
ve_ready/ve_transpose_00014_29dd3703,VE,OK,PASS,4563501000,0.004564,65
ve_ready/ve_transpose_00015_56b0d794,VE,OK,PASS,844169000,0.000844,21
ve_ready/ve_transpose_00016_1accd245,VE,OK,PASS,235613000,0.000236,14
ve_ready/ve_transpose_00017_ca632db2,VE,OK,PASS,340887000,0.000341,15
ve_ready/ve_transpose_00018_bd207a77,VE,OK,PASS,223443000,0.000223,13
ve_ready/ve_transpose_00019_74593289,VE,OK,PASS,352394000,0.000352,16
ve_ready/ve_transpose_00020_86eb5f60,VE,OK,PASS,537854000,0.000538,19
ve_ready/ve_transpose_00021_071e40df,VE,OK,PASS,315396500,0.000315,15
ve_ready/ve_transpose_00022_c2e43638,VE,OK,PASS,244644000,0.000245,13
ve_ready/ve_transpose_00023_1267fd75,VE,OK,PASS,331340000,0.000331,15
ve_ready/ve_transpose_00024_0a0face0,VE,OK,PASS,250038500,0.000250,14
ve_ready/ve_transpose_00025_4feec05e,VE,OK,PASS,1545364500,0.001545,35
ve_ready/ve_transpose_00026_82e96712,VE,OK,PASS,264228500,0.000264,13
ve_ready/ve_transpose_00027_74353253,VE,OK,PASS,641984000,0.000642,20
ve_ready/ve_transpose_00028_049206d2,VE,OK,PASS,243269000,0.000243,14
ve_ready/ve_transpose_00029_b159e9c0,VE,OK,PASS,493184000,0.000493,16
ve_ready/ve_transpose_00030_5ba05059,VE,OK,PASS,351967000,0.000352,16
ve_ready/ve_transpose_00031_911ca6bb,VE,OK,PASS,3259838000,0.003260,63
ve_ready/ve_transpose_00032_f99e3005,VE,OK,PASS,497138000,0.000497,18
ve_ready/ve_transpose_00033_25860043,VE,OK,PASS,234341500,0.000234,14
ve_ready/ve_transpose_00034_c8ccfe37,VE,OK,PASS,2358866500,0.002359,51
ve_ready/ve_transpose_00035_713906c1,VE,OK,PASS,592477000,0.000592,18
ve_ready/ve_transpose_00036_62d4d93b,VE,OK,PASS,1245357500,0.001245,31
ve_ready/ve_transpose_00037_060c07b1,VE,OK,PASS,484039500,0.000484,16
ve_ready/ve_transpose_00038_8a0e6fd0,VE,OK,PASS,244460000,0.000244,13
ve_ready/ve_transpose_00039_5dee956a,VE,OK,PASS,375448000,0.000375,15
ve_ready/ve_transpose_00040_a95ce8e6,VE,OK,PASS,237468500,0.000237,13
ve_ready/ve_transpose_00041_92e84eff,VE,OK,PASS,321739000,0.000322,14
ve_ready/ve_transpose_00042_e35b4648,VE,OK,PASS,231356500,0.000231,13
ve_ready/ve_transpose_00043_4fff278a,VE,OK,PASS,720057500,0.000720,21
ve_ready/ve_transpose_00044_b4b71821,VE,OK,PASS,225863500,0.000226,13
ve_ready/ve_transpose_00045_5989391b,VE,OK,PASS,10301119500,0.010301,179
ve_ready/ve_transpose_00046_c6231c7b,VE,OK,PASS,4758618000,0.004759,90
ve_ready/ve_transpose_00047_67b17af4,VE,OK,PASS,225233000,0.000225,14
ve_ready/ve_transpose_00048_0b15a99d,VE,OK,PASS,943530500,0.000944,24
ve_ready/ve_transpose_00049_697e1a4b,VE,OK,PASS,221589000,0.000222,13
ve_ready/ve_transpose_00050_f14f487c,VE,OK,PASS,594012000,0.000594,19
ve_ready/ve_transpose_00051_733641eb,VE,OK,PASS,938447500,0.000938,28
ve_ready/ve_transpose_00052_d1661f6a,VE,OK,PASS,243183500,0.000243,14
ve_ready/ve_transpose_00053_0c4075a0,VE,OK,PASS,2271600000,0.002272,36
ve_ready/ve_transpose_00054_099865f3,VE,OK,PASS,1932297000,0.001932,38
ve_ready/ve_transpose_00055_f8ec42b9,VE,OK,PASS,3123553500,0.003124,50
ve_ready/ve_transpose_00056_bd3ad51e,VE,OK,PASS,221182000,0.000221,13
ve_ready/ve_transpose_00057_2a26b875,VE,OK,PASS,454394500,0.000454,17
ve_ready/ve_transpose_00058_50da857a,VE,OK,PASS,230695000,0.000231,13
ve_ready/ve_transpose_00059_db346aba,VE,OK,PASS,481944000,0.000482,16
ve_ready/ve_transpose_00060_d8a6275d,VE,OK,PASS,228477500,0.000228,13
ve_ready/ve_transpose_00061_cae53bfe,VE,OK,PASS,563915000,0.000564,18
ve_ready/ve_transpose_00062_3d21a762,VE,OK,PASS,1458468000,0.001458,32
ve_ready/ve_transpose_00063_46d2a8ac,VE,OK,PASS,5386972000,0.005387,105
ve_ready/ve_transpose_00064_605331af,VE,OK,PASS,259145500,0.000259,13
ve_ready/ve_transpose_00065_eb131945,VE,OK,PASS,564605000,0.000565,18
ve_ready/ve_transpose_00066_b0b42f16,VE,OK,PASS,671158500,0.000671,20
ve_ready/ve_transpose_00067_5379e402,VE,OK,PASS,221074000,0.000221,14
ve_ready/ve_transpose_00068_6a1553bd,VE,OK,PASS,1263438000,0.001263,35
ve_ready/ve_transpose_00069_9291e2b4,VE,OK,PASS,5586124000,0.005586,103
ve_ready/ve_transpose_00070_09d296ea,VE,OK,PASS,1165483500,0.001165,34
ve_ready/ve_transpose_00071_a3e31c66,VE,OK,PASS,3433483500,0.003433,67
ve_ready/ve_transpose_00072_26fd4162,VE,OK,PASS,228227500,0.000228,13
ve_ready/ve_transpose_00073_91fe1f7f,VE,OK,PASS,257884500,0.000258,13
ve_ready/ve_transpose_00074_8ef0306b,VE,OK,PASS,365980500,0.000366,16
ve_ready/ve_transpose_00075_336a9364,VE,OK,PASS,497917500,0.000498,19
ve_ready/ve_transpose_00076_00082e3b,VE,OK,PASS,233661000,0.000234,13
ve_ready/ve_transpose_00077_a2757f59,VE,OK,PASS,259589500,0.000260,14
ve_ready/ve_transpose_00078_7ea75ad1,VE,OK,PASS,373542500,0.000374,15
ve_ready/ve_transpose_00079_ab197712,VE,OK,PASS,793942500,0.000794,20
ve_ready/ve_transpose_00080_bb015a11,VE,OK,PASS,23197062000,0.023197,379
ve_ready/ve_transpose_00081_4c4880cd,VE,OK,PASS,761684500,0.000762,19
ve_ready/ve_transpose_00082_dc8f0d10,VE,OK,PASS,220588500,0.000221,13
ve_ready/ve_transpose_00083_0347ffd7,VE,OK,PASS,3555214000,0.003555,75
ve_ready/ve_transpose_00084_7c9bb618,VE,OK,PASS,10996237000,0.010996,187
ve_ready/ve_transpose_00085_ca209505,VE,OK,PASS,266482000,0.000266,14
ve_ready/ve_transpose_00086_0c73e4ce,VE,OK,PASS,1085783500,0.001086,23
ve_ready/ve_transpose_00087_200391bc,VE,OK,PASS,219905000,0.000220,13
ve_ready/ve_transpose_00088_3ce0966f,VE,OK,PASS,1269891000,0.001270,32
ve_ready/ve_transpose_00089_7130ae52,VE,OK,PASS,220395500,0.000220,14
ve_ready/ve_transpose_00090_942dce45,VE,OK,PASS,297477000,0.000297,14
ve_ready/ve_transpose_00091_a2238edb,VE,OK,PASS,222893000,0.000223,13
ve_ready/ve_transpose_00092_f0598f17,VE,OK,PASS,253645500,0.000254,14
ve_ready/ve_transpose_00093_b95e93d0,VE,OK,PASS,397504000,0.000398,16
ve_ready/ve_transpose_00094_af5afdbe,VE,OK,PASS,715777000,0.000716,24
ve_ready/ve_transpose_00095_e6ad6388,VE,OK,PASS,223147500,0.000223,13
ve_ready/ve_transpose_00096_13813bd9,VE,OK,PASS,7836168000,0.007836,108
ve_ready/ve_transpose_00097_c4a65700,VE,OK,PASS,230621000,0.000231,14
ve_ready/ve_transpose_00098_6696a640,VE,OK,PASS,292715000,0.000293,14
ve_ready/ve_transpose_00099_4a55f758,VE,OK,PASS,354128000,0.000354,15
ve_ready/ve_transpose_00100_272b572f,VE,OK,PASS,259215000,0.000259,14
ve_ready/ve_transpose_00101_20290416,VE,OK,PASS,565445000,0.000565,19
ve_ready/ve_transpose_00102_0d3834dc,VE,OK,PASS,266842000,0.000267,14
ve_ready/ve_transpose_00103_bd52f7ec,VE,OK,PASS,359699500,0.000360,17
ve_ready/ve_transpose_00104_d87c9e00,VE,OK,PASS,320323500,0.000320,15
ve_ready/ve_transpose_00105_fa243203,VE,OK,PASS,526638000,0.000527,18
ve_ready/ve_transpose_00106_a306c402,VE,OK,PASS,1684031000,0.001684,29
ve_ready/ve_transpose_00107_bbd15ac7,VE,OK,PASS,306695000,0.000307,14
ve_ready/ve_transpose_00108_bc36faa8,VE,OK,PASS,324758500,0.000325,15
ve_ready/ve_transpose_00109_96e62dff,VE,OK,PASS,251904000,0.000252,13
ve_ready/ve_transpose_00110_93b361ec,VE,OK,PASS,317431500,0.000317,15
ve_ready/ve_transpose_00111_f3882d58,VE,OK,PASS,2849708500,0.002850,56
ve_ready/ve_transpose_00112_871649b1,VE,OK,PASS,248802500,0.000249,13
ve_ready/ve_transpose_00113_69c16656,VE,OK,PASS,1239045000,0.001239,27
ve_ready/ve_transpose_00114_dfedc72b,VE,OK,PASS,660858500,0.000661,20
ve_ready/ve_transpose_00115_7e0cb6ee,VE,OK,PASS,275992000,0.000276,14
ve_ready/ve_transpose_00116_de7bc205,VE,OK,PASS,270125500,0.000270,14
ve_ready/ve_transpose_00117_18a25c8f,VE,OK,PASS,571560500,0.000572,20
ve_ready/ve_transpose_00118_69c760a2,VE,OK,PASS,419805000,0.000420,17
ve_ready/ve_transpose_00119_52c09c44,VE,OK,PASS,525694000,0.000526,16
ve_ready/ve_transpose_00120_cd2d2394,VE,OK,PASS,412599500,0.000413,16
ve_ready/ve_transpose_00121_a8edd63f,VE,OK,PASS,619078500,0.000619,20
ve_ready/ve_transpose_00122_4945a12e,VE,OK,PASS,623742000,0.000624,22
ve_ready/ve_transpose_00123_c46d2594,VE,OK,PASS,229527000,0.000230,13
ve_ready/ve_transpose_00124_c51d8e0b,VE,OK,PASS,388154500,0.000388,16
ve_ready/ve_transpose_00125_6cd7776b,VE,OK,PASS,340197500,0.000340,15
ve_ready/ve_transpose_00126_3f19e7ec,VE,OK,PASS,409444000,0.000409,17
ve_ready/ve_transpose_00127_b3aab8d7,VE,OK,PASS,651029000,0.000651,19
ve_ready/ve_transpose_00128_c688a8a4,VE,OK,PASS,888340000,0.000888,24
ve_ready/ve_transpose_00129_739d0105,VE,OK,PASS,341483000,0.000341,16
ve_ready/ve_transpose_00130_20426794,VE,OK,PASS,3348588000,0.003349,78
ve_ready/ve_transpose_00131_d55d3ea1,VE,OK,PASS,448520500,0.000449,15
ve_ready/ve_transpose_00132_2b0214a6,VE,OK,PASS,227570500,0.000228,13
ve_ready/ve_transpose_00133_d5b8478f,VE,OK,PASS,760624000,0.000761,23
ve_ready/ve_transpose_00134_5280a6ef,VE,OK,PASS,247550500,0.000248,13
ve_ready/ve_transpose_00135_024ad2c2,VE,OK,PASS,276869000,0.000277,14
ve_ready/ve_transpose_00136_1a910f8f,VE,OK,PASS,232328000,0.000232,13
ve_ready/ve_transpose_00137_24787063,VE,OK,PASS,276398500,0.000276,14
ve_ready/ve_transpose_00138_bc72ee1c,VE,OK,PASS,430407000,0.000430,16
ve_ready/ve_transpose_00139_1dfbca82,VE,OK,PASS,241363000,0.000241,14
ve_ready/ve_transpose_00140_03ed5301,VE,OK,PASS,2808076000,0.002808,63
ve_ready/ve_transpose_00141_925f915e,VE,OK,PASS,222668500,0.000223,13
ve_ready/ve_transpose_00142_5b2c5002,VE,OK,PASS,232528500,0.000233,13
ve_ready/ve_transpose_00143_e71328d6,VE,OK,PASS,246849000,0.000247,13
ve_ready/ve_transpose_00144_22f0ee89,VE,OK,PASS,1918432000,0.001918,43
ve_ready/ve_transpose_00145_223429ff,VE,OK,PASS,821305000,0.000821,25
ve_ready/ve_transpose_00146_8c0c1bc3,VE,OK,PASS,256121500,0.000256,13
ve_ready/ve_transpose_00147_4b20652c,VE,OK,PASS,250519500,0.000251,13
ve_ready/ve_transpose_00148_7693862e,VE,OK,PASS,678658000,0.000679,20
ve_ready/ve_transpose_00149_280d493c,VE,OK,PASS,403228000,0.000403,14
